{"crs":{"type":"name","properties":{"name":"urn:unmap:image-pixels"}},"type":"FeatureCollection","features":[{"geometry":{"type":"Polygon","coordinates":[[[1595.5,331.5],[1597.6,336.5],[1596.6,340.1],[1598.5,340.8],[1599.7,340.2],[1603.2,340.8],[1605.2,339.4],[1609.2,342.9],[1620.4,342.6],[1623.6,340.8],[1627.9,342.9],[1632.1,343.6],[1633.1,342.9],[1632.8,341.7],[1629.2,338.9],[1630.0,336.4],[1624.9,334.2],[1624.3,331.4],[1621.8,331.0],[1619.5,329.6],[1617.9,330.5],[1616.9,329.4],[1610.7,330.7],[1609.4,328.8],[1604.1,326.0],[1593.0,325.2],[1590.4,323.9],[1583.6,324.5],[1589.3,327.9],[1595.5,331.5]]]},"type":"Feature","properties":{"status":"nogroup","iso2":"GE","name":"Georgia","id":"Georgia"}},{"geometry":{"type":"Polygon","coordinates":[[[1849.8,400.4],[1857.1,398.3],[1859.7,394.8],[1863.8,392.0],[1857.1,391.2],[1854.9,390.0],[1854.0,388.4],[1851.8,389.1],[1849.3,387.0],[1847.5,382.0],[1841.7,379.0],[1839.9,379.7],[1837.9,378.6],[1833.9,380.4],[1831.4,379.7],[1821.9,381.0],[1818.9,383.7],[1817.1,384.3],[1815.5,386.6],[1815.5,387.4],[1818.8,390.9],[1820.0,394.5],[1816.4,400.2],[1818.0,402.2],[1817.4,404.4],[1815.2,405.2],[1809.6,405.0],[1813.3,410.8],[1811.8,412.2],[1808.3,413.3],[1808.5,416.2],[1807.5,418.4],[1808.3,421.7],[1807.9,424.0],[1805.8,425.5],[1803.0,423.6],[1802.6,424.3],[1800.5,424.0],[1796.6,426.3],[1798.1,428.0],[1795.3,428.9],[1791.6,428.5],[1788.7,432.4],[1788.9,438.6],[1789.6,439.9],[1789.1,440.8],[1781.5,443.1],[1776.9,443.1],[1773.2,444.4],[1769.4,443.7],[1760.2,444.1],[1749.6,440.6],[1757.8,450.9],[1765.3,454.8],[1766.9,463.0],[1770.5,463.9],[1770.1,468.0],[1764.4,469.2],[1763.7,470.9],[1762.2,471.1],[1761.0,472.3],[1760.1,477.2],[1760.6,481.6],[1762.3,482.0],[1764.0,480.8],[1765.6,481.9],[1766.1,481.0],[1768.5,480.5],[1773.7,481.0],[1774.0,479.7],[1777.8,479.7],[1777.5,479.0],[1782.7,481.2],[1782.9,480.4],[1784.4,479.9],[1793.8,478.7],[1795.7,479.2],[1794.9,478.2],[1793.0,478.6],[1793.5,477.7],[1794.6,477.5],[1797.2,480.2],[1797.9,483.7],[1801.8,485.0],[1803.2,488.4],[1802.9,489.7],[1804.8,490.8],[1804.8,492.0],[1805.8,492.0],[1805.8,493.1],[1807.3,492.9],[1807.3,492.1],[1808.7,493.3],[1808.5,491.9],[1810.0,493.3],[1810.8,491.9],[1813.5,491.5],[1813.7,488.6],[1822.5,490.0],[1826.2,487.8],[1828.6,489.2],[1831.1,487.8],[1830.1,486.5],[1830.6,485.4],[1829.8,483.4],[1827.2,479.5],[1826.8,476.9],[1823.0,476.2],[1822.0,470.0],[1817.5,468.0],[1816.7,467.0],[1816.7,464.9],[1821.8,456.7],[1823.0,456.6],[1825.6,459.2],[1832.4,457.0],[1834.9,453.3],[1835.9,450.2],[1839.8,446.6],[1841.7,440.1],[1845.1,438.0],[1844.3,436.2],[1844.8,434.8],[1849.1,430.0],[1848.1,429.4],[1846.9,424.0],[1851.7,420.7],[1852.1,419.6],[1847.4,417.8],[1846.1,415.9],[1844.0,415.1],[1843.5,413.8],[1841.0,412.1],[1841.3,409.2],[1839.5,407.3],[1841.3,405.0],[1838.0,404.3],[1838.7,402.8],[1836.8,401.8],[1837.6,399.5],[1839.8,398.0],[1849.2,399.9],[1849.8,400.4]]]},"type":"Feature","properties":{"status":"nogroup","iso2":"PK","name":"Pakistan","id":"Pakistan"}},{"geometry":{"type":"MultiPolygon","coordinates":[[[[2027.3,648.7],[2026.2,648.1],[2027.1,648.9],[2027.3,648.7]]],[[[2125.4,665.9],[2126.4,666.6],[2125.6,666.6],[2125.8,667.2],[2127.3,665.9],[2125.9,663.2],[2124.7,664.5],[2124.8,665.7],[2125.4,665.9]]],[[[2035.5,678.4],[2036.8,678.0],[2033.8,676.0],[2033.1,674.7],[2031.3,674.1],[2031.5,675.7],[2035.1,677.8],[2035.5,678.4]]],[[[2043.3,680.4],[2042.7,679.8],[2042.0,680.0],[2043.5,681.2],[2043.3,680.4]]],[[[2076.5,681.1],[2075.3,681.0],[2074.5,681.8],[2075.1,683.8],[2076.6,683.9],[2077.0,681.5],[2076.5,681.1]]],[[[2052.2,684.9],[2052.9,684.9],[2052.9,684.5],[2052.7,684.5],[2052.2,684.9]]],[[[2079.5,685.8],[2082.9,688.1],[2082.7,685.9],[2079.3,684.9],[2079.5,685.8]]],[[[2082.2,687.7],[2080.8,686.8],[2081.0,689.6],[2082.4,690.8],[2082.8,688.6],[2082.2,687.7]]],[[[2094.8,688.7],[2094.2,690.3],[2095.5,689.5],[2095.3,688.8],[2094.8,688.7]]],[[[2089.3,689.9],[2089.6,690.1],[2090.1,690.1],[2089.3,689.4],[2089.3,689.9]]],[[[2047.5,693.5],[2047.8,690.3],[2046.1,687.9],[2044.2,686.2],[2041.9,686.6],[2047.0,694.0],[2047.5,693.5]]],[[[2098.0,688.9],[2096.5,690.1],[2097.9,690.5],[2098.6,691.7],[2099.5,690.1],[2098.9,689.3],[2098.0,688.9]]],[[[2094.0,690.4],[2093.7,690.3],[2093.2,690.5],[2094.0,690.9],[2094.0,690.4]]],[[[2086.8,690.1],[2084.9,689.3],[2084.4,690.1],[2083.2,689.3],[2082.8,691.7],[2087.1,692.9],[2086.6,691.4],[2084.4,690.1],[2088.1,691.6],[2087.6,690.9],[2086.8,690.1]]],[[[2096.0,691.5],[2095.7,691.3],[2095.2,691.4],[2095.8,692.1],[2096.0,691.5]]],[[[2089.6,692.5],[2090.3,693.3],[2090.6,692.6],[2089.4,691.9],[2089.6,692.5]]],[[[2087.9,693.7],[2088.3,694.5],[2089.1,693.9],[2088.1,693.2],[2087.9,693.7]]],[[[2054.2,697.5],[2052.6,697.9],[2054.6,697.8],[2054.2,697.5]]],[[[2098.8,697.8],[2099.2,698.2],[2099.9,698.7],[2098.7,697.1],[2098.8,697.8]]],[[[2097.5,698.0],[2097.7,698.2],[2098.2,698.4],[2097.7,697.6],[2097.5,698.0]]],[[[2043.7,653.5],[2041.6,654.2],[2039.7,653.3],[2034.4,653.7],[2028.4,650.1],[2026.8,650.7],[2026.0,652.3],[2027.0,655.5],[2030.1,659.6],[2036.0,665.8],[2040.0,667.6],[2043.1,672.8],[2045.3,674.8],[2046.3,678.7],[2049.1,680.1],[2054.3,684.2],[2057.4,696.6],[2061.9,699.4],[2063.0,702.3],[2066.8,707.2],[2066.7,708.9],[2070.2,715.1],[2071.1,720.0],[2076.1,727.1],[2079.9,730.4],[2081.7,734.0],[2091.5,742.2],[2097.7,750.0],[2098.3,749.6],[2097.6,746.5],[2101.8,748.6],[2102.6,748.0],[2102.9,746.2],[2105.2,748.8],[2106.6,749.3],[2108.2,738.3],[2107.6,735.7],[2108.7,732.4],[2107.9,730.3],[2109.7,725.4],[2107.5,723.4],[2106.7,719.9],[2101.3,719.5],[2100.9,718.7],[2098.6,722.3],[2099.8,720.3],[2099.0,719.7],[2101.0,717.3],[2098.8,715.6],[2097.3,708.7],[2092.5,707.8],[2090.0,705.2],[2089.6,702.9],[2091.1,703.1],[2089.4,702.1],[2090.6,701.1],[2089.1,701.2],[2093.1,699.0],[2092.7,697.4],[2089.6,694.8],[2084.8,697.2],[2082.6,697.0],[2086.1,696.1],[2087.1,694.8],[2086.9,693.5],[2082.5,692.2],[2080.6,690.1],[2079.4,686.6],[2077.3,684.8],[2075.0,684.3],[2073.3,681.0],[2070.5,679.2],[2069.9,680.3],[2071.0,683.2],[2069.8,681.3],[2067.1,679.5],[2064.9,675.5],[2064.7,677.1],[2063.6,675.4],[2063.7,676.2],[2063.1,673.5],[2057.1,668.0],[2050.2,663.5],[2049.9,660.6],[2045.9,655.4],[2043.7,653.5]]],[[[2098.4,698.9],[2098.4,701.2],[2102.2,701.5],[2098.9,699.1],[2098.4,698.9]]],[[[2051.1,698.9],[2052.7,702.0],[2051.8,699.1],[2051.1,698.9]]],[[[2091.4,701.2],[2090.5,701.5],[2090.7,702.2],[2092.3,701.3],[2091.4,701.2]]],[[[2051.5,702.1],[2051.0,703.6],[2051.9,704.0],[2052.5,702.3],[2051.9,701.4],[2051.5,702.1]]],[[[2098.2,702.0],[2096.4,702.8],[2097.3,704.8],[2098.3,704.3],[2098.6,702.4],[2098.2,702.0]]],[[[2057.8,712.3],[2055.5,706.9],[2053.9,707.4],[2053.3,709.8],[2055.3,713.4],[2057.1,714.6],[2058.0,713.7],[2057.8,712.3]]],[[[2060.3,717.8],[2062.6,719.5],[2061.2,716.8],[2060.1,717.3],[2060.3,717.8]]],[[[2104.7,714.9],[2102.9,716.3],[2107.5,717.6],[2109.2,723.0],[2114.8,725.8],[2114.1,723.4],[2115.8,721.4],[2111.6,719.7],[2109.8,712.6],[2108.1,712.4],[2108.1,714.4],[2105.1,712.6],[2104.9,714.4],[2104.7,714.9]]],[[[2063.5,721.5],[2063.7,723.3],[2064.8,723.2],[2064.8,721.7],[2063.5,720.5],[2063.5,721.5]]],[[[2120.7,723.4],[2120.1,723.8],[2119.9,724.0],[2120.5,724.0],[2120.7,723.4]]],[[[2121.8,722.3],[2121.8,725.8],[2122.9,726.4],[2123.3,725.7],[2125.3,726.8],[2126.7,724.2],[2126.4,722.3],[2122.5,721.1],[2121.8,722.3]]],[[[2115.7,724.1],[2115.3,724.8],[2116.2,724.8],[2115.7,724.1]]],[[[2067.0,727.8],[2066.8,724.8],[2065.4,723.3],[2066.1,726.6],[2067.0,727.8]]],[[[2079.0,745.3],[2080.9,746.5],[2079.6,745.0],[2079.0,745.3]]],[[[2102.5,755.5],[2101.7,756.1],[2102.4,756.3],[2102.6,756.0],[2102.5,755.5]]],[[[2129.5,766.0],[2129.9,766.1],[2130.6,766.2],[2129.1,765.5],[2129.5,766.0]]],[[[2198.2,662.9],[2200.0,664.0],[2199.6,663.0],[2198.2,662.9]]],[[[2197.8,664.1],[2198.6,664.2],[2197.6,663.5],[2197.8,664.1]]],[[[2199.3,668.5],[2199.9,669.1],[2199.2,668.1],[2199.3,668.5]]],[[[2197.4,670.0],[2198.4,670.8],[2198.1,669.4],[2197.4,669.3],[2197.4,670.0]]],[[[2196.5,670.6],[2196.8,670.7],[2197.3,670.4],[2196.6,670.1],[2196.5,670.6]]],[[[2195.8,668.7],[2197.2,668.8],[2193.9,667.7],[2196.9,667.8],[2196.7,666.3],[2197.9,667.5],[2199.3,667.0],[2195.9,663.5],[2197.4,662.9],[2193.9,661.5],[2189.4,660.9],[2188.9,661.8],[2184.2,661.0],[2182.5,664.2],[2182.5,669.0],[2181.6,672.2],[2179.0,673.9],[2180.0,677.2],[2176.9,679.6],[2177.2,681.9],[2175.2,686.4],[2170.7,686.5],[2168.5,688.0],[2165.1,687.4],[2162.4,685.4],[2160.4,685.3],[2157.6,686.3],[2156.3,688.9],[2154.2,690.2],[2148.9,690.0],[2144.8,691.3],[2142.6,690.2],[2138.4,686.0],[2136.8,682.9],[2137.4,681.0],[2135.5,682.3],[2132.9,686.7],[2133.1,688.4],[2131.5,693.2],[2132.3,696.0],[2134.4,698.9],[2133.8,699.4],[2134.2,701.0],[2133.3,701.5],[2133.5,703.4],[2136.5,705.3],[2135.0,705.1],[2134.6,706.4],[2137.5,707.4],[2138.2,706.6],[2140.5,711.0],[2139.5,714.6],[2140.9,716.8],[2141.9,725.0],[2144.1,724.1],[2144.9,725.3],[2146.6,724.2],[2145.6,725.2],[2147.6,725.6],[2149.8,724.5],[2152.0,724.7],[2152.9,723.3],[2154.2,729.8],[2156.8,727.7],[2160.5,728.1],[2162.3,726.4],[2163.0,724.4],[2164.8,726.9],[2167.3,727.0],[2168.0,729.1],[2169.8,728.5],[2171.1,726.7],[2171.5,728.0],[2172.9,726.9],[2172.7,728.7],[2174.4,728.0],[2175.2,734.9],[2185.1,729.9],[2186.5,726.9],[2187.6,726.2],[2186.6,724.3],[2187.5,724.5],[2188.3,723.5],[2188.1,720.8],[2189.5,721.2],[2190.4,719.0],[2190.2,717.9],[2188.2,717.7],[2189.2,715.2],[2187.7,714.6],[2189.9,713.0],[2191.3,710.5],[2191.6,708.0],[2192.1,709.3],[2193.1,709.5],[2195.9,705.9],[2196.4,706.6],[2198.1,705.9],[2197.6,705.1],[2198.5,702.8],[2197.1,703.6],[2197.3,698.9],[2199.0,693.1],[2201.2,691.6],[2200.7,689.9],[2204.8,692.1],[2208.0,691.5],[2209.0,690.4],[2200.3,682.9],[2199.5,681.5],[2201.0,680.6],[2201.5,678.7],[2198.3,674.7],[2198.8,674.1],[2197.4,673.8],[2198.0,672.5],[2195.2,670.8],[2196.6,669.4],[2195.2,668.6],[2195.8,668.7]],[[2133.1,688.3],[2134.0,687.4],[2134.3,686.9],[2134.0,687.6],[2133.1,688.3]]],[[[2231.7,701.8],[2230.8,702.3],[2232.3,702.3],[2231.7,701.8]]],[[[2229.8,703.3],[2231.2,703.0],[2229.9,702.8],[2229.8,703.3]]],[[[2136.9,707.6],[2135.9,708.8],[2136.3,710.2],[2138.4,708.6],[2137.5,707.4],[2136.9,707.6]]],[[[2131.7,713.3],[2132.2,712.6],[2131.0,712.6],[2131.7,713.3]]],[[[2209.0,729.4],[2212.3,729.4],[2213.0,736.1],[2210.6,744.6],[2210.9,747.3],[2213.0,748.2],[2218.6,747.0],[2217.6,743.2],[2218.7,738.8],[2219.1,730.4],[2218.2,725.0],[2220.5,722.4],[2223.1,721.9],[2224.4,722.8],[2224.5,725.3],[2223.1,729.3],[2224.5,731.6],[2228.0,734.2],[2227.1,738.6],[2227.6,740.0],[2230.9,741.1],[2232.0,737.9],[2237.5,736.8],[2237.8,734.5],[2237.1,734.0],[2236.6,734.6],[2235.3,733.4],[2235.9,732.6],[2233.5,730.5],[2233.3,728.2],[2234.3,728.5],[2233.9,727.4],[2234.8,726.8],[2233.5,724.0],[2232.0,722.7],[2230.1,718.6],[2226.7,716.2],[2226.8,714.4],[2229.4,715.4],[2234.5,711.8],[2238.9,706.7],[2240.3,706.4],[2241.9,707.8],[2243.1,704.9],[2241.7,704.1],[2239.2,704.2],[2237.5,704.8],[2239.0,705.6],[2234.3,705.5],[2231.5,707.3],[2229.8,707.0],[2229.3,705.9],[2225.1,710.9],[2223.0,711.1],[2221.4,710.1],[2220.3,707.3],[2218.8,706.9],[2217.6,705.4],[2216.8,701.9],[2217.3,698.3],[2218.9,695.6],[2220.8,694.4],[2225.3,695.4],[2228.7,694.4],[2231.6,695.3],[2237.9,694.7],[2243.6,696.6],[2248.8,695.9],[2250.8,694.7],[2254.4,689.9],[2256.7,686.0],[2256.0,684.4],[2254.2,684.5],[2251.2,688.6],[2246.7,691.5],[2240.5,690.9],[2238.2,691.6],[2229.1,689.8],[2227.4,688.2],[2224.1,687.5],[2223.1,687.8],[2221.1,691.5],[2219.7,691.6],[2218.6,690.6],[2215.5,695.9],[2215.4,699.3],[2214.9,699.7],[2213.8,698.9],[2215.0,700.9],[2215.4,706.6],[2214.4,704.8],[2211.8,709.7],[2211.4,715.3],[2209.8,719.4],[2207.1,722.9],[2208.0,730.0],[2209.0,729.4]]],[[[2188.6,729.9],[2188.9,728.5],[2188.3,729.5],[2188.6,729.9]]],[[[2186.5,733.8],[2187.7,732.4],[2187.7,727.4],[2186.3,728.0],[2186.1,732.3],[2186.5,733.8]]],[[[2234.8,746.0],[2236.5,741.2],[2236.2,739.0],[2233.5,740.6],[2233.7,742.8],[2232.7,744.9],[2233.3,745.7],[2234.4,744.9],[2234.8,746.0]]],[[[2236.7,748.2],[2237.7,746.1],[2239.6,745.0],[2239.0,743.8],[2238.0,743.9],[2238.6,740.7],[2240.1,739.9],[2239.2,737.1],[2237.5,738.8],[2235.3,747.2],[2236.7,748.2]]],[[[2229.5,744.5],[2230.5,746.2],[2230.8,743.6],[2230.6,742.9],[2229.7,743.5],[2229.5,744.5]]],[[[2159.0,748.8],[2159.5,749.4],[2159.5,748.6],[2159.0,748.8]]],[[[2218.2,750.7],[2218.6,755.0],[2218.9,749.1],[2218.4,749.6],[2218.2,750.7]]],[[[2178.3,758.5],[2178.6,759.5],[2180.8,759.1],[2178.8,758.1],[2178.3,758.5]]],[[[2159.8,759.0],[2158.9,760.5],[2161.0,761.5],[2162.0,760.8],[2164.3,761.5],[2167.9,760.6],[2169.5,759.5],[2168.0,758.4],[2160.5,758.7],[2159.8,759.0]]],[[[2219.4,760.1],[2219.6,760.8],[2220.3,760.2],[2219.6,759.7],[2219.4,760.1]]],[[[2221.2,762.2],[2221.7,762.2],[2222.2,762.0],[2220.8,761.9],[2221.2,762.2]]],[[[2112.5,750.9],[2108.7,750.3],[2107.2,752.1],[2106.5,754.9],[2105.5,754.9],[2104.2,757.8],[2103.4,757.2],[2102.1,757.6],[2108.4,758.4],[2111.9,759.9],[2110.9,761.9],[2111.6,763.0],[2118.2,763.9],[2124.2,766.4],[2125.9,766.5],[2127.6,765.3],[2131.2,765.6],[2144.7,770.1],[2157.4,771.8],[2162.4,770.7],[2166.8,773.1],[2172.5,774.8],[2171.1,771.7],[2171.7,766.5],[2169.1,765.5],[2163.0,766.1],[2160.2,764.9],[2159.3,764.1],[2159.5,761.6],[2158.6,761.6],[2158.1,758.5],[2154.6,758.7],[2150.3,756.3],[2148.1,757.0],[2145.2,754.6],[2141.6,759.2],[2131.4,757.8],[2129.4,758.2],[2125.7,753.3],[2124.5,753.8],[2122.3,752.7],[2120.8,752.9],[2118.7,751.1],[2116.1,750.2],[2114.8,751.9],[2113.6,751.3],[2112.5,750.9]]],[[[2206.6,769.6],[2206.6,770.4],[2207.1,769.4],[2206.6,769.6]]],[[[2195.0,771.6],[2196.3,769.6],[2195.5,769.4],[2195.0,770.4],[2195.0,771.6]]],[[[2237.1,771.0],[2236.9,771.7],[2238.2,771.7],[2239.2,770.8],[2237.5,770.6],[2237.1,771.0]]],[[[2172.0,770.5],[2176.3,773.4],[2176.9,774.4],[2176.3,775.5],[2181.2,771.5],[2180.0,770.0],[2177.9,769.0],[2174.5,769.8],[2171.9,769.0],[2171.7,769.8],[2172.0,770.5]]],[[[2235.9,772.7],[2236.1,773.3],[2237.4,772.0],[2236.3,772.3],[2235.9,772.7]]],[[[2214.6,775.1],[2219.2,775.4],[2221.4,776.3],[2223.7,775.9],[2224.0,775.1],[2226.9,775.5],[2234.2,773.9],[2235.1,771.9],[2236.9,770.9],[2235.4,769.1],[2234.9,770.2],[2236.3,770.1],[2231.6,773.6],[2228.7,772.1],[2225.0,773.2],[2221.2,771.2],[2217.0,770.5],[2212.5,772.9],[2212.7,775.5],[2213.7,775.2],[2214.6,775.1]]],[[[2183.4,775.7],[2187.1,776.1],[2188.8,771.8],[2188.5,770.8],[2185.7,770.3],[2183.9,772.1],[2183.6,774.6],[2182.2,774.5],[2182.3,775.3],[2183.4,775.7]]],[[[2209.2,772.7],[2209.4,774.1],[2210.4,772.5],[2209.7,771.9],[2209.2,772.7]]],[[[2197.6,776.2],[2201.5,773.5],[2201.7,775.5],[2205.3,775.6],[2203.8,774.8],[2206.8,774.4],[2207.6,773.2],[2206.7,773.6],[2205.7,770.8],[2204.6,771.1],[2204.0,772.5],[2202.9,770.5],[2201.0,771.2],[2199.4,769.3],[2197.9,769.1],[2196.7,770.4],[2200.4,773.6],[2197.5,774.5],[2195.2,772.0],[2192.1,771.8],[2189.5,773.1],[2188.8,776.3],[2191.1,777.7],[2196.4,776.2],[2197.6,776.2]]],[[[2210.9,773.4],[2210.7,775.0],[2211.7,773.5],[2210.9,773.4]]],[[[2180.2,774.8],[2180.0,774.0],[2179.3,774.7],[2180.0,775.2],[2180.2,774.8]]],[[[2206.3,782.9],[2210.5,783.9],[2215.1,787.8],[2217.4,787.6],[2218.8,786.1],[2218.1,784.2],[2213.3,780.0],[2206.1,780.5],[2205.0,781.5],[2205.6,782.4],[2206.3,782.9]]],[[[2226.8,789.3],[2225.3,790.6],[2227.3,790.1],[2227.1,789.3],[2226.8,789.3]]],[[[2233.8,793.5],[2238.2,791.3],[2237.5,789.9],[2233.6,792.8],[2233.8,793.5]]],[[[2268.0,663.5],[2268.3,661.4],[2267.5,660.0],[2267.4,664.5],[2268.0,663.5]]],[[[2267.2,665.6],[2267.0,665.1],[2266.6,664.7],[2267.1,666.2],[2267.2,665.6]]],[[[2259.4,669.4],[2258.4,667.3],[2257.4,667.5],[2259.4,670.0],[2259.4,669.4]]],[[[2257.3,675.2],[2257.3,675.4],[2257.6,675.9],[2257.9,675.2],[2257.3,675.2]]],[[[2281.8,680.3],[2282.5,678.5],[2281.7,676.2],[2279.4,678.9],[2279.7,681.5],[2280.9,681.1],[2281.8,680.3]]],[[[2274.5,692.5],[2274.4,694.6],[2275.6,697.0],[2275.5,701.2],[2278.5,705.4],[2280.5,706.4],[2278.0,702.0],[2277.1,695.4],[2278.0,695.0],[2284.4,696.7],[2282.4,694.2],[2279.8,692.6],[2283.0,689.2],[2283.1,685.4],[2279.5,686.8],[2278.5,688.3],[2279.2,688.7],[2277.5,689.8],[2276.7,692.0],[2274.9,691.0],[2277.9,686.7],[2277.8,684.4],[2276.6,682.7],[2277.7,680.1],[2275.6,681.6],[2273.6,687.2],[2273.5,689.6],[2274.9,691.8],[2274.5,692.5]]],[[[2271.0,701.8],[2270.7,703.1],[2271.4,703.7],[2272.0,701.3],[2271.4,701.3],[2271.0,701.8]]],[[[2273.5,702.6],[2272.7,701.9],[2273.5,705.9],[2276.6,706.1],[2276.7,705.4],[2275.0,704.4],[2275.3,703.1],[2274.2,701.7],[2273.5,702.6]]],[[[2271.5,705.0],[2272.5,705.8],[2271.6,704.6],[2271.5,705.0]]],[[[2274.4,709.2],[2273.6,709.7],[2274.4,709.7],[2275.1,709.5],[2274.4,709.2]]],[[[2240.4,711.1],[2241.3,713.2],[2241.4,711.7],[2242.9,711.7],[2243.2,711.0],[2242.7,709.9],[2241.3,711.0],[2241.1,709.5],[2239.0,709.3],[2238.3,710.6],[2238.5,712.8],[2240.2,710.8],[2240.4,711.1]]],[[[2273.0,712.5],[2274.2,714.0],[2278.6,713.5],[2277.4,711.9],[2275.3,710.9],[2273.1,711.8],[2273.0,712.5]]],[[[2249.8,715.1],[2251.5,716.2],[2257.1,714.5],[2256.1,713.7],[2254.8,714.1],[2250.6,713.3],[2250.0,713.9],[2249.8,715.1]]],[[[2257.9,715.2],[2262.3,715.6],[2264.5,714.7],[2257.6,714.9],[2257.9,715.2]]],[[[2261.3,717.5],[2262.6,720.5],[2262.0,716.1],[2261.4,716.5],[2261.3,717.5]]],[[[2276.9,724.2],[2276.4,725.0],[2276.2,725.3],[2276.8,724.9],[2276.9,724.2]]],[[[2275.0,726.3],[2274.8,727.2],[2275.6,727.0],[2275.0,726.3]]],[[[2273.7,727.7],[2273.9,728.0],[2274.5,728.0],[2274.0,727.2],[2273.7,727.7]]],[[[2267.0,732.1],[2271.0,730.2],[2271.5,728.9],[2270.1,727.7],[2270.0,726.5],[2266.9,725.5],[2262.6,726.2],[2262.2,728.3],[2263.7,730.3],[2267.0,732.1]]],[[[2281.6,729.9],[2282.7,730.2],[2281.6,729.2],[2281.6,729.9]]],[[[2280.4,729.7],[2280.4,730.3],[2281.2,729.7],[2280.5,729.4],[2280.4,729.7]]],[[[2276.8,730.4],[2276.5,731.6],[2278.7,730.6],[2278.7,731.1],[2279.6,729.4],[2277.4,730.0],[2276.8,730.4]]],[[[2238.6,734.2],[2239.1,735.5],[2240.2,735.2],[2239.9,733.7],[2238.8,733.7],[2238.6,734.2]]],[[[2245.3,750.5],[2245.5,750.7],[2246.1,750.7],[2245.6,750.0],[2245.3,750.5]]],[[[2279.9,760.4],[2279.7,761.0],[2280.4,760.9],[2280.2,760.1],[2279.9,760.4]]],[[[2270.8,764.0],[2270.4,765.3],[2271.1,764.6],[2270.8,764.0]]],[[[2259.6,767.5],[2263.1,767.7],[2265.9,766.0],[2264.2,764.8],[2259.8,765.5],[2258.1,768.4],[2258.9,767.8],[2259.6,767.5]]],[[[2273.9,770.1],[2275.6,769.3],[2273.3,769.1],[2273.4,769.6],[2273.9,770.1]]],[[[2272.3,770.3],[2272.6,770.2],[2273.0,769.8],[2272.3,769.6],[2272.3,770.3]]],[[[2256.5,769.7],[2255.9,770.8],[2257.0,769.5],[2256.5,769.7]]],[[[2281.7,770.3],[2282.5,770.5],[2281.4,769.9],[2281.7,770.3]]],[[[2275.7,770.0],[2275.8,770.7],[2276.5,770.0],[2275.7,770.0]]],[[[2247.6,770.0],[2248.2,770.4],[2247.0,772.2],[2251.4,771.7],[2253.1,770.7],[2252.0,769.6],[2248.1,769.3],[2247.6,770.0]]],[[[2243.9,771.5],[2243.8,772.2],[2245.2,773.0],[2246.3,770.2],[2244.2,771.2],[2243.9,771.5]]],[[[2239.8,770.6],[2240.3,771.3],[2238.9,772.2],[2238.8,773.1],[2240.9,773.2],[2241.6,771.6],[2243.9,770.5],[2242.6,770.0],[2240.8,771.4],[2240.8,770.6],[2239.8,770.6]]],[[[2240.0,785.5],[2240.9,786.3],[2239.0,788.7],[2241.8,788.4],[2247.2,786.2],[2250.3,783.0],[2251.1,781.1],[2252.2,780.7],[2252.4,776.7],[2251.3,776.0],[2247.0,778.6],[2246.3,781.6],[2243.1,780.4],[2240.1,785.2],[2240.0,785.5]]],[[[2238.5,788.2],[2238.6,786.8],[2237.8,788.4],[2238.5,788.2]]],[[[2288.0,698.9],[2289.0,700.1],[2289.7,700.4],[2288.0,698.9]]],[[[2296.2,700.3],[2295.2,700.8],[2296.9,701.7],[2297.1,702.7],[2298.1,701.6],[2298.5,702.8],[2299.8,702.7],[2297.9,700.0],[2300.4,701.9],[2302.3,702.1],[2302.9,701.4],[2302.4,700.0],[2300.5,699.4],[2296.7,699.3],[2295.4,700.5],[2296.2,700.3]]],[[[2297.9,702.6],[2296.8,703.5],[2298.2,702.8],[2297.9,702.6]]],[[[2334.6,705.7],[2336.0,706.3],[2336.9,705.6],[2334.1,704.6],[2334.2,705.2],[2334.6,705.7]]],[[[2297.4,706.9],[2299.0,706.6],[2299.4,705.6],[2296.4,706.1],[2296.6,706.7],[2297.4,706.9]]],[[[2329.8,707.9],[2330.7,708.8],[2330.4,707.2],[2330.0,707.4],[2329.8,707.9]]],[[[2298.2,707.7],[2298.7,709.4],[2300.2,710.6],[2301.0,709.0],[2300.8,707.3],[2298.7,707.1],[2298.2,707.7]]],[[[2292.0,708.9],[2291.2,709.5],[2292.0,709.6],[2292.0,708.9]]],[[[2332.1,711.8],[2332.0,712.2],[2333.5,711.9],[2332.1,711.8]]],[[[2334.9,712.8],[2334.8,713.6],[2341.4,715.4],[2345.2,714.8],[2343.2,713.8],[2334.9,712.8]]],[[[2324.8,715.6],[2325.1,714.6],[2325.3,714.1],[2324.8,714.7],[2324.8,715.6]]],[[[2291.5,715.8],[2294.3,716.8],[2295.8,716.4],[2295.9,714.2],[2294.0,713.8],[2291.1,715.0],[2291.5,715.8]]],[[[2326.1,716.4],[2326.1,716.7],[2326.3,717.2],[2326.5,716.4],[2326.1,716.4]]],[[[2277.0,728.1],[2278.7,725.9],[2279.3,727.5],[2281.0,728.7],[2284.3,727.1],[2284.5,728.0],[2287.7,728.6],[2290.3,727.6],[2297.7,732.1],[2298.9,731.2],[2298.7,729.6],[2296.6,725.9],[2289.5,723.3],[2286.4,724.3],[2284.8,723.5],[2279.2,724.1],[2276.7,726.4],[2276.6,729.5],[2277.0,728.1]]],[[[2323.5,733.3],[2323.7,733.5],[2324.3,733.6],[2323.8,732.9],[2323.5,733.3]]],[[[2302.6,733.3],[2302.7,733.6],[2303.3,734.0],[2303.0,733.3],[2302.6,733.3]]],[[[2318.0,735.4],[2319.7,736.2],[2317.6,735.0],[2318.0,735.4]]],[[[2302.5,708.0],[2300.7,710.5],[2300.8,711.4],[2302.5,711.8],[2302.8,711.0],[2305.5,712.5],[2306.7,712.0],[2307.5,712.7],[2307.3,713.4],[2308.1,713.6],[2307.7,715.4],[2308.9,716.3],[2308.3,717.0],[2310.1,718.3],[2315.7,718.7],[2322.9,717.2],[2322.2,718.6],[2323.0,718.4],[2322.9,719.8],[2321.4,720.0],[2321.7,721.9],[2318.9,720.7],[2318.4,722.2],[2318.4,720.7],[2317.1,720.2],[2313.8,722.7],[2310.1,722.2],[2308.1,723.3],[2308.2,724.1],[2310.2,724.6],[2314.0,727.7],[2314.6,729.9],[2313.1,731.1],[2314.3,734.2],[2316.0,734.3],[2317.9,733.1],[2319.7,729.5],[2319.2,728.8],[2320.1,728.4],[2320.5,726.1],[2322.1,724.4],[2320.6,730.0],[2321.2,730.8],[2321.7,730.1],[2322.6,731.8],[2324.3,732.0],[2324.3,733.2],[2325.5,732.6],[2326.9,733.7],[2328.4,732.9],[2330.2,733.2],[2327.8,734.2],[2330.5,736.9],[2337.6,738.4],[2345.9,741.7],[2350.7,744.4],[2352.4,746.3],[2353.0,745.7],[2352.9,748.4],[2355.2,748.1],[2354.2,748.9],[2355.4,749.5],[2354.7,751.5],[2355.7,754.6],[2357.8,756.8],[2357.1,757.2],[2360.8,759.4],[2357.6,758.3],[2356.1,759.0],[2359.0,761.3],[2361.0,760.9],[2357.3,761.7],[2359.5,764.7],[2357.6,770.0],[2360.5,768.5],[2360.6,769.4],[2361.5,769.8],[2366.5,768.7],[2366.5,770.5],[2373.2,777.9],[2374.7,759.0],[2373.7,756.8],[2375.1,752.5],[2376.7,721.6],[2370.0,719.3],[2367.1,719.3],[2357.7,714.1],[2352.1,712.1],[2347.6,714.4],[2346.9,717.3],[2341.6,718.4],[2337.4,724.8],[2334.1,727.9],[2332.2,728.2],[2329.7,726.7],[2328.4,724.1],[2327.9,720.7],[2327.0,721.0],[2326.6,723.6],[2324.8,719.5],[2324.1,715.3],[2325.5,710.8],[2324.1,707.8],[2324.6,706.4],[2319.2,705.3],[2314.7,702.6],[2311.6,702.1],[2306.4,705.1],[2302.4,706.1],[2302.8,707.4],[2302.5,708.0]]],[[[2312.8,748.0],[2312.9,747.3],[2312.4,747.3],[2312.4,747.5],[2312.8,748.0]]],[[[2313.6,750.2],[2315.9,745.0],[2312.9,750.9],[2313.6,750.2]]],[[[2311.6,747.9],[2311.8,750.0],[2312.5,750.2],[2312.1,747.9],[2311.6,747.9]]],[[[2322.7,751.9],[2324.5,753.3],[2327.0,753.5],[2327.5,748.1],[2326.6,746.3],[2323.9,748.1],[2324.5,749.3],[2324.1,752.7],[2323.4,751.1],[2322.6,751.3],[2322.7,751.9]]],[[[2324.6,754.0],[2325.0,755.0],[2325.9,755.0],[2324.8,753.6],[2324.6,754.0]]],[[[2328.1,753.6],[2327.7,754.2],[2327.9,755.0],[2328.1,754.0],[2328.1,753.6]]],[[[2326.4,755.2],[2326.6,755.4],[2327.1,755.5],[2326.9,754.8],[2326.4,755.2]]],[[[2322.4,753.5],[2323.0,755.2],[2321.8,757.3],[2322.8,758.5],[2324.5,757.5],[2325.0,756.0],[2322.6,752.4],[2322.4,753.5]]],[[[2326.5,757.6],[2326.9,756.6],[2326.9,756.0],[2326.4,756.7],[2326.5,757.6]]],[[[2356.8,757.7],[2357.6,758.3],[2356.7,757.2],[2356.8,757.7]]],[[[2304.6,761.0],[2305.8,761.6],[2304.0,760.6],[2304.6,761.0]]],[[[2298.7,763.8],[2299.2,763.1],[2298.1,763.7],[2298.7,763.8]]],[[[2297.1,764.3],[2297.4,764.3],[2297.9,764.0],[2297.1,763.9],[2297.1,764.3]]],[[[2301.5,761.8],[2299.9,764.1],[2299.9,765.7],[2298.8,766.0],[2299.5,768.5],[2302.8,764.9],[2303.9,761.4],[2303.2,760.6],[2302.5,760.9],[2301.5,761.8]]],[[[2349.5,768.1],[2348.0,771.9],[2353.2,771.6],[2355.5,770.4],[2356.2,771.5],[2357.8,771.5],[2357.2,770.0],[2356.3,769.8],[2359.2,764.9],[2357.8,763.4],[2354.9,763.0],[2352.7,763.9],[2350.4,766.4],[2349.5,768.1]]],[[[2287.2,767.3],[2287.9,768.4],[2289.1,767.8],[2288.1,766.5],[2287.2,766.8],[2287.2,767.3]]],[[[2295.8,771.2],[2299.1,769.4],[2296.3,770.6],[2295.8,771.2]]]]},"type":"Feature","properties":{"status":"normal","iso2":"ID","name":"Indonesia","id":"Indonesia"}},{"geometry":{"type":"MultiPolygon","coordinates":[[[[1623.0,567.2],[1624.4,567.9],[1625.6,569.9],[1630.2,589.1],[1634.9,589.6],[1639.0,588.4],[1641.1,588.8],[1647.5,583.4],[1655.1,582.6],[1659.4,580.8],[1664.0,577.5],[1668.6,577.3],[1675.0,571.7],[1689.2,567.3],[1694.6,564.3],[1695.3,563.4],[1695.0,559.9],[1695.8,558.0],[1702.1,554.7],[1701.0,554.0],[1699.9,550.3],[1698.7,549.3],[1698.3,546.5],[1692.3,533.9],[1671.0,537.8],[1667.1,539.3],[1662.5,542.9],[1658.7,550.3],[1656.7,551.9],[1655.2,551.6],[1652.8,549.0],[1646.5,549.1],[1641.4,547.8],[1631.6,548.9],[1629.4,547.7],[1628.0,547.8],[1626.4,550.5],[1627.0,554.0],[1624.0,557.6],[1624.4,560.1],[1623.7,563.4],[1624.5,566.9],[1623.0,567.0],[1623.0,567.2]]],[[[1624.7,578.7],[1624.8,577.7],[1624.4,578.4],[1624.7,578.7]]],[[[1708.4,592.5],[1712.3,591.7],[1713.9,590.4],[1711.1,589.1],[1706.5,589.1],[1705.6,590.8],[1707.5,592.2],[1708.4,592.5]]],[[[1696.3,593.5],[1697.8,593.9],[1697.4,593.4],[1696.3,593.5]]]]},"type":"Feature","properties":{"status":"nogroup","iso2":"YE","name":"Yemen","id":"Yemen"}},{"geometry":{"type":"MultiPolygon","coordinates":[[[[1666.8,814.8],[1666.3,813.2],[1666.3,814.8],[1666.8,814.8]]],[[[1678.1,843.7],[1678.1,843.4],[1677.1,844.9],[1676.9,845.6],[1677.0,846.1],[1678.1,843.7]]],[[[1624.9,890.5],[1625.1,895.7],[1627.9,902.1],[1626.8,905.0],[1627.0,908.9],[1629.3,914.5],[1632.0,917.0],[1631.4,916.9],[1639.1,920.3],[1645.8,916.8],[1648.7,916.7],[1651.8,915.2],[1655.9,905.9],[1673.1,855.4],[1673.9,847.0],[1676.2,844.2],[1677.0,841.8],[1677.0,839.2],[1676.0,838.0],[1676.1,833.0],[1677.4,832.7],[1678.8,836.1],[1680.0,836.7],[1681.2,835.3],[1682.3,832.0],[1680.9,826.9],[1679.3,813.6],[1675.6,805.3],[1674.3,804.8],[1675.0,803.7],[1674.3,802.7],[1672.7,805.4],[1670.5,806.8],[1671.5,809.1],[1669.9,814.3],[1667.9,815.1],[1666.4,818.2],[1664.3,816.0],[1663.5,816.1],[1664.0,821.5],[1661.5,823.5],[1663.7,825.5],[1663.6,826.6],[1663.3,825.5],[1661.9,825.7],[1659.2,829.1],[1659.8,826.0],[1659.2,826.3],[1656.7,829.8],[1657.3,832.5],[1655.6,833.4],[1656.1,831.3],[1654.9,830.8],[1651.0,833.8],[1650.7,835.7],[1651.8,836.9],[1650.4,836.6],[1649.1,834.8],[1648.4,835.9],[1645.8,835.6],[1644.9,837.5],[1644.3,836.8],[1643.1,838.1],[1642.3,836.8],[1639.8,838.8],[1636.3,839.2],[1635.8,843.7],[1631.9,850.7],[1632.4,857.3],[1634.9,867.0],[1634.3,869.7],[1634.9,871.6],[1630.5,878.7],[1629.5,882.2],[1626.9,883.8],[1624.8,889.8],[1624.9,890.5]]]]},"type":"Feature","properties":{"status":"nogroup","iso2":"MG","name":"Madagascar","id":"Madagascar"}},{"geometry":{"type":"MultiPolygon","coordinates":[[[[780.3,839.3],[779.7,838.0],[779.1,839.0],[780.3,839.3]]],[[[772.1,793.7],[779.7,807.2],[777.9,810.9],[778.2,818.1],[779.2,820.9],[776.5,827.3],[778.0,830.8],[777.0,833.5],[781.2,836.9],[781.1,839.2],[783.1,839.9],[781.0,841.0],[781.6,842.2],[780.4,842.1],[780.4,843.2],[776.2,848.5],[779.1,853.6],[781.3,855.0],[781.1,856.8],[783.0,862.1],[786.9,866.7],[786.0,869.7],[787.2,871.7],[785.6,873.0],[786.1,875.4],[788.2,877.3],[788.0,879.3],[790.7,882.7],[795.8,896.5],[797.8,897.1],[800.1,896.3],[803.3,891.8],[806.0,890.0],[806.5,887.4],[810.5,890.1],[815.6,890.2],[818.1,891.0],[821.9,896.9],[824.0,889.6],[831.4,889.3],[833.9,891.6],[835.3,882.1],[835.2,876.5],[837.8,869.9],[839.2,868.7],[851.3,866.1],[855.9,866.0],[862.8,868.9],[865.0,871.4],[865.4,873.5],[867.2,872.2],[865.6,868.7],[867.4,863.9],[868.2,856.5],[865.6,850.5],[862.9,849.6],[860.8,846.9],[860.0,843.5],[860.8,840.1],[856.3,840.4],[847.4,839.4],[845.9,833.6],[843.5,830.0],[845.4,829.5],[842.4,818.5],[837.8,815.9],[832.2,815.9],[829.5,812.8],[824.1,810.9],[822.1,808.4],[820.6,808.8],[817.8,806.9],[815.5,807.4],[813.0,806.8],[811.0,804.6],[807.5,802.8],[804.0,796.4],[804.6,793.5],[803.4,790.5],[804.2,785.1],[803.1,782.9],[801.5,783.8],[798.0,783.6],[793.6,784.9],[790.7,787.8],[787.3,789.5],[786.1,791.2],[783.4,791.5],[781.8,794.0],[778.9,795.3],[778.1,794.1],[772.1,793.7]]]]},"type":"Feature","properties":{"status":"nogroup","iso2":"BO","name":"Bolivia","id":"Bolivia"}},{"geometry":{"type":"MultiPolygon","coordinates":[[[[1438.2,322.9],[1442.8,326.8],[1446.6,327.9],[1447.0,328.8],[1450.0,327.2],[1449.9,325.6],[1451.4,324.9],[1452.3,326.0],[1455.6,327.1],[1458.1,330.3],[1456.9,333.0],[1457.4,333.8],[1463.4,332.4],[1463.1,328.9],[1465.0,328.1],[1466.5,325.7],[1463.3,323.2],[1462.1,321.2],[1463.6,316.9],[1462.1,314.7],[1464.1,314.1],[1461.7,313.0],[1459.9,314.7],[1454.4,311.8],[1455.3,311.0],[1454.4,310.4],[1455.0,309.1],[1449.7,306.1],[1450.0,304.3],[1447.6,301.1],[1445.1,300.2],[1441.7,300.2],[1439.8,301.7],[1436.5,302.3],[1437.5,305.4],[1438.4,305.8],[1438.0,307.0],[1440.7,308.6],[1438.5,309.2],[1438.3,311.3],[1440.2,311.2],[1440.5,312.1],[1439.1,315.3],[1442.4,318.5],[1440.3,319.0],[1442.1,322.1],[1440.5,322.7],[1438.2,322.9]]],[[[1447.1,331.4],[1447.7,332.9],[1449.1,333.5],[1447.8,333.0],[1447.1,331.5],[1447.1,331.4]]],[[[1450.0,334.4],[1450.4,336.2],[1450.1,334.5],[1450.0,334.4]]],[[[1451.3,336.4],[1452.3,335.0],[1451.3,336.3],[1451.3,336.4]]]]},"type":"Feature","properties":{"status":"nogroup","iso2":"RS","name":"Serbia","id":"Serbia"}},{"geometry":{"type":"Polygon","coordinates":[[[1445.9,329.4],[1447.8,333.0],[1450.1,334.5],[1450.6,337.3],[1452.3,335.1],[1455.4,335.0],[1457.1,333.6],[1458.1,330.6],[1455.8,327.2],[1452.3,326.0],[1451.4,324.9],[1449.9,325.6],[1449.9,327.3],[1446.9,328.8],[1445.9,329.4]]]},"type":"Feature","properties":{"status":"normal","iso2":"XK","name":"Kosovo","id":"Kosovo"}},{"geometry":{"type":"MultiPolygon","coordinates":[[[[470.8,447.9],[470.1,444.2],[469.0,443.4],[469.7,446.3],[470.8,447.9]]],[[[433.1,446.7],[433.2,448.6],[433.5,446.4],[433.1,446.7]]],[[[476.9,449.5],[477.9,446.0],[476.5,446.7],[474.8,449.4],[476.3,450.2],[476.9,449.5]]],[[[453.9,453.5],[452.7,455.6],[453.2,456.5],[453.9,454.7],[453.9,453.5]]],[[[477.6,475.3],[478.9,473.4],[477.6,474.6],[477.6,475.3]]],[[[479.5,481.7],[479.9,483.8],[480.1,482.2],[479.5,481.7]]],[[[468.0,485.1],[468.0,486.0],[468.4,486.4],[468.1,485.9],[468.0,485.1]]],[[[468.8,486.7],[470.7,488.0],[469.4,486.7],[468.8,486.7]]],[[[498.6,482.3],[498.5,483.2],[498.9,483.7],[498.9,482.9],[498.6,482.3]]],[[[497.3,481.9],[497.9,482.7],[498.5,484.2],[498.2,483.0],[497.3,481.9]]],[[[484.6,490.3],[484.5,489.3],[484.0,488.7],[484.2,489.6],[484.6,490.3]]],[[[467.3,484.1],[468.0,484.9],[468.8,482.8],[469.4,485.0],[479.4,495.1],[481.0,500.4],[482.9,500.1],[485.8,497.8],[486.1,496.6],[484.6,494.2],[484.1,491.2],[481.4,488.3],[480.2,489.7],[478.3,488.1],[479.0,483.9],[478.1,481.1],[478.1,478.1],[477.2,476.9],[476.5,468.1],[474.8,466.3],[474.7,469.2],[474.8,464.7],[470.9,458.1],[471.3,453.2],[470.0,452.2],[469.0,448.9],[467.8,448.7],[467.2,444.8],[463.3,439.1],[464.6,432.0],[464.3,429.2],[466.4,424.9],[465.6,422.4],[470.4,426.3],[473.6,425.9],[474.2,428.0],[477.3,429.3],[476.1,433.4],[476.8,440.7],[477.4,445.0],[478.2,445.3],[478.3,448.3],[479.8,452.2],[484.5,458.1],[485.1,457.1],[487.2,458.1],[486.1,459.5],[486.0,463.2],[489.4,464.6],[489.9,467.8],[492.5,468.4],[493.0,471.0],[493.9,471.0],[493.9,471.8],[492.4,472.1],[491.3,473.6],[490.6,476.9],[490.9,476.1],[491.5,476.4],[490.7,476.9],[492.1,477.3],[493.8,476.9],[492.7,478.7],[494.3,477.8],[495.5,479.6],[494.8,479.5],[498.9,481.6],[499.2,485.9],[502.2,487.4],[501.7,488.0],[500.3,487.3],[504.7,491.9],[511.9,503.3],[512.4,509.5],[514.5,514.1],[511.2,519.3],[512.9,520.5],[509.8,521.9],[509.3,523.5],[512.7,531.5],[520.1,536.1],[524.2,541.2],[530.1,543.5],[533.8,543.6],[539.9,549.6],[549.4,554.4],[555.4,555.9],[557.5,557.9],[562.9,560.9],[571.8,563.4],[585.3,558.7],[583.8,558.4],[584.8,557.2],[585.6,558.3],[587.0,557.7],[585.9,558.9],[591.4,560.6],[588.2,558.1],[589.3,558.6],[599.2,567.7],[602.8,573.1],[604.5,569.4],[604.5,567.0],[608.3,559.8],[618.1,559.8],[618.5,556.8],[611.9,549.7],[615.2,549.4],[615.9,545.5],[616.6,544.9],[629.6,545.0],[630.9,543.6],[632.2,544.3],[634.6,540.3],[639.3,536.3],[639.2,539.9],[640.1,541.6],[644.2,531.9],[642.9,532.8],[644.5,530.1],[643.3,529.4],[645.3,526.8],[645.9,523.9],[650.5,518.9],[651.9,515.7],[651.7,513.6],[650.5,512.5],[648.3,512.7],[647.7,513.5],[640.8,512.4],[626.4,516.1],[624.3,518.5],[624.9,517.7],[622.5,526.4],[618.6,532.7],[613.5,536.1],[615.5,535.1],[614.0,536.3],[615.0,537.1],[612.9,539.5],[610.2,539.6],[609.7,538.0],[610.2,537.6],[607.5,537.1],[605.0,537.9],[604.1,539.4],[599.6,539.4],[590.8,541.9],[585.9,537.6],[581.2,536.5],[580.2,537.2],[579.8,536.1],[581.2,536.5],[578.2,531.3],[576.5,525.8],[572.9,517.8],[571.1,511.6],[571.0,508.3],[572.9,512.6],[572.4,514.9],[573.3,512.6],[571.4,508.8],[571.0,505.2],[573.5,495.4],[573.2,493.2],[574.4,488.7],[574.0,486.8],[574.8,487.3],[576.1,483.6],[575.9,480.9],[576.7,479.4],[577.4,479.9],[578.5,479.0],[573.9,492.6],[578.3,481.3],[582.0,474.0],[579.5,475.1],[577.5,473.7],[574.0,473.3],[568.9,470.1],[567.2,464.9],[567.6,460.7],[564.0,454.2],[562.4,446.7],[558.9,441.7],[553.0,440.8],[550.3,441.5],[545.3,447.4],[544.0,448.1],[542.6,447.8],[536.4,442.9],[535.5,440.8],[535.3,434.0],[532.4,431.6],[526.5,424.0],[512.9,424.0],[512.8,427.8],[492.6,427.7],[469.0,417.8],[470.4,416.0],[452.3,417.5],[453.1,418.5],[452.5,421.7],[453.7,423.8],[452.6,426.0],[454.2,432.8],[453.6,436.0],[454.4,435.6],[454.7,437.2],[454.2,440.7],[459.7,446.9],[462.5,452.8],[459.8,457.7],[460.6,457.2],[460.5,459.4],[461.6,457.5],[462.0,458.0],[461.2,461.3],[461.3,460.2],[458.9,458.0],[457.3,458.7],[453.6,458.5],[456.4,461.6],[457.0,463.6],[458.5,464.2],[461.6,467.8],[464.4,467.5],[465.5,465.6],[465.0,467.1],[465.6,468.8],[469.8,473.0],[470.5,475.0],[468.7,482.0],[467.3,484.1]],[[480.4,489.7],[480.0,489.8],[480.6,489.7],[480.4,489.7]],[[580.0,537.7],[579.7,538.5],[579.3,538.6],[580.0,537.7]]],[[[503.8,511.7],[504.8,512.4],[503.8,511.3],[503.8,511.7]]],[[[649.1,523.7],[651.5,520.9],[648.9,523.0],[649.1,523.7]]],[[[610.5,537.7],[611.6,537.5],[613.1,536.6],[612.1,536.8],[610.5,537.7]]]]},"type":"Feature","properties":{"status":"p5","iso2":"MX","name":"Mexico","id":"Mexico"}},{"geometry":{"type":"MultiPolygon","coordinates":[[[[1685.9,489.0],[1687.3,492.0],[1694.2,500.4],[1713.0,503.1],[1713.9,502.2],[1715.8,494.5],[1715.2,492.0],[1719.0,490.5],[1717.7,489.1],[1717.2,484.7],[1718.0,483.1],[1718.8,485.1],[1721.1,483.2],[1720.6,478.3],[1719.0,476.8],[1718.9,474.2],[1718.1,473.5],[1717.1,475.7],[1709.6,484.3],[1707.2,488.6],[1705.9,489.5],[1704.6,488.9],[1705.3,489.9],[1704.1,490.5],[1693.7,489.6],[1691.7,491.3],[1688.9,491.7],[1687.6,491.0],[1687.2,488.9],[1686.5,489.5],[1686.1,488.8],[1685.9,489.0]]],[[[1701.8,490.0],[1703.7,489.7],[1702.1,489.6],[1701.8,490.0]]]]},"type":"Feature","properties":{"status":"nogroup","iso2":"AE","name":"United Arab Emirates","id":"United Arab Emirates"}},{"geometry":{"type":"MultiPolygon","coordinates":[[[[638.8,548.6],[639.5,548.1],[639.5,547.3],[638.8,548.6]]],[[[627.3,561.5],[629.6,561.5],[630.5,559.6],[634.7,555.2],[634.5,556.0],[638.0,542.0],[637.8,540.4],[636.5,540.6],[637.2,539.1],[634.9,540.2],[632.3,544.3],[631.1,543.6],[630.2,544.6],[628.9,552.7],[627.3,561.5]]]]},"type":"Feature","properties":{"status":"nogroup","iso2":"BZ","name":"Belize","id":"Belize"}},{"geometry":{"type":"MultiPolygon","coordinates":[[[[914.7,680.7],[915.0,680.1],[915.2,679.9],[914.4,679.9],[914.7,680.7]]],[[[915.8,682.3],[915.3,680.5],[914.8,681.0],[915.3,682.7],[915.8,682.3]]],[[[915.4,696.7],[915.2,694.0],[914.4,696.1],[914.9,697.5],[915.4,696.7]]],[[[914.5,699.2],[913.9,697.4],[913.9,698.9],[914.5,699.2]]],[[[911.4,699.1],[912.9,698.7],[911.5,698.7],[911.4,699.1]]],[[[911.7,701.5],[913.5,699.3],[911.2,700.0],[910.7,700.7],[911.6,701.4],[911.7,701.5]]],[[[907.7,703.2],[909.7,701.3],[909.5,700.2],[908.5,701.2],[907.7,703.2]]],[[[909.8,703.7],[911.1,701.9],[910.3,701.6],[909.7,702.8],[909.8,703.7]]],[[[910.5,703.6],[910.9,702.5],[910.1,703.8],[910.5,703.6]]],[[[910.8,704.0],[912.3,702.7],[911.5,702.6],[910.8,704.0]]],[[[909.6,707.3],[911.8,704.1],[909.8,706.2],[909.6,707.3]]],[[[911.1,706.3],[911.7,705.7],[911.9,705.4],[911.2,705.6],[911.1,706.3]]],[[[910.3,706.8],[909.3,708.4],[910.8,706.5],[910.3,706.8]]],[[[905.7,710.7],[908.8,707.2],[907.8,709.5],[909.1,708.2],[909.5,704.9],[908.7,703.6],[906.2,705.3],[905.4,708.3],[903.8,710.2],[903.8,711.8],[905.7,710.7]]],[[[899.8,712.2],[901.7,711.1],[900.1,711.7],[899.8,712.2]]],[[[902.2,712.8],[903.7,712.1],[902.3,711.8],[901.6,713.2],[902.2,712.8]]],[[[736.9,764.1],[738.9,766.5],[738.6,767.5],[740.6,770.9],[744.9,776.6],[744.9,778.2],[743.8,780.1],[749.9,781.3],[751.4,783.3],[751.7,785.5],[758.2,785.5],[764.2,780.6],[763.5,785.5],[764.1,793.9],[766.3,794.6],[770.7,793.6],[777.8,794.1],[778.5,795.2],[779.4,795.1],[781.9,794.0],[783.5,791.5],[786.1,791.3],[787.7,789.2],[790.5,788.2],[793.7,784.9],[801.8,783.8],[802.9,782.7],[804.0,785.2],[803.3,789.9],[803.6,792.1],[804.6,793.4],[804.0,796.3],[807.5,802.8],[810.2,804.1],[813.3,806.9],[817.9,807.1],[820.5,808.8],[822.2,808.4],[824.0,810.8],[829.6,812.9],[832.3,815.9],[837.8,816.0],[842.6,818.7],[845.4,829.5],[843.6,830.0],[845.9,833.6],[847.5,839.5],[856.2,840.4],[860.9,840.0],[860.0,843.5],[861.0,847.7],[863.1,850.1],[865.6,850.5],[868.2,856.8],[867.5,863.6],[865.5,868.6],[867.4,871.8],[865.4,873.8],[868.5,880.4],[868.0,889.9],[875.7,892.1],[876.9,893.6],[879.5,890.5],[883.7,892.3],[885.7,895.7],[889.6,906.0],[891.5,906.7],[895.5,905.3],[898.2,907.1],[896.9,920.4],[898.6,921.0],[900.3,920.0],[902.2,920.7],[904.6,926.6],[904.7,934.1],[898.5,937.1],[893.6,941.4],[891.9,943.5],[892.5,944.8],[891.5,944.5],[890.5,945.3],[885.4,955.1],[881.1,960.1],[883.2,961.0],[885.5,959.4],[887.2,959.6],[893.1,964.4],[894.5,967.7],[896.2,967.4],[896.6,965.9],[900.2,969.5],[902.1,969.8],[912.1,976.6],[914.7,979.8],[917.6,981.9],[916.0,985.3],[916.0,987.2],[917.9,990.7],[922.3,984.8],[924.5,976.7],[923.4,976.2],[923.8,975.1],[923.1,974.2],[924.5,970.3],[927.0,968.0],[927.7,964.0],[928.3,965.5],[928.0,963.0],[928.9,962.1],[927.3,958.8],[930.1,962.1],[932.4,960.3],[933.1,962.4],[932.3,962.1],[932.4,965.1],[931.1,968.3],[930.2,968.2],[929.7,970.9],[926.5,974.1],[924.3,974.3],[924.7,977.2],[932.0,968.8],[934.6,963.7],[938.0,952.3],[940.1,949.2],[943.8,945.9],[942.8,944.3],[943.7,945.3],[944.6,941.1],[943.4,934.9],[944.1,934.1],[943.3,933.7],[942.1,927.3],[941.0,925.4],[942.1,925.4],[942.3,923.0],[940.9,922.9],[942.3,922.5],[943.3,920.4],[940.5,918.8],[941.9,919.3],[942.4,917.6],[944.7,917.8],[944.2,919.3],[946.3,916.4],[945.6,915.9],[947.8,913.5],[956.2,906.9],[956.5,905.9],[957.6,906.8],[959.7,904.8],[963.3,905.2],[963.9,903.4],[966.9,901.3],[970.0,900.5],[968.4,899.4],[969.0,898.2],[974.6,897.2],[976.5,898.2],[973.7,898.9],[978.8,898.2],[979.7,897.5],[979.3,895.6],[980.4,895.2],[980.3,897.1],[981.0,897.8],[986.3,897.2],[988.4,897.9],[988.4,894.6],[989.2,893.2],[995.1,889.3],[994.9,885.2],[996.1,880.1],[999.2,876.6],[998.9,874.7],[1000.0,874.0],[1000.9,870.3],[1002.9,868.1],[1002.8,858.1],[1006.1,851.6],[1005.6,846.6],[1007.3,836.3],[1005.6,827.6],[1006.1,819.4],[1005.5,820.9],[1004.8,818.0],[1005.4,818.6],[1005.3,816.7],[1005.0,815.7],[1004.7,816.7],[1004.7,816.0],[1006.8,811.3],[1006.0,809.8],[1007.2,807.9],[1008.8,810.0],[1008.7,811.3],[1011.5,809.9],[1016.9,798.4],[1016.0,798.7],[1016.9,796.6],[1017.1,797.2],[1018.3,795.9],[1017.4,794.3],[1018.2,794.7],[1018.9,794.0],[1018.4,792.0],[1019.2,793.2],[1024.3,789.2],[1028.2,783.3],[1027.3,782.5],[1027.9,783.1],[1028.2,782.1],[1028.9,782.7],[1031.8,778.6],[1034.1,772.4],[1035.1,767.7],[1035.2,764.6],[1034.4,764.4],[1035.3,762.5],[1035.0,759.6],[1034.4,760.7],[1034.2,756.2],[1032.6,752.7],[1032.4,749.5],[1030.1,744.5],[1027.0,743.0],[1020.8,743.1],[1016.7,741.2],[1010.2,735.8],[1007.0,731.7],[995.0,723.9],[992.0,723.3],[986.2,723.9],[985.3,725.2],[980.0,722.7],[979.8,723.5],[977.7,723.5],[969.4,719.5],[968.4,720.5],[966.1,720.7],[965.2,721.8],[964.7,721.4],[962.8,723.8],[962.1,723.0],[964.0,720.9],[963.3,719.9],[961.6,721.0],[960.9,724.6],[958.5,727.6],[959.6,721.9],[961.4,718.9],[960.5,717.8],[959.3,719.4],[958.4,718.7],[960.2,715.3],[959.5,714.1],[958.1,714.6],[958.8,713.9],[958.1,714.1],[958.0,712.9],[957.2,713.0],[957.6,711.5],[956.7,712.8],[956.1,711.9],[955.0,712.2],[954.4,714.0],[953.7,712.5],[954.2,711.0],[953.1,712.1],[953.1,710.8],[952.3,710.3],[951.6,710.8],[951.0,709.4],[950.3,710.1],[949.0,708.7],[948.2,709.5],[947.3,707.4],[946.4,708.3],[946.2,707.6],[943.6,707.5],[944.2,706.4],[943.2,706.9],[942.5,705.5],[941.6,706.4],[937.9,704.0],[938.2,705.6],[935.8,705.5],[935.3,704.8],[931.9,706.3],[931.3,709.7],[929.8,711.5],[932.2,711.7],[930.0,712.1],[930.3,713.4],[928.2,712.1],[926.3,714.4],[926.7,712.6],[926.1,713.0],[926.2,714.5],[923.9,716.2],[922.3,721.2],[923.9,714.0],[920.1,715.5],[919.6,716.4],[918.7,714.9],[914.9,715.8],[914.8,715.0],[913.0,714.4],[912.2,708.9],[912.3,711.7],[914.9,714.7],[920.0,714.4],[920.3,713.6],[920.8,714.4],[922.2,712.3],[923.5,713.1],[926.2,712.2],[929.0,707.5],[930.5,701.9],[929.8,701.1],[925.2,700.2],[922.3,701.1],[914.5,700.3],[912.9,702.9],[914.2,704.9],[912.4,704.8],[912.4,708.1],[914.7,708.0],[914.1,708.8],[912.2,708.7],[911.3,706.9],[908.0,710.0],[901.1,713.7],[900.7,712.6],[897.6,712.8],[900.4,711.0],[903.2,710.9],[905.2,708.0],[905.7,704.9],[908.5,700.8],[912.9,696.6],[916.5,691.2],[919.0,688.9],[917.4,688.5],[919.1,686.6],[918.7,684.3],[914.9,682.9],[913.6,680.9],[912.7,680.7],[913.1,678.8],[910.9,671.8],[910.4,665.4],[909.6,667.3],[909.3,663.7],[907.4,661.4],[907.7,664.5],[905.9,661.0],[904.9,665.6],[898.1,677.8],[895.8,680.0],[889.5,678.7],[886.5,680.6],[880.0,676.7],[875.3,678.0],[873.4,677.4],[872.1,679.2],[873.2,681.4],[872.5,682.7],[863.2,681.8],[860.2,683.9],[854.6,685.7],[851.9,688.3],[848.1,687.1],[846.2,684.6],[844.5,683.8],[844.0,679.8],[842.4,676.8],[842.3,673.8],[843.9,668.2],[845.9,664.8],[844.6,662.4],[844.8,661.0],[841.7,659.6],[842.8,655.5],[840.8,653.4],[837.1,653.8],[837.8,656.4],[834.8,659.9],[832.8,659.9],[826.0,663.3],[824.0,662.9],[821.6,664.1],[820.7,668.0],[819.5,667.6],[817.1,664.6],[815.8,665.4],[812.0,665.1],[810.7,663.2],[807.8,663.1],[806.2,661.9],[806.4,663.8],[809.9,668.3],[811.5,677.4],[815.8,678.0],[816.2,678.9],[815.4,680.4],[811.5,682.5],[808.8,687.1],[808.0,686.3],[803.4,689.0],[799.7,693.4],[799.3,690.3],[794.1,692.1],[789.6,688.3],[787.9,688.6],[787.6,684.0],[785.6,680.7],[784.4,681.0],[781.5,683.7],[779.7,681.9],[778.3,684.1],[766.8,684.0],[766.7,689.8],[770.3,689.9],[772.0,692.4],[771.4,693.4],[769.3,692.6],[767.1,693.0],[765.3,694.3],[765.0,695.4],[765.3,700.2],[768.3,703.8],[770.2,710.0],[766.4,735.4],[764.6,736.5],[761.5,734.8],[758.0,736.9],[752.1,737.9],[744.6,743.3],[743.7,748.3],[742.4,751.2],[742.9,755.0],[738.8,758.2],[738.7,762.1],[737.5,762.8],[736.9,764.1]],[[1005.7,809.4],[1005.6,809.2],[1005.7,809.5],[1005.7,809.4]]],[[[918.4,690.7],[918.3,689.9],[918.1,690.9],[918.4,690.7]]],[[[916.9,692.5],[917.9,691.4],[916.5,691.7],[916.4,692.5],[916.9,692.5]]],[[[916.3,696.0],[918.0,694.2],[917.7,693.4],[916.2,694.5],[916.2,695.8],[916.3,696.0]]],[[[916.7,696.8],[917.5,696.1],[915.3,698.2],[918.2,699.4],[920.5,697.3],[920.6,696.4],[919.8,696.3],[916.7,696.8]]],[[[919.9,699.9],[922.8,699.5],[920.9,698.5],[919.8,699.5],[919.9,699.9]]],[[[944.9,707.8],[945.5,707.0],[944.7,707.1],[944.9,707.8]]],[[[931.0,709.5],[930.4,708.3],[930.6,709.5],[931.0,709.5]]],[[[956.5,710.4],[956.5,711.1],[957.1,709.9],[956.6,710.6],[956.5,710.4]]],[[[958.3,713.4],[958.6,713.3],[959.0,713.1],[958.3,712.9],[958.3,713.4]]],[[[966.5,719.3],[967.0,718.8],[967.2,718.6],[966.4,718.7],[966.5,719.3]]],[[[959.8,725.5],[960.6,722.6],[959.9,723.5],[959.8,725.5]]],[[[1007.4,812.1],[1008.0,811.2],[1007.6,810.5],[1006.8,812.6],[1007.4,812.1]]],[[[1006.0,815.1],[1005.3,816.1],[1005.8,816.4],[1006.0,815.5],[1006.0,815.1]]],[[[971.9,899.8],[972.9,898.9],[971.6,899.0],[971.4,899.8],[971.9,899.8]]],[[[964.1,906.0],[965.2,906.4],[965.0,904.6],[963.7,906.0],[964.1,906.0]]],[[[942.0,926.9],[942.6,927.6],[942.6,925.5],[942.0,926.4],[942.0,926.9]]],[[[945.0,938.7],[944.9,936.0],[944.4,939.7],[945.0,938.7]]]]},"type":"Feature","properties":{"status":"normal","iso2":"BR","name":"Brazil","id":"Brazil"}},{"geometry":{"type":"MultiPolygon","coordinates":[[[[1199.3,620.9],[1201.2,622.4],[1199.7,623.3],[1200.0,624.9],[1200.3,624.1],[1201.6,624.7],[1202.4,623.9],[1202.5,624.9],[1200.8,625.8],[1201.1,626.5],[1199.7,625.5],[1199.5,626.2],[1200.1,627.3],[1201.7,627.6],[1202.5,631.4],[1204.4,632.5],[1205.2,632.0],[1205.6,633.2],[1207.6,633.2],[1205.3,634.3],[1206.2,635.0],[1205.4,634.9],[1212.9,639.0],[1219.1,632.1],[1219.8,629.4],[1222.2,626.9],[1221.8,625.7],[1219.0,627.4],[1220.5,623.8],[1220.1,620.9],[1216.7,614.3],[1214.5,612.5],[1211.5,612.4],[1206.0,613.6],[1201.6,620.2],[1199.7,620.6],[1199.3,620.9]]],[[[1202.2,633.1],[1202.0,633.6],[1205.0,634.5],[1205.1,633.7],[1203.9,633.0],[1202.2,633.1]]]]},"type":"Feature","properties":{"status":"nogroup","iso2":"SL","name":"Sierra Leone","id":"Sierra Leone"}},{"geometry":{"type":"MultiPolygon","coordinates":[[[[1379.5,329.8],[1379.5,328.5],[1377.2,329.3],[1377.9,329.5],[1379.5,329.8]]],[[[1353.3,309.0],[1356.8,307.3],[1356.7,305.9],[1354.6,303.7],[1355.8,301.6],[1358.1,302.4],[1362.1,302.1],[1363.7,300.7],[1363.7,299.5],[1365.6,298.0],[1369.7,303.1],[1371.9,297.3],[1373.6,298.9],[1375.8,298.7],[1377.3,299.9],[1376.9,297.3],[1377.9,296.4],[1379.6,297.1],[1379.8,294.4],[1382.9,295.2],[1385.2,293.5],[1391.4,292.7],[1391.6,294.3],[1394.0,296.3],[1401.3,297.1],[1399.6,299.5],[1401.5,300.3],[1400.7,301.9],[1402.9,304.9],[1401.9,305.2],[1401.8,304.0],[1399.7,304.5],[1399.0,303.9],[1395.2,305.8],[1392.1,306.3],[1391.4,307.7],[1393.6,310.8],[1391.9,312.7],[1392.5,315.9],[1395.5,319.1],[1401.4,322.8],[1404.5,330.0],[1407.1,333.0],[1412.7,336.4],[1419.3,336.8],[1419.6,337.7],[1417.8,339.4],[1417.9,340.4],[1425.9,343.8],[1433.3,348.3],[1435.9,351.1],[1435.6,354.3],[1433.7,354.1],[1431.7,350.9],[1428.6,350.3],[1427.5,348.8],[1425.0,349.6],[1423.2,352.2],[1422.4,355.2],[1426.4,358.1],[1427.1,361.4],[1423.4,363.3],[1422.7,366.8],[1419.2,370.7],[1417.4,371.1],[1416.6,368.9],[1418.2,366.7],[1418.5,364.6],[1420.6,363.1],[1416.4,352.9],[1414.0,352.9],[1411.6,351.2],[1411.5,349.2],[1410.5,347.9],[1408.9,347.5],[1407.1,348.1],[1407.3,346.4],[1405.1,345.7],[1403.2,342.9],[1397.9,342.4],[1393.9,339.6],[1387.4,333.1],[1384.5,332.7],[1383.6,330.0],[1380.6,327.8],[1378.4,320.6],[1376.6,318.7],[1371.1,315.9],[1368.4,315.4],[1366.3,316.3],[1363.1,319.8],[1359.3,320.5],[1360.4,317.7],[1357.6,317.7],[1355.6,316.4],[1354.9,314.7],[1356.3,312.4],[1353.6,310.0],[1353.3,309.0]]],[[[1365.1,349.2],[1365.9,351.5],[1365.3,353.5],[1366.4,354.8],[1366.3,355.7],[1365.6,355.1],[1365.2,361.5],[1366.1,361.2],[1366.9,362.2],[1368.6,362.4],[1370.1,359.8],[1373.4,360.2],[1374.6,354.0],[1374.0,351.1],[1375.1,348.7],[1374.4,346.0],[1373.2,345.0],[1373.9,344.5],[1373.3,343.5],[1371.1,342.6],[1366.5,345.8],[1363.9,345.2],[1363.9,347.4],[1365.1,349.2]]],[[[1395.9,368.9],[1393.8,371.6],[1394.6,373.4],[1398.0,374.2],[1402.1,376.9],[1406.8,378.4],[1409.4,381.2],[1413.2,381.5],[1414.3,378.4],[1412.9,374.7],[1416.6,367.9],[1413.0,369.0],[1411.0,368.7],[1407.3,370.1],[1403.4,370.3],[1399.8,368.7],[1396.5,369.7],[1395.9,368.9]]],[[[1390.8,381.2],[1391.0,380.5],[1390.3,380.5],[1390.8,381.2]]]]},"type":"Feature","properties":{"status":"p5","iso2":"IT","name":"Italy","id":"Italy"}},{"geometry":{"type":"Polygon","coordinates":[[[1644.1,655.4],[1641.9,656.5],[1633.5,656.7],[1626.8,661.5],[1621.3,663.2],[1613.4,674.3],[1613.1,704.7],[1617.4,713.4],[1619.8,709.8],[1620.5,706.7],[1621.0,707.2],[1621.9,706.5],[1632.8,692.9],[1639.8,686.1],[1653.0,675.9],[1665.7,660.7],[1672.7,648.7],[1675.6,640.0],[1679.3,633.4],[1679.8,630.2],[1682.1,627.8],[1683.8,622.9],[1686.5,618.4],[1687.5,609.9],[1691.2,608.6],[1689.7,607.9],[1689.4,608.8],[1688.2,608.7],[1689.1,606.4],[1688.7,601.4],[1689.5,597.4],[1688.8,596.3],[1685.3,595.5],[1681.6,599.1],[1673.2,601.6],[1669.5,601.2],[1669.9,624.8],[1644.1,655.4]]]},"type":"Feature","properties":{"status":"normal","iso2":"SO","name":"Somalia","id":"Somalia"}},{"geometry":{"type":"MultiPolygon","coordinates":[[[[1956.6,469.8],[1958.2,470.8],[1956.1,472.7],[1955.9,475.0],[1959.6,478.2],[1961.5,478.5],[1963.2,480.5],[1962.9,481.2],[1959.7,481.2],[1958.6,483.6],[1957.7,483.1],[1956.9,485.7],[1962.4,489.3],[1962.8,491.5],[1961.9,493.9],[1963.7,495.8],[1963.7,497.7],[1965.2,498.3],[1966.0,503.6],[1969.0,511.8],[1969.7,508.9],[1970.3,511.2],[1970.8,510.1],[1970.3,506.1],[1971.9,510.7],[1972.0,509.3],[1972.8,509.9],[1973.5,509.4],[1973.2,505.5],[1973.8,504.6],[1974.1,508.7],[1976.2,507.0],[1974.9,509.9],[1975.6,509.2],[1975.7,510.2],[1976.6,509.9],[1977.2,506.2],[1977.4,507.7],[1978.5,506.8],[1978.5,504.6],[1977.9,503.7],[1977.3,504.4],[1977.3,502.6],[1976.4,502.1],[1977.1,500.8],[1976.7,499.6],[1977.7,498.3],[1974.7,496.1],[1977.0,496.7],[1976.3,495.0],[1977.5,494.8],[1978.3,499.6],[1980.5,503.3],[1981.4,503.6],[1981.4,502.9],[1982.9,503.5],[1984.7,500.8],[1987.7,506.6],[1988.4,505.0],[1988.0,507.5],[1990.0,511.5],[1990.9,515.9],[1993.0,519.1],[1992.1,513.9],[1995.3,514.7],[1989.7,494.2],[1987.1,494.0],[1986.9,499.3],[1985.9,500.3],[1983.5,497.8],[1983.4,499.2],[1981.5,494.6],[1982.4,490.4],[1983.9,490.4],[1984.3,489.6],[1986.2,489.8],[1988.1,485.7],[1987.9,483.7],[1989.4,483.1],[1985.9,481.2],[1974.6,481.1],[1970.1,480.2],[1967.6,473.0],[1966.5,472.6],[1966.4,474.4],[1963.5,472.9],[1961.9,470.6],[1961.1,470.5],[1962.1,472.0],[1959.9,471.4],[1956.8,468.8],[1956.6,469.8]],[[1978.0,495.5],[1977.9,495.3],[1978.0,495.2],[1978.0,495.5]],[[1971.2,507.4],[1971.1,506.4],[1971.3,505.8],[1971.2,507.4]]],[[[1976.1,496.8],[1976.8,497.2],[1977.4,497.4],[1976.8,496.9],[1976.1,496.8]]],[[[1977.0,501.6],[1977.6,502.7],[1978.5,501.7],[1977.3,501.4],[1977.0,501.6]]],[[[1985.7,505.3],[1984.5,503.4],[1985.5,505.6],[1985.7,505.3]]],[[[1977.9,503.0],[1979.2,505.3],[1979.0,508.3],[1979.5,507.9],[1979.8,508.6],[1980.6,504.8],[1978.6,502.0],[1978.0,502.5],[1977.9,503.0]]],[[[1982.7,507.5],[1982.9,506.2],[1981.9,504.2],[1982.1,507.9],[1982.7,507.5]]],[[[1978.2,508.2],[1978.4,508.7],[1978.6,507.4],[1978.2,508.2]]],[[[1988.7,511.0],[1989.2,513.2],[1989.3,511.4],[1988.7,511.0]]]]},"type":"Feature","properties":{"status":"nogroup","iso2":"BD","name":"Bangladesh","id":"Bangladesh"}},{"geometry":{"type":"MultiPolygon","coordinates":[[[[759.9,538.1],[761.5,540.7],[761.1,543.0],[763.3,546.7],[766.6,541.0],[769.7,539.5],[771.0,541.5],[773.4,541.2],[776.7,539.1],[782.9,539.8],[784.5,541.3],[787.4,538.3],[784.3,534.7],[778.3,533.4],[781.3,532.8],[781.8,531.9],[777.8,532.0],[776.4,529.1],[768.9,526.8],[763.2,527.4],[763.1,533.2],[761.8,535.0],[762.3,536.4],[760.6,537.9],[759.9,538.1]]],[[[785.2,542.3],[784.7,541.9],[783.8,541.9],[784.5,542.2],[785.2,542.3]]]]},"type":"Feature","properties":{"status":"nogroup","iso2":"DO","name":"Dominican Republic","id":"Dominican Republic"}},{"geometry":{"type":"MultiPolygon","coordinates":[[[[1176.9,595.9],[1177.2,596.6],[1177.6,596.3],[1177.4,596.0],[1176.9,595.9]]],[[[1178.1,596.7],[1178.9,597.0],[1179.1,596.2],[1178.0,596.3],[1178.1,596.7]]],[[[1173.9,592.4],[1176.1,593.6],[1178.3,592.6],[1176.8,594.6],[1177.7,595.9],[1181.5,595.1],[1179.4,597.5],[1183.4,595.8],[1186.9,595.6],[1187.3,597.2],[1184.8,596.3],[1183.1,597.5],[1183.6,599.0],[1185.2,598.2],[1186.1,598.8],[1184.5,598.8],[1183.5,600.4],[1186.1,604.4],[1188.6,599.8],[1192.4,598.2],[1195.6,597.9],[1196.8,596.6],[1194.7,593.6],[1197.0,592.0],[1196.7,589.3],[1186.0,589.3],[1182.5,591.0],[1174.5,592.2],[1173.9,592.4]]],[[[1176.8,599.7],[1176.7,599.1],[1175.9,599.7],[1176.8,599.7]]],[[[1179.0,599.3],[1179.2,600.2],[1179.8,599.4],[1179.0,599.3]]],[[[1180.9,602.4],[1181.4,601.8],[1181.7,601.2],[1181.0,601.7],[1180.9,602.4]]],[[[1184.4,602.6],[1184.3,601.9],[1183.7,602.0],[1184.4,602.6]]],[[[1177.9,603.6],[1178.7,603.1],[1178.3,602.7],[1177.5,602.7],[1177.7,603.5],[1177.9,603.6]]]]},"type":"Feature","properties":{"status":"nogroup","iso2":"GW","name":"Guinea-Bissau","id":"Guinea-Bissau"}},{"geometry":{"type":"MultiPolygon","coordinates":[[[[1384.0,194.1],[1384.6,199.6],[1385.7,200.0],[1387.0,198.9],[1386.1,200.4],[1388.4,199.7],[1387.7,203.1],[1388.3,204.0],[1387.7,204.4],[1388.6,205.5],[1388.6,207.2],[1389.7,207.4],[1391.3,210.2],[1395.0,214.0],[1393.6,214.8],[1394.1,216.5],[1392.7,216.2],[1395.6,220.9],[1394.7,223.4],[1403.8,223.5],[1404.2,222.6],[1403.4,220.2],[1404.2,218.9],[1406.8,218.4],[1407.1,217.3],[1414.5,216.7],[1417.1,212.0],[1418.4,206.8],[1417.6,205.5],[1418.3,204.5],[1417.0,203.2],[1418.6,203.4],[1417.9,202.6],[1419.0,201.5],[1418.4,200.0],[1416.4,198.6],[1419.4,198.6],[1418.0,197.6],[1415.8,197.6],[1420.2,197.4],[1420.9,197.1],[1420.1,196.6],[1422.9,196.3],[1423.4,194.8],[1424.2,195.3],[1423.6,193.8],[1425.2,195.4],[1426.6,193.9],[1428.8,193.2],[1427.6,192.0],[1429.5,192.3],[1428.7,191.0],[1427.8,191.8],[1426.4,190.9],[1427.8,191.3],[1427.5,190.8],[1432.1,188.6],[1430.5,185.9],[1425.6,182.9],[1425.1,181.6],[1423.3,182.1],[1420.4,180.8],[1421.2,180.4],[1419.3,175.3],[1420.0,174.9],[1419.4,174.1],[1420.1,174.2],[1419.2,173.8],[1420.2,173.7],[1419.5,173.5],[1420.4,173.2],[1419.8,172.8],[1421.7,173.6],[1420.8,171.2],[1422.4,168.8],[1421.1,168.4],[1420.7,167.3],[1420.9,166.5],[1422.5,167.1],[1423.8,165.9],[1422.7,162.2],[1423.6,164.2],[1424.8,164.5],[1427.0,163.6],[1427.1,162.9],[1425.7,162.8],[1430.3,161.0],[1431.8,159.4],[1432.8,159.5],[1432.8,158.8],[1433.6,159.4],[1437.4,157.0],[1437.9,157.8],[1441.5,153.6],[1444.5,151.9],[1440.9,148.6],[1444.1,146.7],[1443.2,144.7],[1446.0,144.1],[1445.6,143.6],[1447.1,143.4],[1446.3,142.9],[1448.3,143.5],[1447.8,141.2],[1453.0,141.9],[1452.4,141.2],[1454.5,141.9],[1458.2,141.4],[1455.0,137.4],[1456.0,133.9],[1453.8,131.3],[1454.7,129.5],[1452.8,128.6],[1453.1,125.1],[1448.9,122.4],[1443.2,120.9],[1436.9,117.7],[1434.4,117.4],[1433.2,117.7],[1434.1,119.2],[1432.4,121.0],[1433.5,121.7],[1431.0,122.1],[1422.5,121.0],[1422.0,124.4],[1416.6,125.0],[1411.3,129.3],[1413.2,131.7],[1407.8,136.2],[1407.9,137.9],[1402.7,139.0],[1402.9,144.9],[1397.9,150.7],[1400.4,152.2],[1400.7,154.2],[1393.8,154.8],[1389.6,158.1],[1388.7,160.6],[1389.7,162.8],[1389.0,164.3],[1390.1,168.4],[1389.7,172.3],[1393.7,176.0],[1393.1,177.6],[1390.6,178.8],[1392.1,184.0],[1391.3,186.1],[1388.2,187.4],[1387.1,194.5],[1386.2,195.2],[1384.2,193.6],[1384.0,194.1]]],[[[1427.4,182.5],[1428.8,183.7],[1428.1,182.9],[1427.4,182.5]]],[[[1429.1,190.8],[1430.0,190.2],[1429.1,190.5],[1429.1,190.8]]],[[[1385.6,201.1],[1387.5,201.6],[1388.0,200.6],[1387.4,200.1],[1385.6,201.1]]],[[[1386.3,202.7],[1387.2,202.5],[1387.6,201.9],[1386.7,202.0],[1386.3,202.7]]],[[[1432.9,203.2],[1434.3,202.9],[1432.9,203.1],[1432.9,203.2]]],[[[1429.1,209.9],[1432.1,206.9],[1431.4,206.2],[1432.4,203.2],[1429.9,203.6],[1427.6,205.7],[1427.5,208.2],[1428.6,209.7],[1427.6,211.2],[1429.0,210.4],[1429.1,209.9]]],[[[1416.9,214.2],[1417.1,216.4],[1418.3,215.1],[1421.2,207.6],[1417.2,213.1],[1416.9,214.2]]]]},"type":"Feature","properties":{"status":"sc","iso2":"SE","name":"Sweden","id":"Sweden"}},{"geometry":{"type":"MultiPolygon","coordinates":[[[[1488.8,346.5],[1489.8,347.7],[1493.2,347.1],[1494.2,347.6],[1490.9,349.8],[1490.4,352.3],[1499.4,344.4],[1503.6,343.5],[1508.2,344.6],[1509.6,342.7],[1503.7,339.5],[1501.8,337.5],[1501.5,336.0],[1498.4,336.1],[1495.9,334.9],[1491.9,336.3],[1490.4,337.8],[1491.9,338.9],[1492.5,340.8],[1491.0,342.0],[1489.8,345.7],[1488.8,346.5]]],[[[1487.1,352.0],[1488.5,350.9],[1487.2,351.0],[1486.9,352.0],[1487.1,352.0]]],[[[1489.7,357.4],[1495.7,356.9],[1493.8,359.1],[1495.1,360.3],[1495.4,362.0],[1496.8,362.7],[1494.8,364.2],[1497.7,366.2],[1494.7,367.4],[1493.6,364.8],[1492.5,364.3],[1492.9,367.1],[1491.9,367.3],[1493.6,368.8],[1495.0,368.2],[1496.1,369.6],[1498.8,370.6],[1499.0,372.0],[1497.5,373.1],[1499.4,375.6],[1500.4,375.2],[1501.5,376.9],[1501.3,377.7],[1499.3,378.0],[1499.5,378.9],[1502.8,378.2],[1506.6,378.6],[1504.8,380.5],[1500.6,381.4],[1505.7,380.3],[1504.8,381.5],[1505.3,382.4],[1508.1,379.7],[1511.1,381.8],[1512.1,381.2],[1514.0,384.6],[1517.2,385.9],[1520.9,384.7],[1522.7,385.2],[1523.4,380.7],[1524.6,379.8],[1530.7,381.3],[1533.9,382.9],[1537.3,386.2],[1540.0,387.0],[1546.1,385.9],[1547.4,384.6],[1548.0,385.4],[1552.2,380.4],[1558.3,382.4],[1562.1,379.4],[1563.6,381.4],[1561.2,384.8],[1562.2,387.9],[1564.0,388.8],[1565.4,387.2],[1565.3,385.3],[1567.5,385.2],[1566.4,382.0],[1567.4,380.2],[1571.1,381.8],[1578.3,379.6],[1582.3,381.3],[1586.9,381.3],[1596.0,377.7],[1601.9,377.7],[1606.1,376.1],[1607.8,377.6],[1610.4,375.6],[1616.8,376.7],[1619.7,376.0],[1621.2,378.8],[1623.3,377.2],[1624.5,377.4],[1622.2,372.3],[1619.8,370.6],[1620.9,367.2],[1619.8,366.2],[1619.0,363.0],[1616.6,358.2],[1613.6,358.5],[1610.4,357.1],[1610.6,353.2],[1611.8,350.9],[1613.3,351.1],[1612.7,346.6],[1610.1,342.8],[1608.5,342.5],[1608.4,341.6],[1605.2,339.9],[1605.1,339.1],[1602.8,340.5],[1596.5,339.9],[1588.1,344.6],[1581.9,343.6],[1575.2,345.0],[1572.2,344.5],[1570.5,343.4],[1569.2,343.9],[1563.4,341.2],[1560.8,342.0],[1557.7,338.1],[1557.1,338.7],[1556.9,338.1],[1553.0,338.2],[1551.4,336.8],[1551.5,335.3],[1550.6,335.1],[1548.0,336.2],[1538.0,336.0],[1533.8,337.3],[1527.0,340.9],[1524.5,343.4],[1510.5,342.6],[1509.6,343.8],[1510.4,345.2],[1515.5,346.6],[1509.6,347.3],[1508.5,348.4],[1510.8,349.1],[1508.9,349.7],[1502.9,349.6],[1502.2,349.3],[1502.7,348.6],[1501.7,348.4],[1500.5,348.7],[1501.2,349.5],[1500.3,349.9],[1496.9,349.0],[1493.7,349.5],[1490.3,353.0],[1490.0,354.2],[1489.7,357.4]]]]},"type":"Feature","properties":{"status":"nogroup","iso2":"TR","name":"Turkey","id":"Turkey"}},{"geometry":{"type":"MultiPolygon","coordinates":[[[[1601.8,840.6],[1602.1,841.0],[1607.4,833.1],[1608.3,830.8],[1607.5,830.4],[1608.4,828.6],[1609.2,828.7],[1608.4,828.1],[1609.6,826.4],[1609.6,824.2],[1608.5,824.6],[1609.0,822.1],[1608.3,821.9],[1608.5,817.1],[1607.7,815.7],[1608.5,812.2],[1607.7,811.1],[1608.4,808.8],[1607.9,798.8],[1607.1,797.0],[1608.3,795.3],[1608.9,792.6],[1608.2,792.2],[1608.9,791.1],[1608.1,790.1],[1599.3,795.3],[1596.4,795.7],[1593.2,797.5],[1589.1,796.5],[1584.5,800.5],[1581.1,799.1],[1578.8,800.4],[1576.1,800.3],[1573.0,798.1],[1569.7,799.3],[1566.0,799.1],[1565.8,802.3],[1563.9,805.0],[1564.7,808.8],[1564.7,815.8],[1571.3,824.3],[1572.4,827.1],[1571.6,836.9],[1567.9,839.1],[1566.2,842.2],[1567.3,845.1],[1566.8,847.3],[1565.5,847.0],[1566.0,844.9],[1561.1,839.7],[1560.3,837.0],[1562.5,829.1],[1562.2,825.8],[1561.1,823.8],[1555.8,825.1],[1551.4,820.4],[1529.4,828.8],[1531.4,837.1],[1536.9,837.9],[1543.6,841.3],[1547.2,842.3],[1548.6,843.6],[1550.0,843.5],[1549.3,846.0],[1550.0,858.1],[1549.0,861.0],[1547.2,863.0],[1548.5,864.7],[1547.6,867.2],[1548.3,869.3],[1549.0,869.0],[1549.0,871.6],[1547.1,875.6],[1545.2,877.5],[1544.4,882.3],[1544.9,883.6],[1542.7,885.0],[1535.6,893.3],[1537.3,902.1],[1540.0,910.3],[1539.2,923.4],[1540.4,926.2],[1541.0,931.5],[1546.4,931.1],[1546.6,925.3],[1545.7,926.0],[1543.2,923.9],[1544.5,923.3],[1546.5,920.1],[1551.5,917.0],[1562.3,912.5],[1564.8,910.2],[1566.6,907.2],[1566.6,905.0],[1565.5,906.0],[1565.5,904.9],[1567.4,897.9],[1566.9,894.8],[1567.5,891.3],[1567.3,891.9],[1567.2,890.4],[1566.3,893.4],[1564.3,879.6],[1562.0,876.3],[1561.7,873.6],[1562.4,871.9],[1561.8,869.3],[1560.7,868.7],[1561.6,868.8],[1562.9,870.7],[1564.2,870.3],[1569.9,864.1],[1573.0,861.7],[1573.3,862.3],[1573.8,860.7],[1575.0,861.6],[1575.5,859.7],[1579.0,856.2],[1578.5,853.9],[1580.3,853.9],[1588.5,848.3],[1595.7,845.9],[1600.6,841.9],[1601.8,840.6]]],[[[1574.1,861.7],[1574.4,862.4],[1574.8,861.9],[1574.6,861.7],[1574.1,861.7]]],[[[1566.9,887.5],[1567.2,886.2],[1567.2,885.3],[1566.8,886.5],[1566.9,887.5]]]]},"type":"Feature","properties":{"status":"nogroup","iso2":"MZ","name":"Mozambique","id":"Mozambique"}},{"geometry":{"type":"MultiPolygon","coordinates":[[[[2258.6,386.7],[2258.6,386.5],[2258.1,386.6],[2258.4,387.3],[2258.6,386.7]]],[[[2238.4,401.9],[2237.9,398.9],[2237.1,400.1],[2238.2,401.8],[2238.4,401.9]]],[[[2238.4,403.6],[2238.2,402.6],[2237.4,402.5],[2238.2,403.7],[2238.4,403.6]]],[[[2242.2,412.0],[2243.0,411.0],[2242.5,410.5],[2242.2,412.0]]],[[[2240.5,414.0],[2241.1,414.3],[2240.7,412.9],[2240.4,412.5],[2240.5,414.0]]],[[[2238.9,417.0],[2240.4,416.4],[2239.8,415.8],[2238.3,415.4],[2238.9,417.0]]],[[[2250.8,418.2],[2251.9,418.4],[2252.3,417.7],[2251.1,417.9],[2250.8,418.2]]],[[[2249.4,417.8],[2249.9,420.5],[2250.9,419.1],[2249.8,417.9],[2249.4,417.8]]],[[[2249.5,424.3],[2249.1,425.0],[2249.5,425.1],[2249.7,424.8],[2249.5,424.3]]],[[[2260.1,436.5],[2258.8,435.6],[2258.3,436.1],[2259.1,437.2],[2260.2,437.3],[2260.1,436.5]]],[[[2256.3,455.6],[2258.4,452.9],[2258.1,452.3],[2255.3,454.3],[2255.5,455.2],[2256.3,455.6]]],[[[2254.1,459.0],[2254.9,459.1],[2253.9,457.6],[2253.7,458.2],[2254.1,459.0]]],[[[2253.1,461.6],[2252.3,461.8],[2252.6,462.3],[2253.1,461.6]]],[[[2251.9,466.9],[2250.1,468.4],[2249.2,468.1],[2248.4,472.2],[2248.8,473.4],[2249.9,470.2],[2252.0,467.5],[2251.9,466.9]]],[[[2241.1,471.3],[2241.7,471.4],[2241.2,470.7],[2241.0,471.0],[2241.1,471.3]]],[[[2234.1,484.5],[2233.5,483.8],[2233.6,484.7],[2234.8,484.8],[2234.1,484.5]]],[[[2225.3,487.6],[2226.4,488.2],[2226.6,486.8],[2226.1,487.5],[2225.3,487.6]]],[[[2222.7,489.0],[2224.2,488.8],[2223.2,487.9],[2222.7,489.0]]],[[[2270.7,306.5],[2271.9,307.5],[2270.8,306.5],[2270.7,306.5]]],[[[2273.2,308.8],[2274.6,308.9],[2273.1,308.2],[2273.2,308.8]]],[[[2324.6,306.8],[2323.0,306.0],[2320.7,308.2],[2318.2,306.7],[2318.8,308.3],[2318.4,309.7],[2317.6,309.5],[2316.4,315.0],[2316.8,315.4],[2318.8,312.4],[2318.8,310.5],[2320.2,310.5],[2322.0,308.4],[2324.4,307.2],[2324.6,306.8]]],[[[2311.4,321.1],[2311.7,318.0],[2313.3,316.0],[2314.5,315.8],[2314.4,315.0],[2311.3,314.5],[2310.2,320.4],[2310.8,321.2],[2311.4,321.1]]],[[[2319.9,320.5],[2319.9,320.0],[2318.4,320.7],[2319.5,321.1],[2319.9,320.5]]],[[[2283.1,319.5],[2282.8,321.4],[2285.0,325.3],[2283.9,325.9],[2278.2,324.4],[2278.4,325.8],[2280.3,327.8],[2278.3,331.5],[2279.6,333.8],[2283.1,336.1],[2285.2,340.7],[2287.4,339.8],[2287.0,339.0],[2287.8,338.1],[2290.9,337.7],[2283.0,333.7],[2282.1,332.2],[2282.6,331.0],[2287.1,333.0],[2289.7,330.8],[2291.7,330.7],[2304.2,336.0],[2304.8,335.3],[2303.8,331.7],[2305.1,328.7],[2307.1,327.7],[2310.2,328.0],[2310.0,327.3],[2312.0,327.2],[2311.9,326.3],[2314.1,325.9],[2314.9,324.6],[2314.3,324.2],[2312.9,325.2],[2310.3,322.4],[2311.1,322.6],[2308.4,321.2],[2306.5,315.9],[2304.8,319.4],[2299.8,318.5],[2289.6,314.1],[2277.7,306.4],[2275.3,306.5],[2276.7,309.2],[2280.8,313.5],[2283.1,318.7],[2283.1,319.5]]],[[[2277.1,334.1],[2278.0,334.9],[2277.7,334.1],[2277.1,334.1]]],[[[2289.1,372.0],[2290.0,370.3],[2288.6,367.8],[2287.6,369.7],[2288.7,370.8],[2288.6,372.0],[2289.1,372.0]]],[[[2259.6,384.9],[2259.1,385.9],[2260.1,385.5],[2259.6,384.9]]],[[[2246.7,413.4],[2247.9,415.0],[2246.4,414.7],[2245.5,413.3],[2245.1,413.9],[2247.1,416.6],[2249.0,415.3],[2249.8,416.8],[2250.7,416.4],[2250.2,414.9],[2248.8,414.9],[2247.8,412.5],[2248.4,412.1],[2249.9,412.7],[2252.0,415.2],[2253.3,418.7],[2251.8,421.8],[2254.1,426.5],[2254.1,427.2],[2253.4,427.2],[2257.5,429.2],[2255.9,426.1],[2256.2,424.9],[2257.1,424.9],[2257.4,425.5],[2256.7,425.4],[2258.3,428.1],[2258.4,430.6],[2260.9,428.5],[2260.0,427.2],[2262.0,427.5],[2262.2,426.6],[2261.1,417.5],[2262.2,415.0],[2261.3,413.8],[2261.8,413.1],[2257.2,410.8],[2258.2,409.4],[2257.6,408.0],[2253.4,408.2],[2251.2,405.0],[2256.9,404.9],[2260.2,406.2],[2259.4,403.6],[2260.1,401.8],[2262.5,402.9],[2265.4,401.5],[2265.9,402.2],[2266.0,401.3],[2266.9,401.5],[2267.2,400.7],[2270.4,400.6],[2271.0,400.0],[2270.5,399.7],[2273.9,398.4],[2277.9,399.3],[2280.3,398.7],[2281.3,400.3],[2279.7,402.3],[2281.2,405.6],[2284.9,408.6],[2287.6,409.7],[2289.5,403.2],[2292.9,402.4],[2288.9,399.1],[2289.4,395.7],[2290.9,398.4],[2291.5,398.4],[2291.2,397.0],[2291.8,397.9],[2294.1,398.3],[2293.4,399.9],[2296.5,399.1],[2301.3,399.7],[2301.0,397.2],[2303.1,395.3],[2304.6,396.1],[2303.8,396.3],[2304.8,399.0],[2306.2,399.3],[2306.7,397.2],[2305.6,394.1],[2306.9,393.6],[2309.4,394.8],[2308.3,392.3],[2309.3,390.7],[2311.0,391.2],[2310.7,394.7],[2311.3,396.9],[2314.2,394.8],[2313.9,391.5],[2315.9,389.9],[2311.7,385.0],[2310.8,381.4],[2310.8,379.9],[2311.6,379.3],[2311.1,377.1],[2306.7,369.3],[2307.4,367.3],[2310.0,367.8],[2308.1,363.6],[2308.1,361.9],[2309.0,361.1],[2308.4,358.8],[2303.6,351.2],[2297.8,346.4],[2295.3,341.1],[2291.4,340.4],[2290.8,341.3],[2292.2,343.1],[2293.3,343.1],[2293.8,342.2],[2294.6,342.7],[2295.5,344.3],[2295.4,345.7],[2293.1,344.5],[2292.8,345.9],[2290.5,343.3],[2288.2,342.4],[2289.6,345.9],[2287.8,347.9],[2290.8,351.6],[2290.6,353.1],[2289.6,353.3],[2293.1,355.2],[2295.0,360.5],[2295.5,369.3],[2293.3,371.8],[2292.0,376.6],[2285.1,381.2],[2282.0,377.6],[2283.3,377.0],[2283.6,374.5],[2280.3,376.0],[2282.1,381.6],[2279.7,386.7],[2281.8,390.6],[2281.1,390.3],[2279.7,391.9],[2277.3,391.6],[2277.6,392.2],[2276.2,391.5],[2275.5,389.7],[2267.5,391.8],[2263.1,392.2],[2261.0,391.4],[2258.1,392.5],[2257.8,394.7],[2252.7,400.9],[2249.6,401.8],[2250.9,405.5],[2248.5,406.2],[2248.1,408.4],[2246.8,408.5],[2245.9,409.7],[2245.2,409.0],[2244.9,410.7],[2243.3,410.8],[2244.6,412.6],[2246.7,413.4]]],[[[2309.0,398.5],[2309.8,398.8],[2309.2,398.1],[2309.0,398.5]]],[[[2273.9,400.9],[2273.4,400.3],[2272.5,400.8],[2273.7,401.1],[2273.9,400.9]]],[[[2278.0,403.0],[2278.2,400.2],[2277.0,401.3],[2277.8,403.2],[2278.0,403.0]]],[[[2260.7,403.1],[2261.4,403.3],[2261.2,402.6],[2260.7,402.8],[2260.7,403.1]]],[[[2261.7,404.1],[2262.3,404.1],[2261.9,403.4],[2261.6,403.7],[2261.7,404.1]]],[[[2261.4,405.9],[2261.9,405.7],[2261.4,405.6],[2260.4,406.0],[2261.4,405.9]]],[[[2264.7,411.6],[2264.2,411.8],[2265.5,414.0],[2270.0,415.8],[2269.4,413.4],[2270.8,409.8],[2273.0,409.2],[2276.5,411.2],[2276.8,408.7],[2278.4,406.2],[2276.8,402.8],[2272.0,401.7],[2269.1,402.7],[2269.8,404.0],[2267.6,405.2],[2264.6,403.9],[2263.8,407.8],[2260.8,410.5],[2263.0,409.5],[2263.7,410.9],[2264.9,411.3],[2264.7,411.6]]],[[[2262.1,433.1],[2261.9,432.3],[2261.4,434.4],[2262.4,435.9],[2262.2,435.1],[2262.1,433.1]]]]},"type":"Feature","properties":{"status":"normal","iso2":"JP","name":"Japan","id":"Japan"}},{"geometry":{"type":"MultiPolygon","coordinates":[[[[26.4,866.9],[27.1,867.4],[27.1,866.6],[26.8,866.6],[26.4,866.9]]],[[[101.2,883.1],[101.5,883.4],[101.6,882.7],[100.9,882.7],[101.2,883.1]]],[[[2561.3,1013.3],[2562.1,1010.8],[2561.2,1013.0],[2561.3,1013.3]]],[[[2557.0,1016.8],[2556.3,1017.1],[2555.7,1017.3],[2556.5,1017.4],[2557.0,1016.8]]],[[[2530.8,1058.4],[2537.7,1055.0],[2551.1,1045.4],[2554.7,1041.8],[2554.1,1041.3],[2554.6,1040.1],[2557.2,1037.9],[2561.6,1036.7],[2562.5,1037.1],[2562.8,1038.3],[2565.6,1034.3],[2569.6,1032.1],[2575.6,1025.0],[2575.1,1023.9],[2573.7,1023.7],[2566.8,1027.2],[2563.8,1027.3],[2558.5,1024.1],[2560.5,1018.7],[2560.2,1017.6],[2561.8,1016.5],[2560.2,1016.8],[2560.0,1014.5],[2556.8,1020.7],[2556.0,1020.6],[2556.0,1018.3],[2552.8,1017.7],[2556.7,1013.2],[2556.4,1009.3],[2555.7,1008.8],[2556.2,1008.4],[2557.4,1009.1],[2558.3,1004.3],[2558.3,1003.8],[2556.9,1003.9],[2557.3,1004.7],[2556.5,1004.8],[2557.3,1003.2],[2555.9,1001.9],[2555.1,1002.4],[2553.4,1000.9],[2554.1,1000.6],[2552.1,1001.9],[2551.9,997.4],[2553.2,996.6],[2550.4,997.2],[2551.1,1001.9],[2549.7,1003.3],[2550.1,1006.2],[2552.5,1004.2],[2550.2,1006.9],[2550.7,1013.7],[2551.7,1013.3],[2551.6,1011.4],[2552.7,1012.6],[2553.0,1011.9],[2554.3,1012.7],[2552.8,1013.3],[2553.6,1013.6],[2552.3,1015.8],[2551.9,1014.3],[2551.0,1015.7],[2550.6,1019.1],[2552.6,1018.6],[2553.0,1019.5],[2551.0,1019.9],[2550.4,1021.3],[2551.0,1021.9],[2547.4,1028.5],[2545.7,1029.5],[2541.6,1034.7],[2534.9,1037.3],[2533.2,1038.7],[2533.0,1040.5],[2537.9,1044.3],[2538.3,1046.2],[2535.9,1049.9],[2527.5,1056.4],[2529.0,1055.7],[2528.7,1057.2],[2530.6,1056.6],[2530.1,1058.1],[2530.8,1058.4]]],[[[2525.0,1051.7],[2524.6,1052.5],[2526.6,1050.7],[2525.0,1051.7]]],[[[2442.1,1096.3],[2441.8,1096.7],[2444.1,1095.8],[2441.3,1097.9],[2444.5,1098.4],[2446.9,1097.7],[2447.6,1098.2],[2447.4,1099.4],[2449.8,1099.3],[2449.6,1101.2],[2452.3,1100.9],[2454.3,1101.8],[2460.5,1100.0],[2467.5,1095.8],[2470.6,1095.0],[2471.1,1094.5],[2469.6,1095.0],[2480.0,1087.1],[2485.7,1081.7],[2496.9,1076.9],[2498.1,1077.3],[2496.8,1077.8],[2501.1,1077.6],[2501.4,1076.7],[2499.6,1075.8],[2501.9,1072.9],[2508.1,1069.7],[2521.3,1060.6],[2523.1,1056.8],[2527.1,1054.3],[2524.8,1055.6],[2523.4,1055.4],[2526.0,1054.5],[2526.1,1053.3],[2522.1,1055.6],[2525.1,1052.6],[2517.1,1055.7],[2519.4,1051.9],[2517.6,1051.5],[2517.7,1050.7],[2519.0,1049.6],[2520.9,1049.4],[2516.1,1050.3],[2513.4,1052.0],[2507.1,1058.1],[2502.0,1060.4],[2492.7,1068.7],[2462.5,1081.8],[2460.1,1083.4],[2459.6,1084.9],[2458.4,1084.4],[2453.6,1087.0],[2452.9,1088.1],[2450.4,1088.9],[2449.2,1091.2],[2448.0,1090.3],[2445.5,1092.3],[2447.8,1092.0],[2445.5,1092.8],[2447.0,1092.8],[2442.0,1094.8],[2441.1,1096.1],[2443.4,1095.1],[2443.2,1095.7],[2442.1,1096.3]],[[2449.0,1091.5],[2448.8,1091.7],[2449.2,1091.2],[2449.0,1091.5]]],[[[2572.3,1079.6],[2572.4,1077.5],[2573.4,1077.7],[2572.8,1078.3],[2574.9,1076.9],[2571.2,1077.0],[2570.5,1077.8],[2572.0,1077.9],[2570.1,1079.2],[2570.1,1080.2],[2571.4,1079.7],[2572.3,1079.6]]],[[[2446.4,1102.6],[2445.0,1102.1],[2440.1,1106.3],[2445.2,1105.5],[2445.9,1104.4],[2444.6,1104.3],[2446.3,1103.5],[2446.4,1102.6]]],[[[2404.3,1137.0],[2406.0,1136.8],[2408.4,1134.7],[2406.8,1134.8],[2404.7,1136.3],[2404.3,1137.0]]]]},"type":"Feature","properties":{"status":"normal","iso2":"NZ","name":"New Zealand","id":"New Zealand"}},{"geometry":{"type":"MultiPolygon","coordinates":[[[[703.3,500.4],[703.3,499.9],[702.5,500.2],[703.3,500.4]]],[[[716.2,505.0],[717.2,504.8],[716.8,504.1],[714.6,504.4],[716.2,505.0]]],[[[718.9,506.4],[718.0,505.0],[717.1,505.1],[717.6,505.8],[718.9,506.4]]],[[[719.1,506.1],[719.1,507.3],[719.9,507.8],[719.8,507.2],[719.1,506.1]]],[[[719.4,508.3],[720.8,509.5],[721.3,509.1],[721.2,508.2],[719.6,508.1],[719.4,508.3]]],[[[681.4,513.6],[684.2,512.2],[683.7,510.3],[682.5,509.3],[680.6,510.0],[680.5,512.6],[679.6,512.2],[680.3,513.2],[681.4,513.6]]],[[[667.0,509.6],[669.9,509.5],[670.2,510.6],[673.6,509.0],[674.9,507.2],[678.9,506.7],[683.8,503.1],[690.0,502.7],[692.1,504.0],[691.5,504.9],[688.4,505.4],[689.9,506.6],[695.0,507.9],[695.4,506.4],[696.2,507.7],[698.3,508.4],[700.6,507.4],[701.2,508.9],[703.9,511.0],[708.8,512.6],[713.0,512.1],[714.4,517.1],[715.8,518.9],[718.5,520.0],[722.6,519.9],[723.4,522.7],[719.2,525.6],[718.3,527.4],[729.7,526.1],[736.3,526.9],[738.0,526.0],[737.8,526.6],[743.5,525.3],[745.5,523.8],[740.0,520.1],[733.8,519.5],[735.4,518.5],[734.6,518.0],[735.4,517.4],[735.0,516.3],[732.4,516.5],[729.4,514.9],[728.8,515.6],[727.4,514.9],[727.7,514.1],[726.2,514.4],[726.7,513.6],[724.9,512.6],[724.0,513.3],[723.2,511.9],[724.8,511.9],[723.7,510.7],[721.8,510.0],[723.2,511.7],[720.3,510.2],[720.0,509.0],[719.2,509.2],[714.4,505.8],[709.3,504.8],[705.9,501.7],[706.4,500.9],[702.5,500.7],[700.2,499.1],[696.9,499.3],[696.1,498.5],[693.7,499.4],[690.1,498.4],[681.0,500.1],[674.7,502.5],[671.3,505.9],[671.5,508.7],[669.9,508.5],[667.0,509.6]]]]},"type":"Feature","properties":{"status":"nogroup","iso2":"CU","name":"Cuba","id":"Cuba"}},{"geometry":{"type":"MultiPolygon","coordinates":[[[[813.9,605.1],[815.7,603.9],[815.5,602.3],[813.8,603.8],[812.5,603.2],[811.9,603.9],[813.9,605.1]]],[[[804.6,604.8],[804.9,604.4],[804.6,604.1],[803.9,604.6],[804.6,604.8]]],[[[823.5,608.3],[823.8,609.2],[824.4,609.8],[823.5,608.3]]],[[[837.3,620.2],[837.5,619.5],[837.0,620.1],[837.3,620.2]]],[[[837.0,622.1],[837.5,621.3],[836.7,621.4],[836.2,622.1],[837.0,622.1]]],[[[834.9,623.8],[837.0,622.7],[835.9,622.8],[834.9,623.8]]],[[[835.9,624.1],[836.5,623.8],[835.8,623.7],[835.1,623.9],[835.9,624.1]]],[[[836.7,624.4],[837.5,624.1],[836.7,624.2],[836.7,624.4]]],[[[835.2,625.4],[835.9,625.1],[836.1,624.5],[834.6,624.8],[835.2,625.4]]],[[[832.9,625.4],[834.2,625.7],[833.6,624.9],[831.1,624.6],[834.5,624.4],[835.9,621.7],[837.5,620.5],[836.2,621.1],[836.3,620.0],[835.6,620.7],[837.8,618.3],[837.6,617.2],[832.0,613.7],[832.3,614.3],[830.6,614.4],[830.2,615.5],[829.9,613.7],[827.9,612.5],[827.4,612.5],[828.9,613.6],[827.7,613.3],[827.4,615.6],[827.5,613.3],[827.2,612.8],[826.6,615.0],[824.8,610.6],[823.2,612.4],[821.5,611.6],[824.3,611.4],[823.6,609.5],[821.9,609.6],[823.1,608.7],[822.3,608.1],[826.4,607.8],[830.5,606.1],[812.0,607.0],[816.4,608.4],[812.5,608.5],[806.3,612.2],[800.6,610.3],[796.1,607.0],[783.0,608.3],[781.7,607.3],[781.6,603.4],[780.7,601.9],[776.0,599.6],[771.7,599.3],[770.6,594.3],[769.1,593.4],[767.8,594.5],[767.6,598.6],[770.5,598.1],[770.9,599.9],[768.2,598.9],[768.7,599.9],[761.6,602.5],[756.8,605.6],[757.1,608.3],[760.1,614.7],[759.9,617.4],[758.7,619.5],[756.8,620.7],[755.2,620.4],[752.6,613.9],[756.4,607.5],[755.7,604.2],[756.3,603.5],[754.8,601.7],[754.5,599.4],[759.2,596.1],[754.6,597.9],[748.8,604.0],[746.9,607.8],[744.7,615.6],[742.3,619.6],[745.1,618.4],[745.4,620.0],[746.7,620.5],[747.4,624.2],[749.5,627.9],[748.2,633.7],[751.9,638.1],[758.8,638.6],[761.4,637.7],[766.1,638.8],[770.3,645.1],[772.6,646.0],[784.3,644.5],[785.8,645.3],[786.1,646.9],[782.8,653.6],[782.7,659.8],[783.3,664.3],[786.3,669.7],[782.0,674.9],[784.0,675.2],[786.5,677.9],[789.3,687.6],[791.1,690.2],[794.6,692.1],[799.2,690.4],[799.7,693.4],[803.7,688.9],[808.1,686.5],[808.8,687.1],[811.5,682.5],[815.4,680.5],[816.3,678.8],[815.8,678.0],[811.6,677.3],[809.9,668.3],[806.4,663.8],[806.2,661.9],[807.8,663.1],[810.6,663.4],[811.6,665.1],[817.3,665.0],[820.5,668.0],[821.3,667.3],[821.7,664.2],[830.4,662.0],[832.7,660.0],[834.8,659.9],[837.8,656.8],[837.5,654.4],[832.5,647.4],[834.4,645.0],[834.5,641.5],[836.3,640.1],[837.7,640.4],[840.9,638.1],[840.5,637.0],[838.8,636.8],[838.3,633.3],[845.0,627.3],[843.8,625.3],[841.9,624.2],[840.0,625.0],[837.5,624.8],[835.4,626.2],[834.9,625.5],[833.9,626.3],[833.5,625.8],[832.9,625.4]]]]},"type":"Feature","properties":{"status":"nogroup","iso2":"VE","name":"Venezuela","id":"Venezuela"}},{"geometry":{"type":"MultiPolygon","coordinates":[[[[1239.9,359.1],[1238.7,364.1],[1240.1,364.3],[1242.2,362.1],[1242.6,363.4],[1241.5,364.8],[1240.6,364.5],[1240.2,366.7],[1243.8,365.5],[1243.0,366.7],[1243.0,372.7],[1241.3,378.9],[1244.0,377.8],[1248.7,378.6],[1251.0,378.1],[1252.2,376.7],[1252.2,373.4],[1256.3,368.5],[1254.7,368.0],[1253.8,365.9],[1256.3,361.3],[1252.9,355.9],[1256.1,355.9],[1257.6,354.1],[1257.0,351.5],[1258.6,350.0],[1258.2,344.3],[1263.3,339.5],[1261.1,338.2],[1261.1,336.5],[1257.6,336.1],[1255.7,337.2],[1253.0,336.8],[1250.0,337.5],[1250.7,335.4],[1249.9,334.6],[1245.8,336.4],[1244.9,338.1],[1245.5,338.5],[1245.7,347.1],[1242.3,356.0],[1239.7,358.4],[1239.9,359.1]]],[[[1113.4,364.9],[1114.0,364.4],[1113.4,363.4],[1111.9,363.8],[1112.6,364.6],[1113.4,364.9]]],[[[1108.5,365.6],[1105.5,364.0],[1106.5,365.0],[1108.5,365.6]]],[[[1102.6,365.9],[1102.4,364.9],[1101.4,365.1],[1102.0,365.8],[1102.6,365.9]]],[[[1105.2,367.1],[1106.7,366.8],[1104.4,365.6],[1103.2,366.3],[1103.9,366.6],[1105.2,367.1]]],[[[1124.6,372.8],[1126.6,371.7],[1122.1,371.1],[1121.8,371.9],[1123.5,372.7],[1124.6,372.8]]],[[[1126.5,379.5],[1126.2,378.8],[1125.5,378.8],[1126.5,379.5]]],[[[1181.1,416.6],[1181.9,416.1],[1181.5,415.2],[1178.8,415.1],[1180.3,416.5],[1181.1,416.6]]]]},"type":"Feature","properties":{"status":"normal","iso2":"PT","name":"Portugal","id":"Portugal"}},{"geometry":{"type":"MultiPolygon","coordinates":[[[[1173.9,519.3],[1174.7,516.2],[1177.6,521.1],[1178.1,519.7],[1180.0,524.7],[1179.3,528.3],[1177.8,531.1],[1178.9,530.0],[1178.9,530.5],[1177.3,531.2],[1179.6,535.0],[1180.4,545.5],[1176.5,560.1],[1178.9,555.9],[1182.9,556.5],[1188.6,554.7],[1191.9,555.2],[1196.4,558.8],[1199.5,559.9],[1201.1,563.8],[1204.2,567.7],[1208.4,571.3],[1211.4,570.1],[1212.3,565.1],[1213.3,563.9],[1215.4,564.9],[1218.5,568.3],[1220.7,565.4],[1227.2,566.0],[1229.1,565.1],[1229.9,563.7],[1231.0,564.9],[1233.1,565.3],[1259.5,564.8],[1260.8,558.6],[1258.7,555.6],[1253.3,482.7],[1266.5,482.7],[1238.6,462.9],[1238.3,474.0],[1213.4,474.3],[1212.3,496.1],[1207.0,498.3],[1204.5,500.9],[1204.6,511.9],[1203.9,514.3],[1175.8,514.4],[1174.9,514.8],[1173.8,517.6],[1173.9,519.3]]],[[[1178.1,529.4],[1178.8,527.2],[1178.0,529.0],[1178.1,529.4]]]]},"type":"Feature","properties":{"status":"nogroup","iso2":"MR","name":"Mauritania","id":"Mauritania"}},{"geometry":{"type":"MultiPolygon","coordinates":[[[[1392.0,742.3],[1392.7,742.2],[1393.0,748.2],[1394.5,748.6],[1395.8,747.1],[1395.5,742.7],[1400.1,739.0],[1397.7,737.1],[1394.7,739.4],[1392.0,742.3]]],[[[1389.7,848.3],[1392.4,847.4],[1395.7,848.1],[1400.8,845.8],[1407.2,849.4],[1439.1,849.3],[1443.5,852.9],[1457.6,854.7],[1464.1,854.4],[1478.0,851.5],[1474.0,848.0],[1467.4,839.9],[1467.3,813.3],[1468.1,811.5],[1478.6,811.8],[1482.7,811.0],[1482.1,809.4],[1483.0,806.0],[1483.3,794.8],[1482.8,793.0],[1481.8,794.1],[1479.1,793.9],[1476.0,795.0],[1472.2,794.5],[1469.5,796.3],[1469.0,793.5],[1470.0,791.4],[1469.9,787.8],[1466.5,780.2],[1467.3,772.6],[1466.0,767.7],[1466.9,763.8],[1466.5,762.3],[1457.5,761.9],[1456.9,761.2],[1457.5,758.8],[1455.5,758.8],[1454.9,759.6],[1449.3,759.6],[1447.9,768.2],[1442.0,767.6],[1438.3,768.9],[1434.3,768.8],[1429.7,761.7],[1427.8,752.7],[1426.0,749.8],[1402.2,749.7],[1394.6,751.7],[1394.7,754.1],[1398.1,759.5],[1402.1,771.0],[1402.3,774.3],[1399.6,777.4],[1400.4,775.8],[1399.7,776.3],[1399.4,777.4],[1400.9,782.8],[1405.1,792.2],[1405.7,797.9],[1405.0,802.3],[1403.0,806.7],[1399.8,808.5],[1398.5,812.0],[1395.7,815.6],[1392.6,830.3],[1391.5,834.0],[1389.9,836.3],[1389.7,847.5],[1389.7,848.3]]]]},"type":"Feature","properties":{"status":"nogroup","iso2":"AO","name":"Angola","id":"Angola"}},{"geometry":{"type":"MultiPolygon","coordinates":[[[[1366.3,226.7],[1365.7,228.5],[1366.2,227.3],[1366.3,226.7]]],[[[1367.3,229.3],[1367.4,228.8],[1367.2,228.7],[1366.6,229.2],[1367.3,229.3]]],[[[1383.7,231.5],[1384.9,231.5],[1383.1,230.8],[1383.7,231.5]]],[[[1397.4,232.7],[1400.4,232.5],[1399.6,231.4],[1399.8,230.2],[1398.1,229.3],[1397.6,230.0],[1398.9,230.9],[1396.7,230.4],[1396.8,232.1],[1394.1,231.5],[1391.8,232.8],[1392.5,231.7],[1394.7,231.4],[1393.2,231.2],[1390.0,233.8],[1388.7,233.5],[1386.3,234.4],[1386.8,234.3],[1385.8,235.7],[1383.5,235.0],[1382.4,235.4],[1381.5,234.8],[1383.6,231.6],[1381.3,232.1],[1378.6,231.4],[1377.7,232.2],[1377.9,231.1],[1375.8,231.1],[1376.7,230.0],[1376.3,228.8],[1368.6,227.4],[1367.9,227.6],[1370.0,230.9],[1367.6,232.4],[1369.7,232.4],[1369.0,233.0],[1370.1,234.5],[1369.6,235.3],[1372.2,236.2],[1375.5,238.7],[1371.0,236.1],[1367.1,236.5],[1366.9,240.2],[1366.3,238.5],[1365.4,238.4],[1365.5,239.5],[1364.7,239.5],[1364.1,239.2],[1364.4,238.2],[1362.4,237.6],[1359.3,237.5],[1357.6,238.9],[1357.3,240.0],[1359.1,240.7],[1357.2,245.8],[1354.8,246.7],[1356.9,248.7],[1355.2,250.9],[1355.5,252.0],[1350.0,252.8],[1351.6,256.3],[1350.0,259.3],[1350.3,262.0],[1352.7,265.4],[1350.8,265.8],[1350.2,266.9],[1352.8,269.7],[1352.6,272.6],[1355.0,275.1],[1356.4,274.8],[1357.0,275.6],[1359.4,275.4],[1364.6,276.8],[1361.4,280.6],[1359.9,285.7],[1360.0,288.5],[1366.1,288.4],[1367.1,287.7],[1366.3,287.2],[1367.3,286.9],[1377.1,289.6],[1377.7,291.0],[1379.0,290.4],[1379.7,288.4],[1384.4,289.8],[1391.3,288.2],[1391.2,287.4],[1394.9,287.6],[1396.9,289.1],[1397.2,287.8],[1395.4,283.8],[1399.1,282.0],[1399.9,280.2],[1401.6,280.1],[1402.1,278.6],[1395.1,273.2],[1392.5,270.1],[1393.0,268.6],[1390.5,265.6],[1391.9,266.7],[1392.8,265.2],[1405.4,260.3],[1404.7,259.7],[1405.2,259.5],[1408.3,261.0],[1409.5,258.1],[1406.8,253.0],[1407.6,250.6],[1406.3,248.1],[1406.7,246.7],[1403.5,244.0],[1405.4,240.1],[1404.0,237.6],[1401.2,236.0],[1403.6,235.4],[1400.8,233.5],[1401.0,234.5],[1402.4,234.7],[1401.2,236.0],[1400.5,233.8],[1399.0,234.2],[1397.4,232.7]]]]},"type":"Feature","properties":{"status":"normal","iso2":"DE","name":"Germany","id":"Germany"}},{"geometry":{"type":"MultiPolygon","coordinates":[[[[2033.6,538.3],[2034.7,540.5],[2036.0,540.8],[2037.7,545.8],[2043.9,552.4],[2046.1,557.8],[2047.1,556.5],[2047.5,557.1],[2047.3,559.1],[2045.5,560.4],[2046.0,565.5],[2044.8,567.0],[2043.7,566.9],[2043.5,569.2],[2045.3,572.4],[2051.5,579.7],[2052.3,586.5],[2056.8,596.9],[2056.2,599.3],[2051.7,606.6],[2048.4,621.0],[2048.2,627.0],[2049.8,628.5],[2050.3,626.8],[2051.6,626.9],[2052.5,629.3],[2054.4,630.6],[2054.7,632.2],[2056.4,632.8],[2057.3,635.5],[2058.1,635.8],[2058.4,635.1],[2059.3,637.3],[2060.3,637.2],[2059.9,639.0],[2063.4,643.4],[2064.2,641.1],[2065.7,642.4],[2068.2,643.1],[2070.7,645.6],[2070.9,649.7],[2072.0,649.9],[2074.5,647.9],[2076.5,649.2],[2078.3,645.3],[2074.5,640.3],[2073.1,639.4],[2069.0,639.1],[2063.6,634.1],[2063.1,632.5],[2063.7,631.8],[2066.1,636.5],[2063.6,626.7],[2061.9,625.2],[2060.2,619.1],[2059.2,618.6],[2056.5,619.4],[2055.3,618.7],[2054.1,609.5],[2054.8,609.1],[2057.1,599.2],[2059.4,593.7],[2058.5,583.4],[2062.3,582.1],[2062.7,581.3],[2064.1,582.4],[2065.9,582.2],[2065.7,589.2],[2069.9,589.8],[2072.0,589.1],[2073.9,589.9],[2075.4,591.9],[2077.1,592.0],[2076.6,593.0],[2078.8,594.7],[2078.7,593.4],[2079.6,593.9],[2081.8,598.3],[2080.1,591.3],[2076.7,585.1],[2076.0,581.7],[2078.7,580.0],[2080.9,575.6],[2083.5,574.4],[2094.2,574.2],[2096.0,575.6],[2096.8,575.3],[2099.2,572.7],[2099.3,569.6],[2098.3,568.0],[2099.1,563.6],[2096.7,561.7],[2097.2,560.6],[2092.1,556.9],[2091.1,554.5],[2090.5,547.9],[2082.9,540.3],[2078.3,539.9],[2076.8,543.2],[2074.3,544.3],[2069.4,541.5],[2067.4,542.7],[2063.5,547.6],[2062.1,547.3],[2062.6,542.4],[2061.7,539.1],[2062.8,534.6],[2061.7,530.6],[2060.5,529.3],[2058.0,530.2],[2055.8,529.6],[2055.0,528.0],[2055.8,525.1],[2053.8,522.7],[2052.1,523.6],[2051.1,522.3],[2047.5,523.2],[2048.0,524.5],[2044.9,525.2],[2044.1,527.9],[2040.7,528.6],[2037.5,528.1],[2036.0,530.9],[2036.6,538.1],[2034.2,538.7],[2033.6,538.3]]],[[[2076.7,593.9],[2076.8,595.1],[2077.5,595.2],[2077.3,594.4],[2076.7,593.9]]],[[[2079.1,597.3],[2079.0,598.2],[2079.4,598.7],[2079.4,597.8],[2079.1,597.3]]],[[[2060.9,614.3],[2061.0,614.9],[2061.5,615.0],[2060.9,614.3]]],[[[2061.0,616.2],[2061.1,617.4],[2061.4,616.7],[2061.0,616.2]]],[[[2048.8,628.2],[2049.1,631.8],[2049.4,628.8],[2048.8,628.2]]],[[[2054.5,632.9],[2054.8,633.9],[2055.2,634.4],[2054.9,633.6],[2054.5,632.9]]],[[[2059.6,641.2],[2059.5,642.0],[2060.1,642.4],[2059.8,641.0],[2059.6,641.2]]]]},"type":"Feature","properties":{"status":"normal","iso2":"TH","name":"Thailand","id":"Thailand"}},{"geometry":{"type":"MultiPolygon","coordinates":[[[[2443.8,712.3],[2443.1,711.1],[2442.1,711.1],[2443.6,712.8],[2443.8,712.3]]],[[[2419.3,718.3],[2420.8,717.4],[2423.3,717.9],[2425.6,716.7],[2420.9,715.9],[2419.1,717.1],[2419.1,718.0],[2419.3,718.3]]],[[[2428.7,719.4],[2428.9,719.2],[2428.7,718.6],[2428.3,719.3],[2428.7,719.4]]],[[[2414.1,739.8],[2414.0,738.2],[2413.1,739.4],[2413.6,740.2],[2414.1,739.8]]],[[[2440.3,739.6],[2441.0,739.8],[2441.0,739.3],[2440.8,739.3],[2440.3,739.6]]],[[[2433.9,749.6],[2436.8,752.2],[2439.4,751.7],[2441.1,753.4],[2447.0,753.2],[2453.6,750.0],[2455.1,746.8],[2460.1,746.3],[2459.3,742.3],[2462.2,741.1],[2462.7,736.9],[2461.4,735.9],[2461.7,735.1],[2459.5,736.3],[2456.9,735.5],[2457.1,741.2],[2453.7,742.4],[2450.9,746.4],[2447.5,746.2],[2445.4,746.9],[2444.6,745.0],[2445.8,742.8],[2445.2,742.5],[2444.1,743.8],[2443.8,746.1],[2442.6,746.7],[2438.9,747.3],[2431.8,746.4],[2431.4,748.2],[2432.3,749.1],[2433.9,749.6]]],[[[2422.9,745.8],[2422.7,744.5],[2421.6,744.1],[2422.5,746.1],[2422.9,745.8]]],[[[2429.0,749.0],[2428.8,747.1],[2427.1,746.8],[2428.5,749.6],[2429.0,749.0]]],[[[2373.9,778.6],[2381.9,778.4],[2385.4,779.5],[2387.1,779.0],[2391.0,776.6],[2391.4,774.6],[2389.0,771.9],[2384.7,771.1],[2384.1,770.0],[2385.0,770.9],[2393.0,770.3],[2393.6,769.4],[2392.0,767.3],[2394.9,768.5],[2395.5,767.8],[2396.4,768.1],[2394.5,763.4],[2398.1,766.2],[2399.0,765.1],[2400.4,766.1],[2400.2,764.0],[2400.6,764.8],[2401.2,764.0],[2401.7,765.1],[2402.0,764.5],[2403.1,765.2],[2403.6,764.5],[2404.1,766.4],[2410.1,767.6],[2412.7,769.4],[2416.2,776.8],[2418.2,777.8],[2418.6,780.2],[2420.9,781.6],[2423.4,786.3],[2426.9,786.3],[2429.1,787.2],[2431.3,786.7],[2431.0,787.5],[2438.6,788.5],[2439.8,789.7],[2441.0,789.5],[2439.7,789.9],[2441.7,791.3],[2445.4,790.3],[2443.3,788.9],[2443.5,788.4],[2447.3,787.6],[2444.4,787.6],[2440.0,785.6],[2438.9,784.0],[2441.3,782.5],[2436.0,781.2],[2436.0,777.1],[2431.0,777.3],[2430.2,774.4],[2428.8,772.9],[2428.3,768.6],[2425.9,767.8],[2421.6,763.1],[2420.2,759.6],[2420.3,757.4],[2425.7,757.4],[2427.2,756.2],[2427.0,754.0],[2425.2,751.4],[2421.6,750.5],[2417.4,747.9],[2412.1,746.1],[2411.6,745.0],[2412.2,742.0],[2411.1,739.2],[2409.7,737.7],[2407.0,736.6],[2402.4,732.1],[2399.8,732.0],[2395.0,728.6],[2388.6,727.2],[2376.7,721.5],[2375.0,753.0],[2373.6,756.8],[2374.6,759.7],[2373.2,778.0],[2373.9,778.6]]],[[[2393.3,771.3],[2393.8,771.8],[2394.1,772.0],[2394.0,771.4],[2393.3,771.3]]],[[[2393.4,771.9],[2391.7,771.9],[2393.2,772.5],[2393.4,771.9]]],[[[2390.5,772.2],[2393.5,774.5],[2392.0,772.7],[2390.5,772.2]]],[[[2444.0,780.6],[2443.7,778.8],[2442.7,778.9],[2442.6,780.3],[2443.8,781.4],[2444.0,780.6]]],[[[2445.3,782.3],[2447.6,783.0],[2448.1,781.9],[2445.0,780.0],[2444.6,782.4],[2445.3,782.3]]],[[[2447.2,790.4],[2446.3,790.7],[2446.9,791.2],[2447.2,790.4]]],[[[2445.4,720.7],[2447.6,722.1],[2448.9,721.2],[2447.6,719.8],[2445.6,720.2],[2445.4,720.7]]],[[[2451.2,724.8],[2452.1,724.6],[2452.6,724.4],[2451.9,724.3],[2451.2,724.8]]],[[[2464.8,725.9],[2465.3,726.9],[2464.9,725.4],[2464.8,725.9]]],[[[2464.6,732.0],[2461.3,727.9],[2452.0,721.6],[2451.5,722.6],[2462.9,730.4],[2465.1,734.8],[2465.1,738.3],[2466.4,740.9],[2468.5,735.9],[2466.5,732.8],[2465.1,732.3],[2464.6,732.0]]],[[[2480.0,745.3],[2479.4,742.5],[2479.4,746.2],[2480.0,745.3]]],[[[2481.8,752.8],[2483.1,753.9],[2484.3,757.4],[2486.8,758.1],[2488.6,757.4],[2488.4,755.4],[2487.0,753.0],[2485.2,751.9],[2482.5,747.7],[2479.8,746.0],[2480.1,750.0],[2481.8,752.8]]],[[[2487.2,760.6],[2487.7,760.4],[2487.2,759.7],[2486.3,760.4],[2487.2,760.6]]],[[[2450.4,773.2],[2450.7,771.8],[2450.0,773.0],[2450.4,773.2]]],[[[2450.1,774.2],[2450.5,775.4],[2450.3,773.7],[2450.1,774.2]]],[[[2464.0,778.3],[2462.9,776.7],[2461.3,777.1],[2463.6,778.7],[2464.0,778.3]]],[[[2447.7,785.5],[2449.6,786.8],[2450.5,786.0],[2450.2,784.9],[2449.4,785.8],[2446.8,783.3],[2447.5,784.5],[2447.7,785.5]]],[[[2459.6,790.9],[2461.0,791.7],[2461.8,791.1],[2459.6,790.9]]],[[[2469.9,797.5],[2472.1,797.5],[2471.3,797.1],[2469.9,797.5]]],[[[2466.3,799.7],[2467.7,799.0],[2464.0,797.6],[2465.0,799.1],[2465.9,799.2],[2466.3,799.7]]]]},"type":"Feature","properties":{"status":"nogroup","iso2":"PG","name":"Papua New Guinea","id":"Papua New Guinea"}},{"geometry":{"type":"MultiPolygon","coordinates":[[[[1406.0,308.8],[1406.2,311.9],[1407.4,313.3],[1406.5,310.0],[1406.0,308.8]]],[[[1408.7,311.8],[1408.8,312.3],[1409.4,312.2],[1408.7,311.8]]],[[[1400.4,306.1],[1403.3,312.3],[1404.3,310.0],[1405.1,310.3],[1406.1,307.6],[1408.5,308.5],[1409.9,310.0],[1410.9,313.8],[1414.6,316.7],[1411.7,316.5],[1413.5,319.0],[1418.1,322.9],[1423.1,323.4],[1429.2,327.8],[1429.1,326.5],[1420.1,317.8],[1418.8,314.1],[1416.2,312.2],[1416.2,308.8],[1417.2,308.6],[1419.7,310.3],[1421.6,308.3],[1429.9,309.7],[1433.9,309.5],[1437.7,311.5],[1438.6,310.7],[1438.5,309.2],[1440.8,308.6],[1438.0,306.9],[1438.5,305.8],[1437.5,305.3],[1436.4,302.2],[1434.3,303.6],[1431.1,303.8],[1427.3,302.2],[1421.5,297.8],[1419.5,297.2],[1418.8,297.5],[1419.3,298.6],[1418.1,298.3],[1414.8,300.3],[1415.2,302.9],[1412.2,304.3],[1413.3,304.8],[1412.5,306.4],[1407.7,304.6],[1405.7,306.2],[1402.7,306.6],[1400.4,306.1]]],[[[1411.1,315.3],[1411.7,315.9],[1412.3,315.7],[1409.0,312.8],[1411.1,315.3]]],[[[1410.2,317.8],[1411.5,319.1],[1412.1,319.4],[1410.9,318.1],[1410.2,317.8]]],[[[1412.6,319.9],[1413.3,320.6],[1414.1,321.0],[1412.6,319.9]]],[[[1421.1,324.5],[1422.7,325.1],[1423.9,324.5],[1421.0,324.1],[1421.1,324.5]]],[[[1421.0,325.9],[1426.1,326.2],[1422.5,325.7],[1421.0,325.9]]],[[[1424.1,328.2],[1426.3,328.0],[1424.3,327.5],[1422.6,328.0],[1424.1,328.2]]],[[[1426.3,327.5],[1435.6,331.8],[1430.6,328.2],[1429.6,328.3],[1430.1,328.7],[1427.5,327.4],[1425.7,327.5],[1426.3,327.5]]],[[[1428.0,329.5],[1429.5,329.8],[1430.2,330.0],[1429.1,329.5],[1428.0,329.5]]]]},"type":"Feature","properties":{"status":"normal","iso2":"HR","name":"Croatia","id":"Croatia"}},{"geometry":{"type":"MultiPolygon","coordinates":[[[[1015.5,39.9],[1016.4,40.1],[1017.0,40.1],[1016.2,39.7],[1015.5,39.9]]],[[[975.6,60.1],[979.5,59.7],[974.2,59.4],[974.6,59.9],[975.6,60.1]]],[[[968.6,59.5],[967.8,60.0],[970.7,60.2],[973.1,59.8],[968.6,59.5]]],[[[974.6,65.2],[977.1,65.2],[975.8,64.9],[974.6,65.2]]],[[[973.3,65.9],[973.7,66.3],[974.4,66.0],[973.3,65.9]]],[[[1029.1,84.5],[1026.7,84.7],[1026.2,85.0],[1028.1,84.8],[1029.1,84.5]]],[[[1029.0,87.6],[1027.5,88.6],[1029.8,87.5],[1029.0,87.6]]],[[[1025.5,91.6],[1027.8,91.3],[1028.6,90.8],[1027.0,90.9],[1025.5,91.6]]],[[[1026.5,92.4],[1027.4,92.0],[1026.5,92.1],[1025.7,92.3],[1026.5,92.4]]],[[[1028.9,93.7],[1026.3,94.6],[1027.9,94.9],[1030.1,93.5],[1028.9,93.7]]],[[[1024.4,97.5],[1025.5,96.7],[1024.1,97.3],[1024.4,97.5]]],[[[1021.8,107.3],[1022.1,107.8],[1022.8,107.2],[1022.0,107.0],[1021.8,107.3]]],[[[1021.3,110.2],[1023.4,111.1],[1021.1,110.8],[1020.1,112.0],[1021.6,112.8],[1019.8,112.3],[1018.7,112.8],[1024.7,114.0],[1024.2,114.3],[1027.0,113.6],[1025.7,114.1],[1026.2,114.6],[1021.6,114.6],[1023.1,115.9],[1032.7,114.5],[1035.5,112.6],[1034.9,111.6],[1028.5,108.7],[1023.3,108.5],[1021.2,109.7],[1021.3,110.2]]],[[[1028.3,119.9],[1024.7,120.5],[1027.6,120.7],[1030.1,120.0],[1028.3,119.9]]],[[[1024.7,121.5],[1023.4,122.3],[1024.8,121.9],[1024.7,121.5]]],[[[1020.7,125.0],[1021.0,124.9],[1021.1,124.3],[1020.4,124.6],[1020.7,125.0]]],[[[1017.6,126.7],[1017.4,126.9],[1017.6,127.5],[1018.3,126.9],[1017.6,126.7]]],[[[1016.5,133.4],[1015.3,134.0],[1017.8,133.4],[1019.1,133.3],[1016.5,133.4]]],[[[1015.6,134.4],[1016.7,134.2],[1017.1,134.0],[1015.6,134.4]]],[[[1012.8,143.4],[1013.7,142.6],[1012.1,143.2],[1012.8,143.4]]],[[[1012.4,144.0],[1013.1,144.4],[1013.1,143.7],[1012.8,143.7],[1012.4,144.0]]],[[[1019.7,150.9],[1017.3,152.3],[1020.3,151.0],[1019.7,150.9]]],[[[1018.2,153.6],[1021.9,151.2],[1020.6,151.1],[1018.2,153.6]]],[[[1017.6,152.6],[1016.7,153.2],[1018.1,152.8],[1017.6,152.6]]],[[[1024.2,175.8],[1023.2,175.8],[1022.7,176.0],[1023.5,176.0],[1024.2,175.8]]],[[[1030.3,78.1],[1029.7,78.4],[1029.6,78.4],[1030.3,78.6],[1030.3,78.1]]],[[[1027.6,78.9],[1027.1,79.1],[1031.9,78.6],[1030.6,78.6],[1027.6,78.9]]],[[[1029.7,83.8],[1031.4,83.2],[1028.3,83.6],[1029.0,83.6],[1029.7,83.8]]],[[[1030.5,85.3],[1030.0,85.3],[1032.3,86.3],[1031.6,85.8],[1030.5,85.3]]],[[[1029.8,86.4],[1029.1,86.8],[1028.7,87.1],[1029.4,87.0],[1029.8,86.4]]],[[[1031.1,89.8],[1031.8,89.2],[1030.5,89.0],[1029.6,89.4],[1031.1,89.8]]],[[[1031.3,90.3],[1027.3,91.6],[1030.3,91.5],[1032.0,90.7],[1031.3,90.3]]],[[[1031.6,91.4],[1030.6,91.7],[1030.1,92.0],[1031.0,91.9],[1031.6,91.4]]],[[[1030.9,92.2],[1029.9,92.2],[1029.4,92.3],[1030.2,92.4],[1030.9,92.2]]],[[[1035.5,101.6],[1039.4,100.8],[1035.9,100.8],[1035.4,101.4],[1035.5,101.6]]],[[[1032.0,101.4],[1030.2,102.6],[1032.7,102.7],[1033.1,101.2],[1032.0,101.4]]],[[[1039.9,103.5],[1039.6,104.3],[1042.0,104.1],[1040.4,103.5],[1039.9,103.5]]],[[[1041.1,105.4],[1040.6,105.2],[1040.0,105.3],[1041.5,105.8],[1041.1,105.4]]],[[[1042.4,106.9],[1041.4,106.5],[1040.9,106.6],[1042.4,106.9]]],[[[1040.8,111.0],[1038.6,112.8],[1038.9,113.9],[1042.7,111.8],[1041.8,111.2],[1040.8,111.0]]],[[[1030.0,124.7],[1032.7,124.1],[1029.3,124.6],[1030.0,124.7]]],[[[1056.9,179.7],[1057.4,179.6],[1057.9,179.4],[1056.4,179.5],[1056.9,179.7]]],[[[1034.2,180.0],[1036.7,179.0],[1032.9,180.5],[1034.2,180.0]]],[[[1035.8,180.4],[1034.8,180.7],[1034.3,180.9],[1035.1,180.8],[1035.8,180.4]]],[[[1037.7,180.9],[1036.6,181.1],[1036.1,181.4],[1037.7,180.9]]],[[[1039.3,185.0],[1041.4,183.5],[1040.2,183.6],[1039.3,185.0]]],[[[1044.2,186.4],[1046.1,186.1],[1044.5,185.8],[1044.2,186.4]]],[[[1050.3,186.4],[1050.3,187.0],[1051.1,186.4],[1050.5,186.3],[1050.3,186.4]]],[[[1045.3,186.6],[1044.8,187.0],[1047.2,186.4],[1046.1,186.3],[1045.3,186.6]]],[[[1047.7,188.0],[1048.7,187.4],[1047.2,186.9],[1045.9,187.9],[1047.4,187.4],[1047.1,188.1],[1047.7,188.0]]],[[[1154.6,25.9],[1156.2,25.5],[1153.8,25.7],[1154.6,25.9]]],[[[1156.3,26.9],[1157.2,26.8],[1152.2,25.7],[1149.2,26.1],[1156.3,26.9]]],[[[1144.2,26.4],[1145.1,26.4],[1146.5,26.4],[1145.3,26.2],[1144.2,26.4]]],[[[1152.9,27.4],[1154.0,26.9],[1144.7,26.7],[1151.1,27.5],[1150.6,27.3],[1152.9,27.4]]],[[[1119.3,28.2],[1121.0,28.2],[1117.7,27.8],[1119.3,28.2]]],[[[1112.2,28.5],[1115.6,28.2],[1112.8,28.1],[1112.2,28.5]]],[[[1110.9,30.3],[1111.5,29.9],[1109.1,29.9],[1110.6,30.4],[1110.9,30.3]]],[[[1117.0,30.7],[1124.8,32.2],[1125.3,32.1],[1124.5,31.5],[1127.6,30.8],[1122.8,29.0],[1114.5,29.3],[1116.4,30.4],[1117.0,30.7]]],[[[1091.9,31.4],[1093.0,31.4],[1093.5,31.2],[1092.7,31.1],[1091.9,31.4]]],[[[1192.5,89.9],[1189.6,90.4],[1192.0,90.4],[1192.5,89.9]]],[[[1172.2,104.9],[1174.1,104.2],[1171.4,104.3],[1171.7,104.8],[1172.2,104.9]]],[[[1025.0,180.0],[1024.2,180.2],[1025.7,181.0],[1029.4,179.4],[1027.1,179.3],[1032.4,179.1],[1031.6,179.8],[1032.7,180.0],[1033.0,179.1],[1035.9,178.1],[1037.0,178.7],[1037.5,178.3],[1036.9,177.9],[1040.7,176.2],[1039.9,176.9],[1040.5,177.5],[1038.0,179.2],[1041.0,178.2],[1042.2,176.9],[1042.6,177.6],[1043.7,177.0],[1042.1,178.3],[1037.1,179.8],[1038.4,179.6],[1036.2,180.6],[1038.7,179.8],[1038.4,180.5],[1039.1,180.4],[1042.3,179.0],[1037.1,181.9],[1039.3,181.4],[1038.6,181.7],[1039.2,182.6],[1042.1,181.1],[1039.9,182.5],[1042.2,181.6],[1041.2,182.8],[1045.2,180.9],[1040.8,185.2],[1045.9,182.4],[1040.9,185.9],[1042.7,186.3],[1043.3,185.8],[1043.4,186.4],[1047.9,183.5],[1047.1,185.0],[1048.1,185.1],[1047.0,185.6],[1048.4,186.1],[1047.8,186.6],[1049.8,186.9],[1050.2,185.8],[1052.3,186.4],[1051.7,185.7],[1053.0,185.4],[1051.9,184.7],[1053.4,184.5],[1052.3,183.5],[1052.9,183.2],[1050.7,183.9],[1052.1,182.7],[1048.3,181.6],[1051.2,181.4],[1053.1,182.6],[1056.0,181.9],[1054.5,181.6],[1056.7,181.0],[1053.8,181.1],[1055.7,181.2],[1056.3,180.4],[1055.4,180.2],[1057.1,180.0],[1053.4,179.0],[1056.3,179.3],[1058.3,178.1],[1053.2,177.5],[1058.3,177.5],[1056.1,176.9],[1059.1,176.5],[1056.2,175.8],[1059.7,175.9],[1060.6,174.4],[1057.8,173.9],[1061.0,174.2],[1062.5,173.0],[1059.8,172.4],[1063.5,172.2],[1064.0,170.5],[1062.3,170.9],[1064.4,168.5],[1061.2,166.7],[1065.6,167.7],[1064.2,166.9],[1064.6,166.5],[1061.0,164.8],[1064.1,165.3],[1065.3,164.2],[1064.6,163.9],[1067.1,164.5],[1065.1,165.3],[1067.1,164.9],[1070.3,163.7],[1068.1,162.4],[1068.1,161.5],[1070.2,162.7],[1070.9,162.6],[1069.8,161.4],[1072.2,162.0],[1072.2,161.1],[1070.8,159.6],[1074.1,161.4],[1072.3,159.4],[1074.5,160.6],[1073.4,159.7],[1073.8,159.0],[1075.2,159.9],[1074.7,159.1],[1077.5,159.0],[1076.4,157.7],[1073.2,157.1],[1073.6,156.8],[1079.2,157.6],[1078.7,155.7],[1079.9,154.3],[1075.3,153.3],[1082.0,152.6],[1081.1,151.7],[1081.5,150.1],[1079.7,148.2],[1081.3,146.9],[1086.3,147.2],[1086.1,146.5],[1088.5,145.7],[1088.0,145.0],[1088.7,144.6],[1087.0,144.1],[1087.4,143.4],[1089.0,143.6],[1090.4,142.5],[1091.8,143.5],[1092.5,142.2],[1095.8,143.1],[1095.6,142.4],[1096.8,142.3],[1096.9,143.1],[1098.7,142.4],[1099.5,141.4],[1098.3,140.7],[1098.5,139.9],[1099.1,140.7],[1100.4,140.4],[1102.8,137.7],[1101.3,137.2],[1106.6,137.7],[1103.5,138.8],[1101.8,140.8],[1105.0,141.3],[1106.2,139.8],[1106.3,141.2],[1109.5,139.4],[1110.0,140.7],[1115.2,139.0],[1114.8,136.8],[1118.3,138.2],[1118.5,136.9],[1118.7,137.5],[1119.8,137.5],[1123.1,135.9],[1123.4,134.5],[1124.1,135.0],[1123.7,135.6],[1126.3,134.3],[1126.5,133.0],[1129.6,131.6],[1131.8,128.4],[1134.9,126.9],[1139.6,126.0],[1140.8,124.7],[1139.0,123.4],[1140.5,123.2],[1139.0,122.0],[1139.9,120.5],[1141.6,122.8],[1143.6,123.4],[1142.9,123.8],[1143.8,124.5],[1149.6,124.3],[1148.4,123.2],[1150.4,124.3],[1152.1,124.2],[1151.0,123.2],[1153.0,122.3],[1156.4,123.3],[1157.6,122.2],[1163.8,121.8],[1164.4,120.9],[1166.0,121.3],[1173.7,120.2],[1179.4,117.7],[1178.9,117.6],[1180.8,117.5],[1180.8,116.8],[1182.5,116.5],[1181.7,116.1],[1182.2,115.7],[1184.8,115.8],[1184.1,115.7],[1184.5,114.7],[1187.3,114.7],[1188.3,114.1],[1187.6,113.6],[1190.4,113.8],[1191.1,113.0],[1190.5,112.4],[1192.6,112.3],[1193.0,111.5],[1195.0,112.1],[1194.1,111.5],[1199.7,110.2],[1198.8,109.6],[1193.2,109.8],[1185.8,108.2],[1183.3,108.5],[1183.9,107.7],[1183.3,107.6],[1174.5,108.9],[1171.7,110.3],[1165.1,109.8],[1170.1,109.6],[1177.9,107.6],[1175.7,106.8],[1184.5,105.6],[1183.7,105.0],[1184.3,104.1],[1183.0,103.5],[1183.2,102.8],[1175.3,104.1],[1169.9,106.0],[1168.6,107.1],[1169.9,107.5],[1162.5,107.1],[1167.1,106.5],[1169.8,104.5],[1168.5,103.4],[1172.3,103.5],[1171.3,102.3],[1173.8,103.7],[1177.2,103.7],[1181.2,103.1],[1185.0,101.4],[1183.4,99.8],[1174.4,99.0],[1175.8,98.2],[1173.0,97.0],[1173.6,96.9],[1170.5,96.7],[1170.3,95.3],[1178.1,99.3],[1180.9,98.9],[1189.2,101.1],[1190.7,102.7],[1191.1,105.4],[1192.7,106.5],[1197.9,107.4],[1199.6,104.6],[1199.7,106.6],[1203.4,107.4],[1204.2,106.5],[1203.6,105.7],[1204.7,105.2],[1203.5,104.7],[1205.1,103.5],[1203.5,103.5],[1204.3,102.7],[1202.0,102.9],[1205.0,102.2],[1204.1,101.4],[1205.6,100.4],[1203.4,100.2],[1201.1,101.3],[1202.2,99.3],[1204.8,98.3],[1201.0,99.2],[1201.9,98.1],[1198.8,98.8],[1202.2,97.1],[1191.5,93.3],[1186.9,94.8],[1188.0,93.4],[1185.7,93.2],[1191.2,92.9],[1192.0,92.2],[1191.7,91.3],[1188.7,90.4],[1183.3,91.9],[1184.0,91.1],[1178.6,90.2],[1185.3,90.7],[1191.5,88.9],[1185.3,87.9],[1180.8,88.3],[1178.2,89.6],[1178.9,88.8],[1178.2,88.1],[1182.7,88.1],[1184.2,87.2],[1179.7,86.0],[1187.1,87.6],[1194.3,85.7],[1190.6,82.9],[1194.5,85.3],[1198.4,83.7],[1207.4,84.9],[1204.6,85.2],[1199.8,84.2],[1198.2,85.0],[1204.8,87.2],[1216.2,86.0],[1218.1,83.1],[1210.8,82.0],[1209.7,84.7],[1209.5,82.7],[1207.2,81.8],[1209.4,81.1],[1208.2,80.2],[1211.7,79.6],[1210.5,78.3],[1212.7,79.2],[1218.9,79.3],[1220.4,80.4],[1222.3,80.7],[1226.6,79.0],[1225.4,78.6],[1225.1,77.7],[1216.1,77.9],[1218.4,77.3],[1218.1,76.4],[1219.1,75.1],[1213.5,75.8],[1210.5,74.5],[1213.6,75.5],[1219.8,74.6],[1217.4,73.2],[1212.3,72.3],[1215.4,72.5],[1212.4,71.3],[1213.3,71.1],[1218.0,73.0],[1222.2,73.5],[1222.9,74.4],[1225.2,74.3],[1226.4,73.0],[1225.9,71.1],[1226.6,70.6],[1222.3,68.9],[1226.2,67.9],[1220.8,66.5],[1221.6,66.9],[1219.7,66.9],[1222.7,68.0],[1219.6,67.1],[1216.6,67.3],[1217.2,66.5],[1216.6,66.2],[1213.3,66.1],[1217.0,65.5],[1215.2,64.9],[1214.0,65.5],[1212.8,64.5],[1215.3,63.2],[1217.3,64.5],[1218.9,64.5],[1223.9,62.4],[1232.9,63.7],[1235.3,63.4],[1236.5,61.8],[1235.2,60.5],[1231.1,60.9],[1229.0,59.7],[1223.0,58.9],[1226.9,58.7],[1223.8,58.1],[1225.7,57.8],[1233.0,58.4],[1230.7,56.4],[1224.1,56.2],[1220.0,58.8],[1220.6,58.3],[1218.4,58.0],[1222.5,55.3],[1221.0,55.1],[1223.0,54.8],[1225.6,52.3],[1224.1,52.1],[1226.1,51.2],[1225.4,50.9],[1230.8,50.5],[1232.3,49.3],[1236.6,48.1],[1233.1,48.3],[1236.9,45.0],[1242.5,44.5],[1246.6,43.3],[1244.1,42.5],[1236.8,43.1],[1239.1,42.7],[1237.2,42.0],[1234.7,42.8],[1235.8,43.2],[1233.6,44.5],[1230.5,44.3],[1232.4,43.3],[1232.0,42.9],[1236.7,41.9],[1247.8,42.1],[1254.0,40.6],[1236.9,39.8],[1229.7,40.3],[1259.9,38.7],[1261.4,38.0],[1260.3,37.3],[1272.2,35.8],[1275.1,34.6],[1257.6,32.9],[1250.0,33.4],[1250.5,34.1],[1246.6,35.4],[1240.8,34.9],[1236.4,35.6],[1238.3,34.3],[1221.3,38.2],[1214.5,40.5],[1227.5,35.1],[1229.3,32.9],[1227.1,32.1],[1222.0,32.3],[1217.5,34.1],[1203.8,35.9],[1202.3,35.4],[1212.3,34.2],[1214.3,33.0],[1211.6,32.2],[1199.4,32.4],[1177.8,34.3],[1180.4,32.9],[1192.8,32.1],[1191.8,31.6],[1212.9,31.7],[1227.3,30.9],[1234.1,29.4],[1229.2,28.3],[1222.3,28.7],[1223.2,28.0],[1221.4,27.7],[1213.9,28.6],[1219.4,27.4],[1215.0,26.5],[1195.3,26.9],[1169.9,28.6],[1173.1,27.7],[1184.3,27.3],[1181.0,26.7],[1215.9,26.1],[1212.0,25.1],[1198.1,24.6],[1179.4,24.6],[1180.3,25.0],[1179.8,25.1],[1177.8,24.5],[1169.4,24.5],[1166.6,25.0],[1167.8,25.6],[1163.4,24.9],[1157.4,25.3],[1159.0,26.5],[1164.7,26.6],[1154.3,27.5],[1156.6,28.3],[1155.8,28.6],[1140.0,25.9],[1134.0,26.4],[1138.1,26.9],[1126.3,26.7],[1131.7,27.8],[1123.0,27.0],[1120.8,27.4],[1123.2,27.9],[1119.9,27.7],[1146.1,28.6],[1149.3,29.1],[1149.7,30.1],[1148.8,30.5],[1143.2,28.6],[1141.1,28.9],[1141.8,29.3],[1141.3,30.0],[1138.5,28.5],[1125.2,28.5],[1124.0,28.8],[1131.4,30.4],[1130.6,30.8],[1137.0,31.4],[1127.7,30.9],[1126.2,31.7],[1126.9,32.0],[1124.6,32.6],[1126.9,33.4],[1124.5,33.7],[1105.4,29.9],[1098.1,30.0],[1099.2,31.8],[1103.2,32.8],[1096.1,32.8],[1100.7,34.4],[1099.9,34.5],[1092.2,32.9],[1095.2,32.6],[1089.0,30.8],[1086.6,31.6],[1087.9,32.4],[1086.3,33.4],[1081.8,35.0],[1084.5,32.6],[1084.4,31.2],[1080.3,30.8],[1057.6,32.6],[1067.6,35.8],[1060.4,34.5],[1058.4,33.1],[1050.5,32.9],[1047.7,34.1],[1047.6,34.8],[1048.7,35.2],[1046.0,36.0],[1045.7,37.2],[1036.0,36.8],[1034.8,37.6],[1035.5,39.3],[1033.8,37.3],[1032.5,37.2],[1012.8,41.0],[1010.4,42.1],[1010.1,42.6],[1017.1,43.4],[1026.6,42.8],[1020.8,43.5],[1018.1,46.5],[1015.9,47.5],[1009.2,48.8],[995.5,49.8],[983.5,52.2],[974.8,52.7],[972.1,53.8],[972.3,54.4],[969.9,54.9],[973.4,56.6],[976.8,56.7],[975.6,57.4],[982.3,56.9],[978.7,57.8],[984.0,57.7],[979.6,58.7],[982.3,59.3],[986.5,59.3],[988.0,58.2],[991.8,59.1],[997.8,57.9],[999.9,58.8],[996.9,59.7],[997.3,60.6],[991.9,59.8],[984.2,60.5],[986.6,61.2],[997.5,61.1],[996.5,61.3],[976.9,61.1],[971.3,62.2],[973.5,62.8],[971.9,63.0],[973.3,63.8],[978.7,62.3],[979.4,62.4],[975.9,63.9],[985.2,64.3],[984.3,65.2],[979.8,65.2],[975.5,66.3],[980.0,67.9],[979.6,68.4],[987.2,69.2],[988.3,69.0],[986.0,67.7],[988.1,67.4],[989.9,68.2],[993.8,67.2],[994.4,67.4],[992.9,68.3],[994.1,68.7],[1000.5,67.1],[1001.9,67.9],[1008.1,66.7],[1008.9,67.6],[1010.8,67.1],[1018.2,67.9],[1017.9,68.7],[1023.1,69.1],[1022.4,69.8],[1025.5,69.8],[1024.7,70.2],[1025.8,70.8],[1028.1,70.6],[1027.4,70.9],[1028.2,71.5],[1027.8,72.4],[1025.2,73.1],[1027.5,72.8],[1026.8,74.8],[1031.4,76.0],[1032.1,76.6],[1030.4,77.8],[1033.7,78.6],[1030.7,79.2],[1033.0,79.5],[1030.7,79.9],[1032.3,80.2],[1026.2,81.5],[1032.4,80.6],[1030.9,81.7],[1032.6,82.1],[1031.9,82.4],[1033.3,83.1],[1032.4,83.7],[1033.1,84.2],[1030.9,84.3],[1034.2,86.8],[1030.1,88.3],[1033.8,89.1],[1033.9,90.1],[1032.6,90.7],[1033.7,90.9],[1031.1,92.2],[1034.2,92.7],[1027.2,93.0],[1031.8,93.6],[1026.0,96.5],[1028.3,96.6],[1032.4,94.8],[1022.5,98.5],[1024.5,100.6],[1024.9,99.8],[1027.5,100.8],[1030.9,100.5],[1032.2,99.8],[1032.1,98.2],[1033.6,98.7],[1036.0,97.4],[1035.9,94.3],[1037.7,93.7],[1036.3,94.4],[1036.6,97.8],[1040.5,96.3],[1036.7,98.4],[1038.7,98.6],[1035.9,98.5],[1035.5,99.4],[1044.7,98.2],[1045.2,98.3],[1043.5,99.2],[1036.9,100.4],[1046.0,99.9],[1041.9,100.3],[1038.5,101.8],[1040.2,102.0],[1043.8,100.7],[1043.7,101.6],[1040.1,102.2],[1044.7,102.3],[1044.0,102.7],[1046.2,103.1],[1040.8,103.1],[1046.3,104.5],[1045.7,105.1],[1042.6,105.1],[1046.2,105.8],[1044.7,105.8],[1045.4,106.6],[1042.4,106.3],[1044.0,107.4],[1046.1,106.7],[1044.9,108.0],[1035.3,105.1],[1027.9,104.6],[1024.9,105.6],[1027.6,107.5],[1032.4,108.3],[1035.6,110.1],[1041.7,110.3],[1040.2,110.7],[1040.9,110.7],[1046.0,110.2],[1044.3,111.2],[1045.0,112.3],[1042.6,112.4],[1041.9,112.9],[1043.4,113.3],[1041.5,113.2],[1040.9,114.1],[1043.9,114.1],[1041.1,114.4],[1038.2,116.3],[1041.7,115.6],[1042.9,116.6],[1040.7,117.2],[1042.1,117.7],[1040.7,118.2],[1040.1,117.4],[1038.3,117.4],[1039.0,116.9],[1038.0,117.0],[1035.4,119.6],[1038.4,119.2],[1037.0,119.8],[1037.0,120.6],[1033.9,121.1],[1029.3,120.6],[1028.6,120.8],[1030.2,120.9],[1022.4,123.0],[1031.3,123.3],[1027.4,123.8],[1029.0,124.2],[1033.7,122.5],[1032.1,122.0],[1036.7,121.5],[1033.2,123.3],[1034.7,123.8],[1032.4,123.8],[1038.4,125.6],[1025.7,123.7],[1024.8,123.8],[1026.3,124.6],[1021.3,123.8],[1023.7,125.0],[1021.3,124.9],[1022.9,125.1],[1019.9,125.8],[1020.1,126.6],[1018.2,126.4],[1018.3,127.3],[1016.9,128.3],[1017.5,128.7],[1015.0,130.8],[1030.8,129.4],[1028.6,129.8],[1029.9,131.2],[1033.9,131.0],[1029.7,131.6],[1027.1,130.0],[1014.7,131.3],[1014.1,131.5],[1017.0,131.7],[1014.8,132.0],[1017.0,132.5],[1014.0,132.6],[1018.1,133.2],[1021.4,132.7],[1022.5,133.7],[1018.0,133.7],[1019.4,133.9],[1017.2,134.5],[1019.5,134.6],[1014.9,135.1],[1016.8,136.0],[1020.2,135.9],[1014.3,136.1],[1012.1,137.6],[1015.3,137.9],[1011.8,139.0],[1013.1,139.3],[1018.2,137.4],[1012.5,139.6],[1014.0,139.8],[1012.5,140.0],[1013.3,140.4],[1015.4,139.8],[1013.2,140.6],[1013.9,140.9],[1022.1,139.5],[1021.8,140.2],[1018.4,141.1],[1012.9,141.7],[1014.5,141.5],[1012.9,142.1],[1014.1,142.4],[1015.9,141.5],[1015.0,142.5],[1015.8,142.6],[1014.3,143.3],[1016.6,142.5],[1015.1,143.9],[1015.9,143.7],[1015.4,144.4],[1017.9,143.9],[1015.6,144.8],[1014.5,146.2],[1016.0,145.2],[1016.7,145.3],[1016.2,146.0],[1017.6,145.4],[1016.3,146.5],[1015.6,148.8],[1019.2,147.7],[1015.1,149.8],[1014.0,153.6],[1015.8,153.0],[1020.0,149.4],[1021.4,149.5],[1019.9,150.5],[1020.7,150.5],[1023.1,149.5],[1024.1,148.0],[1025.3,149.4],[1027.9,148.5],[1026.5,150.7],[1028.2,152.7],[1025.9,151.7],[1024.6,149.8],[1022.2,150.3],[1023.7,151.1],[1023.3,151.5],[1025.3,151.6],[1020.5,152.5],[1020.1,152.9],[1020.7,153.2],[1019.7,153.7],[1015.5,153.7],[1017.1,153.9],[1015.5,154.3],[1019.1,154.6],[1023.7,152.6],[1022.3,153.6],[1024.3,153.5],[1024.8,154.1],[1015.8,154.9],[1016.4,156.3],[1019.0,155.8],[1014.6,157.4],[1015.3,157.3],[1014.7,157.7],[1016.0,158.9],[1017.0,157.9],[1020.1,157.8],[1017.0,158.3],[1016.6,158.8],[1018.7,158.7],[1015.8,159.5],[1017.5,160.0],[1015.7,160.8],[1017.1,161.1],[1016.6,161.5],[1020.9,161.1],[1018.1,162.4],[1018.4,163.0],[1019.6,162.9],[1018.4,164.4],[1020.7,163.2],[1018.4,165.0],[1021.3,163.8],[1017.5,167.1],[1022.1,168.9],[1020.6,169.6],[1022.1,169.7],[1019.9,170.0],[1020.4,170.4],[1019.8,170.9],[1022.1,170.6],[1024.0,169.3],[1024.6,170.2],[1022.3,170.8],[1020.8,172.2],[1021.5,171.9],[1021.2,172.7],[1024.5,171.1],[1021.9,172.9],[1023.1,172.6],[1022.1,173.7],[1024.3,173.7],[1020.7,174.3],[1025.9,174.5],[1021.5,175.7],[1025.0,175.8],[1023.5,176.3],[1023.9,177.0],[1025.1,176.8],[1024.5,177.5],[1027.7,176.0],[1025.5,177.1],[1027.5,177.5],[1027.2,178.1],[1024.2,178.7],[1027.8,178.6],[1024.1,179.9],[1025.0,180.0]],[[1049.8,185.2],[1048.5,185.2],[1049.1,185.1],[1049.8,185.2]],[[1021.0,127.3],[1030.6,125.3],[1026.0,126.2],[1030.0,127.0],[1031.3,126.6],[1030.7,125.8],[1032.8,125.4],[1033.7,125.6],[1031.5,126.0],[1031.8,126.5],[1033.8,126.7],[1035.1,125.8],[1037.1,126.3],[1031.1,127.1],[1033.1,127.7],[1036.9,127.1],[1033.1,128.1],[1036.7,128.8],[1035.9,128.9],[1023.7,127.0],[1019.2,128.2],[1021.0,127.3]],[[1022.0,136.0],[1030.6,132.7],[1034.5,132.0],[1033.0,132.2],[1035.3,132.6],[1029.9,133.1],[1033.0,133.6],[1028.0,133.8],[1020.2,136.8],[1022.0,136.0]],[[1018.3,143.8],[1023.3,141.6],[1027.6,142.4],[1022.3,141.9],[1019.7,143.2],[1018.3,143.8]],[[1019.7,147.9],[1020.8,147.7],[1019.3,148.1],[1019.7,147.9]],[[1024.1,147.5],[1023.5,147.4],[1023.5,145.9],[1024.6,146.2],[1024.2,146.7],[1024.1,147.5]],[[1018.3,160.0],[1019.4,159.9],[1020.3,159.7],[1019.5,160.0],[1018.3,160.0]],[[1054.3,180.1],[1053.4,179.8],[1055.0,180.1],[1054.3,180.1]],[[1220.3,63.1],[1218.1,63.1],[1219.0,63.0],[1220.3,63.1]],[[1186.4,31.5],[1187.5,31.4],[1188.2,31.4],[1186.4,31.5]],[[1162.5,27.3],[1161.5,27.3],[1160.7,27.2],[1162.5,27.3]],[[1224.6,59.7],[1225.3,59.6],[1226.4,59.6],[1225.2,59.7],[1224.6,59.7]],[[1215.0,69.1],[1216.4,69.0],[1216.9,69.0],[1215.0,69.1]],[[1171.5,99.4],[1169.8,99.3],[1172.4,99.2],[1171.5,99.4]],[[1025.3,125.4],[1027.4,125.4],[1026.5,125.6],[1025.3,125.4]]],[[[1179.2,106.6],[1178.1,107.0],[1179.7,106.8],[1179.2,106.6]]],[[[1192.8,112.4],[1191.8,112.9],[1193.4,112.5],[1192.8,112.4]]],[[[1152.3,123.9],[1153.8,123.9],[1152.9,123.4],[1152.3,123.9]]],[[[1107.8,141.6],[1109.4,140.4],[1107.9,141.0],[1107.8,141.6]]],[[[1106.8,142.0],[1107.4,141.4],[1107.5,141.0],[1106.9,141.3],[1106.8,142.0]]],[[[1101.7,142.9],[1104.3,141.8],[1101.7,141.1],[1100.3,142.9],[1101.1,143.3],[1101.7,142.9]]],[[[1105.4,143.1],[1106.1,142.4],[1105.3,142.2],[1104.6,142.5],[1105.4,143.1]]],[[[1089.6,145.5],[1090.3,145.1],[1089.6,145.0],[1088.8,145.2],[1089.6,145.5]]],[[[1083.5,151.3],[1082.5,150.9],[1082.7,148.8],[1081.4,148.4],[1082.3,151.1],[1083.6,151.9],[1083.5,151.3]]],[[[1078.0,153.7],[1080.4,153.7],[1078.7,153.1],[1078.0,153.7]]],[[[1073.5,161.6],[1073.3,161.6],[1072.8,161.9],[1073.5,162.0],[1073.5,161.6]]],[[[1070.6,163.9],[1071.4,163.2],[1071.6,162.8],[1070.9,163.2],[1070.6,163.9]]],[[[1066.2,166.4],[1066.1,166.2],[1065.5,166.3],[1065.8,167.0],[1066.2,166.4]]],[[[1238.2,33.2],[1239.2,32.6],[1236.0,31.7],[1237.6,33.1],[1238.2,33.2]]],[[[1244.7,34.4],[1245.5,34.1],[1242.3,33.9],[1244.7,34.4]]],[[[1233.7,34.6],[1235.9,34.5],[1236.7,34.3],[1235.2,34.1],[1233.7,34.6]]],[[[1242.2,49.4],[1243.8,49.0],[1243.5,48.3],[1241.4,49.8],[1242.2,49.4]]],[[[1234.7,51.0],[1234.5,50.2],[1232.7,50.9],[1235.1,51.2],[1234.3,51.1],[1234.7,51.0]]],[[[1240.5,50.6],[1239.8,50.8],[1239.7,51.3],[1240.5,50.6]]],[[[1238.7,51.7],[1238.2,51.9],[1237.7,52.4],[1239.3,51.8],[1238.7,51.7]]],[[[1234.2,53.4],[1233.5,53.4],[1234.2,53.9],[1234.2,53.4]]],[[[1234.0,54.4],[1235.0,54.2],[1235.5,54.1],[1234.7,54.0],[1234.0,54.4]]],[[[1228.0,54.7],[1226.9,54.6],[1226.3,54.8],[1227.2,54.9],[1228.0,54.7]]],[[[1235.4,55.0],[1234.4,55.1],[1233.8,55.4],[1234.6,55.3],[1235.4,55.0]]],[[[1223.1,56.0],[1222.6,56.3],[1222.2,56.7],[1223.7,56.0],[1223.1,56.0]]],[[[1239.6,56.7],[1237.4,58.0],[1240.1,57.7],[1240.7,56.6],[1239.6,56.7]]],[[[1219.9,65.2],[1220.6,64.7],[1218.3,65.0],[1219.8,65.2],[1219.9,65.2]]],[[[1220.7,66.2],[1221.6,66.1],[1222.1,65.5],[1219.9,65.9],[1220.7,66.2]]],[[[1223.9,66.0],[1223.2,66.1],[1222.3,66.4],[1224.6,66.1],[1223.9,66.0]]],[[[1231.9,68.4],[1232.7,64.7],[1231.8,64.1],[1231.2,64.6],[1231.9,64.8],[1230.4,65.7],[1231.6,68.9],[1231.9,68.4]]],[[[1223.7,66.5],[1222.1,66.7],[1224.4,66.7],[1223.7,66.5]]],[[[1228.2,75.5],[1235.3,75.6],[1236.6,74.7],[1234.4,74.9],[1232.7,74.1],[1234.3,73.5],[1233.8,72.9],[1229.7,73.4],[1228.4,74.6],[1228.2,75.5]]],[[[1221.2,77.5],[1223.2,76.6],[1221.4,76.2],[1222.3,75.5],[1221.0,75.1],[1218.4,76.7],[1220.3,77.6],[1221.2,77.5]]],[[[1227.4,77.8],[1225.9,78.2],[1228.2,78.2],[1227.4,77.8]]],[[[1214.1,79.5],[1210.9,80.7],[1214.2,81.7],[1219.8,81.1],[1216.0,79.3],[1214.1,79.5]]],[[[1193.9,87.0],[1201.3,87.4],[1194.5,85.9],[1191.3,87.0],[1193.9,87.0]]],[[[1207.0,90.9],[1206.1,90.5],[1207.8,89.9],[1201.3,88.5],[1196.9,88.7],[1194.2,89.9],[1200.2,89.9],[1203.5,91.3],[1207.2,91.4],[1207.0,90.9]]],[[[1202.7,93.0],[1206.4,93.5],[1200.3,90.3],[1195.0,90.1],[1194.0,90.9],[1194.9,92.6],[1203.0,95.4],[1205.3,94.5],[1202.6,93.4],[1202.7,93.0]]]]},"type":"Feature","properties":{"status":"nogroup","iso2":"GL","name":"Greenland","id":"Greenland"}},{"geometry":{"type":"MultiPolygon","coordinates":[[[[1366.0,212.6],[1367.4,213.8],[1366.7,213.0],[1369.6,210.3],[1378.6,209.9],[1379.8,208.2],[1379.6,205.6],[1380.2,204.5],[1376.1,206.1],[1373.0,209.1],[1367.4,209.8],[1365.9,211.8],[1366.0,212.6]]],[[[1368.6,212.9],[1369.5,210.8],[1367.3,212.5],[1368.1,213.1],[1368.6,212.9]]],[[[1364.7,218.7],[1365.1,222.3],[1365.8,222.0],[1368.0,224.4],[1366.8,225.3],[1368.0,225.9],[1368.2,227.1],[1374.9,228.0],[1374.5,226.8],[1373.0,226.4],[1374.6,224.6],[1374.2,222.7],[1375.5,221.6],[1373.9,221.0],[1376.4,220.9],[1376.6,220.3],[1375.8,219.7],[1377.9,219.1],[1378.6,216.6],[1379.6,216.5],[1379.9,217.7],[1381.7,216.6],[1382.4,214.9],[1379.5,214.0],[1377.7,214.8],[1378.4,213.1],[1375.8,213.3],[1378.7,212.8],[1377.5,210.4],[1372.5,210.4],[1371.4,211.7],[1372.2,214.3],[1370.6,213.4],[1370.5,212.5],[1369.2,212.9],[1368.0,214.7],[1365.1,213.1],[1364.5,217.6],[1366.3,219.3],[1365.2,219.5],[1364.7,218.7]]],[[[1374.9,223.2],[1376.6,225.7],[1376.9,225.1],[1378.0,226.2],[1380.4,226.3],[1381.6,225.0],[1380.4,221.7],[1379.4,223.0],[1379.2,222.3],[1377.9,222.2],[1374.7,222.6],[1374.9,223.2]]],[[[1379.7,226.7],[1380.4,226.9],[1380.6,226.9],[1380.4,226.4],[1379.7,226.7]]],[[[1374.6,226.4],[1375.9,227.9],[1376.8,227.6],[1375.2,226.3],[1374.6,226.4]]],[[[1377.7,226.9],[1378.5,227.7],[1379.2,228.2],[1378.9,227.5],[1377.7,226.9]]],[[[1382.7,208.7],[1383.4,207.9],[1382.0,208.4],[1382.7,208.7]]],[[[1380.1,219.1],[1379.8,220.2],[1380.7,219.5],[1380.1,219.1]]],[[[1392.7,222.0],[1393.1,222.2],[1393.3,221.5],[1392.5,221.6],[1392.7,222.0]]],[[[1382.3,220.8],[1384.2,223.1],[1383.5,223.9],[1384.8,225.1],[1387.3,225.2],[1387.3,226.2],[1388.4,226.9],[1387.6,227.0],[1387.9,228.1],[1383.9,227.1],[1382.8,228.4],[1386.3,229.7],[1388.3,229.1],[1388.9,230.2],[1390.1,228.1],[1388.7,226.7],[1390.4,226.7],[1390.2,225.5],[1392.0,224.4],[1390.7,222.6],[1392.7,221.0],[1393.0,218.3],[1391.3,217.7],[1388.7,218.6],[1389.7,220.1],[1389.1,221.4],[1389.2,219.4],[1387.7,221.2],[1387.0,219.0],[1385.5,218.9],[1385.7,219.9],[1383.8,220.6],[1382.3,220.8]]],[[[1407.7,224.9],[1406.5,225.5],[1407.7,226.5],[1408.8,226.4],[1409.0,225.4],[1407.7,224.9]]],[[[1390.2,227.7],[1392.6,226.7],[1390.5,226.8],[1390.2,227.7]]],[[[1380.8,227.6],[1381.2,228.9],[1382.1,225.9],[1381.7,226.7],[1380.8,227.6]]]]},"type":"Feature","properties":{"status":"normal","iso2":"DK","name":"Denmark","id":"Denmark"}},{"geometry":{"type":"MultiPolygon","coordinates":[[[[1998.4,525.2],[1998.7,525.9],[1999.6,527.5],[1999.1,526.1],[1998.4,525.2]]],[[[2002.3,526.7],[2003.2,527.9],[2002.4,526.4],[2002.3,526.7]]],[[[2006.8,531.0],[2004.9,530.1],[2005.7,531.8],[2007.1,531.4],[2006.8,531.0]]],[[[1991.8,515.6],[1993.2,519.4],[1996.5,523.2],[1996.4,521.0],[1998.1,524.9],[1999.1,521.2],[1998.8,524.1],[1999.8,524.1],[1999.5,525.7],[2000.4,527.4],[2000.1,525.9],[2001.0,527.5],[2000.0,525.1],[2004.1,526.7],[2003.9,528.2],[2005.6,528.5],[2005.3,529.3],[2007.2,531.9],[2003.6,531.7],[2007.4,535.8],[2006.9,532.9],[2007.7,533.0],[2007.7,531.6],[2008.2,535.4],[2010.0,536.8],[2009.4,537.2],[2011.8,540.9],[2013.8,547.9],[2012.4,557.4],[2012.8,560.4],[2014.5,559.1],[2015.8,556.0],[2015.0,561.0],[2016.6,559.1],[2015.4,561.2],[2016.1,561.9],[2018.0,558.4],[2017.5,562.5],[2018.3,562.5],[2019.4,559.4],[2019.2,561.2],[2020.0,562.4],[2020.9,559.3],[2020.8,562.5],[2022.2,562.7],[2023.5,558.7],[2025.0,558.8],[2025.7,557.4],[2027.4,557.0],[2026.7,553.8],[2027.2,553.5],[2027.1,555.0],[2028.5,556.1],[2030.7,554.8],[2031.5,552.8],[2031.0,548.0],[2033.6,550.8],[2035.7,555.7],[2038.4,555.7],[2037.7,556.7],[2037.8,560.2],[2039.2,563.0],[2040.7,570.7],[2042.1,572.0],[2041.6,572.4],[2043.3,576.5],[2044.1,581.7],[2044.0,577.3],[2048.3,587.1],[2049.2,590.9],[2048.6,591.5],[2049.3,592.3],[2048.2,592.7],[2049.5,593.4],[2049.1,597.7],[2050.6,596.6],[2050.9,597.7],[2050.0,598.8],[2050.2,603.4],[2048.6,606.8],[2050.0,612.6],[2051.7,606.4],[2056.2,599.3],[2056.8,596.9],[2052.1,586.1],[2051.4,579.8],[2045.0,572.1],[2043.5,569.0],[2043.7,567.0],[2044.7,567.0],[2046.0,565.4],[2045.4,560.4],[2047.3,559.1],[2047.5,557.2],[2047.0,556.5],[2046.0,557.8],[2043.7,552.2],[2037.8,546.1],[2035.9,540.8],[2034.5,540.4],[2033.5,538.2],[2035.1,538.9],[2036.7,538.0],[2036.1,531.0],[2037.6,528.1],[2040.9,528.7],[2044.1,527.9],[2044.8,525.2],[2048.0,524.5],[2047.5,523.2],[2050.9,522.3],[2051.9,522.9],[2052.5,519.8],[2055.2,518.6],[2054.8,517.7],[2055.6,515.1],[2057.9,513.5],[2058.3,512.3],[2057.9,510.6],[2054.8,513.0],[2051.3,513.5],[2048.8,508.2],[2043.2,507.7],[2043.6,501.6],[2044.7,500.7],[2043.5,499.3],[2040.0,498.3],[2037.3,492.5],[2038.1,489.9],[2033.1,490.3],[2029.7,492.4],[2028.9,492.2],[2029.6,489.7],[2027.9,486.6],[2027.8,484.9],[2028.9,484.1],[2028.8,480.5],[2030.1,480.5],[2030.7,477.6],[2032.1,477.5],[2033.0,475.6],[2034.3,475.4],[2033.0,473.1],[2034.0,472.7],[2033.6,468.1],[2031.3,461.1],[2029.2,459.4],[2028.7,460.6],[2026.0,455.1],[2021.2,452.0],[2020.4,457.2],[2018.2,460.5],[2020.7,464.5],[2019.6,464.4],[2017.6,462.5],[2013.5,463.1],[2008.9,467.8],[2006.7,469.0],[2007.5,474.2],[2006.9,476.6],[2004.9,479.8],[2005.9,484.0],[2003.2,492.7],[1997.0,491.0],[1998.2,497.0],[1998.0,499.5],[1996.8,499.6],[1998.0,506.7],[1997.0,506.9],[1996.7,508.7],[1994.5,507.3],[1993.9,508.9],[1995.2,514.7],[1993.0,513.6],[1992.2,513.6],[1991.8,514.6],[1991.8,515.6]]],[[[2004.9,535.6],[2004.1,535.9],[2005.8,537.0],[2005.5,535.7],[2004.9,535.6]]],[[[2036.7,556.4],[2037.1,557.9],[2037.6,556.8],[2036.9,556.2],[2036.7,556.4]]],[[[2015.5,558.4],[2014.0,560.4],[2014.2,561.4],[2015.6,559.0],[2015.5,558.4]]],[[[2044.0,592.6],[2044.3,591.8],[2043.6,591.8],[2043.7,592.3],[2044.0,592.6]]],[[[2045.9,586.4],[2045.8,585.7],[2045.3,585.3],[2045.7,586.7],[2045.9,586.4]]],[[[2046.7,591.9],[2047.3,590.2],[2046.1,589.7],[2046.4,592.0],[2046.7,591.9]]],[[[2047.5,594.4],[2048.2,596.1],[2048.9,595.5],[2048.1,595.0],[2047.5,594.4]]],[[[2047.8,598.7],[2048.6,599.2],[2048.4,597.8],[2047.6,597.1],[2047.3,597.6],[2047.8,598.7]]],[[[2046.5,599.6],[2046.5,596.9],[2045.9,599.9],[2046.5,599.6]]],[[[2046.1,604.2],[2045.6,604.8],[2046.5,604.9],[2047.3,606.2],[2046.7,604.8],[2046.1,604.2]]],[[[2046.8,612.5],[2046.9,613.2],[2047.4,612.7],[2047.5,612.0],[2046.8,612.5]]]]},"type":"Feature","properties":{"status":"normal","iso2":"MM","name":"Myanmar","id":"Myanmar"}},{"geometry":{"type":"MultiPolygon","coordinates":[[[[1448.7,160.3],[1448.2,160.3],[1448.9,160.4],[1448.7,160.3]]],[[[1443.8,161.4],[1443.5,160.7],[1442.5,161.0],[1443.2,161.6],[1443.8,161.4]]],[[[1445.6,182.1],[1446.2,182.1],[1446.4,182.1],[1445.7,181.7],[1445.6,182.1]]],[[[1448.5,183.0],[1450.0,183.7],[1448.7,182.6],[1448.5,183.0]]],[[[1437.3,185.5],[1437.4,184.2],[1439.1,184.5],[1436.4,183.3],[1436.4,184.8],[1435.4,184.1],[1436.2,185.5],[1437.3,185.5]]],[[[1434.8,184.4],[1434.7,184.8],[1435.3,185.0],[1435.1,184.0],[1434.8,184.4]]],[[[1438.5,186.2],[1438.9,186.1],[1438.4,185.7],[1437.9,185.7],[1437.5,185.9],[1438.5,186.2]]],[[[1461.9,147.8],[1463.6,147.4],[1462.0,147.0],[1461.2,147.6],[1461.9,147.8]]],[[[1436.7,117.7],[1444.1,121.3],[1449.1,122.6],[1453.0,125.2],[1452.7,128.5],[1454.4,129.4],[1453.7,131.2],[1455.8,133.9],[1454.9,138.0],[1458.5,141.6],[1460.4,141.6],[1461.2,142.6],[1464.9,143.9],[1465.0,146.5],[1466.4,147.5],[1465.4,148.2],[1465.9,148.9],[1462.2,148.8],[1460.1,151.4],[1455.1,155.0],[1455.4,155.8],[1452.9,156.8],[1452.3,158.1],[1449.2,159.0],[1449.9,160.5],[1447.0,161.4],[1445.1,160.7],[1445.7,162.7],[1444.4,163.1],[1442.6,165.8],[1444.3,168.2],[1444.7,171.5],[1447.0,174.3],[1446.1,174.3],[1446.1,177.2],[1445.1,177.9],[1446.3,181.7],[1452.9,183.4],[1452.9,184.3],[1456.3,183.6],[1455.3,185.1],[1457.4,186.1],[1455.6,187.9],[1459.0,186.4],[1458.1,187.0],[1463.0,186.1],[1464.9,186.4],[1471.8,183.5],[1473.4,184.5],[1473.6,182.7],[1475.5,183.4],[1480.8,182.1],[1484.1,182.6],[1494.4,175.0],[1503.0,166.7],[1504.2,164.0],[1503.9,162.9],[1494.1,157.2],[1496.6,155.4],[1497.2,153.9],[1493.3,151.4],[1493.7,149.4],[1490.7,148.2],[1490.7,147.2],[1491.7,146.6],[1490.2,145.5],[1490.8,143.6],[1490.3,142.7],[1492.4,142.0],[1485.2,133.3],[1489.3,127.6],[1479.9,121.8],[1481.1,119.3],[1479.0,118.6],[1482.6,117.5],[1482.0,116.5],[1483.3,114.1],[1482.9,113.1],[1474.1,109.9],[1467.2,111.1],[1464.6,113.0],[1463.8,118.1],[1459.7,120.6],[1454.4,119.0],[1450.7,120.4],[1448.0,120.3],[1440.3,115.8],[1437.8,116.4],[1438.3,117.1],[1435.5,117.4],[1436.7,117.7]]],[[[1452.6,156.5],[1451.9,156.5],[1451.7,156.5],[1452.5,157.0],[1452.6,156.5]]],[[[1451.2,184.3],[1451.8,184.2],[1450.2,184.1],[1451.2,184.3]]],[[[1452.2,186.4],[1454.4,186.2],[1455.6,184.2],[1452.5,184.8],[1453.1,185.1],[1452.3,185.9],[1452.2,186.4]]],[[[1454.8,186.4],[1456.1,187.1],[1456.5,186.4],[1455.6,186.5],[1454.8,186.4]]]]},"type":"Feature","properties":{"status":"normal","iso2":"FI","name":"Finland","id":"Finland"}},{"geometry":{"type":"MultiPolygon","coordinates":[[[[2492.6,757.1],[2496.7,762.2],[2500.1,762.9],[2498.2,761.4],[2496.0,757.9],[2492.8,756.2],[2492.6,757.1]]],[[[2500.7,763.2],[2500.5,762.9],[2499.9,763.2],[2500.6,763.5],[2500.7,763.2]]],[[[2502.0,763.7],[2502.1,763.5],[2501.6,762.9],[2501.6,763.7],[2502.0,763.7]]],[[[2507.4,764.9],[2506.8,764.6],[2506.1,764.8],[2507.7,765.3],[2507.4,764.9]]],[[[2493.6,767.8],[2494.3,766.0],[2493.1,764.5],[2492.3,765.1],[2492.9,767.1],[2493.6,767.8]]],[[[2497.1,769.0],[2497.0,767.3],[2495.8,767.1],[2495.7,768.8],[2496.7,769.5],[2497.1,769.0]]],[[[2492.3,767.8],[2492.3,769.3],[2492.5,770.0],[2492.7,768.7],[2492.3,767.8]]],[[[2501.8,773.2],[2502.0,771.5],[2499.2,768.0],[2497.2,770.9],[2499.5,770.7],[2501.3,773.2],[2501.8,773.2]]],[[[2497.9,774.0],[2498.2,771.8],[2497.3,772.9],[2498.1,774.5],[2497.9,774.0]]],[[[2503.3,774.5],[2503.4,772.7],[2502.8,772.8],[2502.1,774.2],[2502.7,774.9],[2503.3,774.5]]],[[[2499.9,774.7],[2499.6,774.5],[2499.1,774.8],[2499.8,775.1],[2499.9,774.7]]],[[[2512.7,770.1],[2515.1,771.6],[2515.4,772.8],[2515.5,771.8],[2516.7,772.7],[2516.6,771.0],[2515.3,769.1],[2507.2,764.1],[2509.3,767.5],[2511.7,769.2],[2512.7,770.1]]],[[[2525.0,778.9],[2527.6,782.2],[2527.0,777.7],[2525.1,774.9],[2525.6,773.5],[2524.5,771.4],[2523.1,770.9],[2524.2,778.1],[2525.0,778.9]]],[[[2519.8,777.6],[2518.9,776.8],[2519.7,778.0],[2519.8,777.6]]],[[[2510.8,777.9],[2511.4,777.0],[2510.7,777.2],[2510.8,777.9]]],[[[2519.5,778.6],[2520.3,778.1],[2520.8,777.9],[2520.0,777.9],[2519.5,778.6]]],[[[2517.0,783.9],[2522.1,784.9],[2523.1,783.7],[2520.7,780.8],[2517.1,780.5],[2515.2,779.2],[2514.2,781.2],[2516.2,783.6],[2517.0,783.9]]],[[[2527.9,780.4],[2527.8,782.5],[2528.9,783.7],[2528.5,781.2],[2527.9,780.4]]],[[[2530.0,792.0],[2533.8,792.7],[2532.1,790.0],[2528.2,787.8],[2526.6,787.7],[2528.9,791.0],[2530.0,792.0]]],[[[2561.1,792.7],[2562.8,791.4],[2560.4,791.9],[2560.0,792.5],[2560.7,793.0],[2561.1,792.7]]],[[[2566.4,799.4],[2567.7,799.9],[2567.0,799.3],[2566.4,799.4]]],[[[2515.2,799.1],[2517.1,799.6],[2518.7,801.4],[2517.7,799.4],[2515.4,798.6],[2515.2,799.1]]]]},"type":"Feature","properties":{"status":"nogroup","iso2":"SB","name":"Solomon Islands","id":"Solomon Islands"}},{"geometry":{"type":"MultiPolygon","coordinates":[[[[1718.1,473.5],[1718.9,474.2],[1718.9,476.9],[1719.6,477.3],[1720.6,475.0],[1720.2,472.8],[1720.9,472.5],[1719.9,470.9],[1719.8,471.8],[1718.9,471.8],[1718.1,473.5]]],[[[1692.2,533.7],[1701.3,554.4],[1703.8,554.3],[1710.1,551.7],[1714.2,552.3],[1715.5,551.9],[1717.4,550.1],[1717.6,546.9],[1719.0,544.9],[1725.5,543.4],[1728.9,536.7],[1735.6,534.5],[1734.7,528.5],[1735.9,522.3],[1737.5,521.0],[1738.9,522.6],[1740.1,522.3],[1741.8,517.8],[1746.3,511.9],[1748.6,506.9],[1748.7,504.8],[1745.1,502.5],[1739.4,495.2],[1727.9,491.6],[1724.4,488.6],[1721.3,483.3],[1718.9,484.9],[1718.7,483.6],[1717.7,483.1],[1717.2,487.1],[1717.9,489.5],[1718.9,490.3],[1715.3,492.0],[1715.8,494.1],[1713.9,501.5],[1718.0,509.1],[1714.7,525.2],[1714.1,526.2],[1709.2,528.5],[1696.7,532.7],[1692.2,533.7]]],[[[1741.4,524.5],[1743.3,521.6],[1742.8,520.0],[1741.3,523.8],[1741.4,524.5]]]]},"type":"Feature","properties":{"status":"nogroup","iso2":"OM","name":"Oman","id":"Oman"}},{"geometry":{"type":"MultiPolygon","coordinates":[[[[668.7,627.1],[669.2,629.5],[670.6,627.1],[672.9,626.7],[676.9,628.2],[680.9,632.9],[682.2,632.3],[682.0,630.7],[683.2,630.6],[684.1,636.3],[685.0,636.7],[690.9,634.3],[690.9,633.2],[687.8,627.6],[691.3,626.5],[693.9,622.4],[695.8,621.3],[698.9,621.1],[702.1,623.6],[703.6,626.8],[703.7,625.1],[705.1,626.4],[705.8,624.9],[706.6,627.1],[708.5,628.7],[705.4,626.9],[703.3,629.5],[704.6,633.3],[707.1,636.4],[708.6,632.4],[709.4,633.8],[711.6,631.7],[712.5,629.5],[711.2,625.7],[711.6,623.9],[709.8,623.1],[706.6,619.2],[703.4,617.6],[699.2,617.3],[699.8,616.4],[696.2,615.9],[691.9,618.8],[681.9,623.1],[677.8,620.2],[678.2,621.6],[675.2,621.3],[673.5,617.1],[672.6,616.2],[670.4,616.1],[669.5,620.2],[671.0,621.7],[669.9,622.8],[670.0,625.3],[668.7,626.8],[668.7,627.1]]],[[[699.5,627.3],[700.2,626.9],[700.1,625.8],[699.4,626.4],[699.5,627.3]]],[[[681.5,634.3],[682.4,633.9],[683.0,633.4],[682.2,633.8],[681.5,634.3]]],[[[677.9,632.9],[676.8,634.2],[677.9,635.3],[678.1,634.4],[677.9,632.9]]]]},"type":"Feature","properties":{"status":"normal","iso2":"PA","name":"Panama","id":"Panama"}},{"geometry":{"type":"MultiPolygon","coordinates":[[[[788.6,952.4],[791.1,960.7],[790.6,961.9],[789.5,961.6],[788.7,971.6],[791.8,975.7],[791.4,976.5],[794.3,981.9],[795.7,983.2],[795.9,986.1],[798.1,987.3],[799.8,995.0],[798.4,996.7],[798.2,1002.8],[797.1,1004.1],[799.3,1007.5],[800.1,1011.1],[798.4,1013.9],[797.0,1014.6],[796.7,1016.7],[798.9,1025.2],[803.6,1032.8],[800.8,1036.0],[801.8,1041.4],[800.5,1042.1],[801.9,1044.9],[801.0,1045.8],[802.5,1047.7],[802.1,1051.4],[804.5,1056.4],[805.0,1059.4],[807.4,1062.6],[805.5,1064.2],[807.6,1070.3],[811.1,1072.4],[810.5,1074.1],[812.9,1076.1],[812.6,1077.2],[814.0,1078.7],[813.5,1080.3],[814.6,1082.1],[818.7,1082.8],[819.8,1083.6],[819.6,1085.4],[814.4,1086.3],[818.0,1087.4],[820.9,1089.9],[819.0,1093.2],[821.0,1095.6],[820.0,1097.2],[823.1,1101.2],[822.2,1103.5],[823.8,1106.3],[822.3,1107.5],[821.8,1111.3],[824.8,1115.2],[823.5,1117.0],[824.6,1119.8],[822.7,1121.3],[822.0,1123.8],[820.9,1124.0],[821.1,1126.3],[823.5,1131.0],[828.1,1136.0],[830.4,1135.1],[833.7,1135.7],[836.3,1141.0],[836.2,1142.9],[841.4,1146.4],[855.4,1146.9],[865.7,1149.8],[859.6,1143.8],[855.0,1143.5],[858.5,1142.5],[856.1,1139.0],[854.2,1138.9],[854.7,1133.5],[857.4,1130.9],[854.4,1129.8],[855.1,1129.0],[853.6,1127.6],[857.5,1130.8],[860.1,1129.9],[859.6,1123.9],[858.4,1124.7],[859.0,1122.0],[861.5,1118.3],[867.1,1112.9],[865.1,1111.5],[865.9,1110.0],[865.8,1108.0],[863.6,1105.4],[858.5,1105.1],[856.2,1103.9],[850.2,1099.4],[848.8,1096.1],[849.6,1092.3],[850.9,1090.0],[853.3,1089.5],[853.8,1088.0],[859.1,1087.3],[857.6,1085.1],[859.2,1083.8],[859.3,1082.2],[857.1,1076.1],[858.4,1072.8],[861.7,1070.3],[857.9,1069.6],[857.0,1067.7],[858.3,1066.6],[859.9,1066.6],[863.3,1069.6],[865.5,1069.1],[866.0,1067.8],[864.7,1064.5],[863.2,1063.0],[859.5,1064.0],[862.0,1065.2],[860.0,1065.8],[858.1,1065.6],[857.8,1064.3],[854.3,1062.8],[850.2,1052.9],[851.8,1051.2],[852.5,1051.5],[851.8,1051.9],[862.3,1054.8],[866.7,1054.1],[869.2,1052.4],[870.0,1050.4],[867.2,1047.7],[867.2,1043.4],[868.2,1043.3],[868.1,1041.4],[865.2,1037.6],[865.2,1036.0],[864.1,1034.6],[868.8,1036.1],[877.6,1035.7],[890.2,1032.7],[896.2,1028.9],[896.5,1026.1],[899.7,1019.9],[900.1,1017.0],[898.8,1013.4],[895.9,1013.0],[893.9,1010.8],[893.2,1008.6],[893.7,1005.6],[892.8,1003.8],[883.8,998.5],[881.4,995.6],[882.3,994.4],[880.2,988.9],[880.5,985.7],[882.1,984.4],[880.7,981.1],[880.0,975.8],[880.9,965.8],[879.8,963.4],[881.0,960.1],[885.5,955.0],[889.9,946.5],[891.4,944.8],[892.5,944.8],[892.0,943.5],[898.1,937.4],[904.7,934.1],[904.7,927.3],[903.3,922.3],[901.2,920.1],[899.4,920.1],[898.5,921.0],[897.0,920.6],[897.0,929.1],[894.8,931.9],[892.5,933.0],[891.2,936.0],[888.0,935.2],[886.5,937.7],[884.8,936.5],[879.5,936.5],[873.6,934.9],[869.6,935.3],[869.4,934.3],[871.6,929.6],[871.7,926.5],[874.9,919.7],[872.6,916.3],[863.7,912.6],[855.6,907.1],[847.7,904.9],[839.8,898.4],[837.0,894.2],[831.8,889.3],[823.9,889.7],[821.9,896.9],[818.0,890.9],[815.5,890.1],[810.8,890.2],[806.5,887.4],[806.0,889.8],[803.2,891.8],[799.9,896.4],[801.1,897.1],[801.6,899.5],[800.5,906.5],[794.5,910.1],[792.5,913.1],[794.2,916.4],[793.0,917.9],[795.3,924.5],[794.6,928.1],[797.3,932.1],[793.7,934.5],[792.4,940.6],[789.7,946.0],[789.8,950.6],[788.9,951.7],[788.6,952.4]],[[852.9,1130.1],[853.1,1129.9],[853.4,1129.9],[853.1,1129.9],[852.9,1130.1]],[[863.6,1111.9],[863.2,1112.0],[862.9,1111.9],[863.6,1111.9]]],[[[868.6,1038.4],[868.0,1037.5],[867.1,1037.5],[868.6,1038.4]]],[[[865.5,1151.9],[874.3,1169.6],[888.5,1171.4],[891.8,1170.5],[895.7,1170.6],[895.5,1168.4],[889.8,1168.0],[879.3,1163.4],[873.4,1159.8],[871.3,1157.4],[868.7,1156.8],[868.5,1155.5],[869.7,1155.5],[868.5,1154.2],[865.5,1151.9]]],[[[899.3,1170.0],[899.9,1170.5],[904.4,1169.1],[900.3,1169.5],[899.3,1170.0]]]]},"type":"Feature","properties":{"status":"nogroup","iso2":"AR","name":"Argentina","id":"Argentina"}},{"geometry":{"type":"MultiPolygon","coordinates":[[[[1276.3,198.9],[1272.8,199.9],[1271.9,201.4],[1271.6,200.7],[1270.2,201.4],[1270.8,202.1],[1270.1,202.5],[1271.5,203.2],[1270.1,204.0],[1271.1,204.4],[1272.7,202.5],[1273.9,202.9],[1274.1,201.6],[1275.9,200.7],[1275.4,200.2],[1276.2,199.4],[1276.3,198.9]]],[[[1269.1,205.0],[1267.5,205.9],[1268.9,206.4],[1269.8,205.3],[1269.1,205.0]]],[[[1267.9,206.9],[1268.6,207.2],[1268.6,206.6],[1268.4,206.6],[1267.9,206.9]]],[[[1276.2,210.3],[1278.2,208.3],[1276.4,208.2],[1274.7,205.0],[1274.4,206.4],[1272.1,206.8],[1272.5,207.6],[1274.3,208.0],[1273.6,208.4],[1274.6,209.1],[1277.1,209.1],[1276.4,209.5],[1276.2,210.3]]],[[[1268.2,209.4],[1269.0,208.1],[1268.3,207.4],[1267.5,208.9],[1268.6,209.7],[1268.2,209.4]]],[[[1274.2,211.0],[1274.2,210.2],[1273.5,210.5],[1274.2,211.0]]],[[[1273.0,213.0],[1272.2,213.3],[1271.7,214.0],[1272.6,213.4],[1273.0,213.0]]],[[[1271.2,214.3],[1270.4,214.4],[1270.1,215.0],[1270.8,214.5],[1271.2,214.3]]],[[[1271.9,221.3],[1273.4,220.5],[1273.2,222.1],[1274.6,220.8],[1274.1,219.6],[1272.6,219.9],[1271.9,221.3]]],[[[1270.8,234.6],[1273.7,234.5],[1276.1,232.8],[1276.8,231.9],[1276.0,231.8],[1275.9,230.5],[1276.8,230.8],[1276.9,231.9],[1277.5,231.5],[1276.8,229.3],[1274.8,229.6],[1276.3,228.5],[1273.7,225.1],[1268.5,225.1],[1267.9,226.1],[1265.8,226.5],[1263.7,229.0],[1262.2,229.1],[1263.2,229.9],[1260.3,231.3],[1264.4,233.8],[1265.4,233.8],[1266.9,231.7],[1270.1,234.5],[1270.8,234.6]]],[[[765.1,510.5],[765.9,510.9],[766.0,510.4],[765.7,510.1],[765.1,510.5]]],[[[761.3,510.9],[762.4,510.2],[760.9,510.2],[761.3,510.9]]],[[[690.7,532.3],[692.3,531.6],[690.1,531.8],[690.0,532.3],[690.7,532.3]]],[[[813.2,540.2],[813.0,540.1],[812.4,540.3],[813.1,540.6],[813.2,540.2]]],[[[826.8,541.4],[827.3,540.9],[825.9,541.9],[826.8,541.4]]],[[[341.7,910.7],[342.0,911.1],[342.3,911.4],[342.4,910.7],[341.7,910.7]]],[[[1310.9,181.2],[1310.8,180.3],[1310.3,181.0],[1310.9,181.2]]],[[[1309.0,182.2],[1309.8,181.2],[1309.2,180.9],[1309.0,182.2]]],[[[1311.3,181.7],[1310.6,181.5],[1310.6,182.0],[1311.2,181.8],[1311.3,181.7]]],[[[1308.5,182.5],[1307.8,183.0],[1308.1,181.6],[1307.6,181.7],[1306.4,182.4],[1307.9,183.5],[1305.6,184.0],[1307.8,185.5],[1307.1,187.2],[1308.4,186.1],[1309.3,183.5],[1308.6,183.2],[1308.5,182.5]]],[[[1296.8,192.1],[1297.4,192.6],[1296.8,191.6],[1296.8,192.1]]],[[[1299.9,192.1],[1299.1,192.3],[1298.6,193.0],[1299.5,192.3],[1299.9,192.1]]],[[[1297.5,195.2],[1298.3,194.6],[1296.5,194.3],[1295.6,193.4],[1294.7,193.6],[1294.8,194.6],[1296.3,195.2],[1297.5,195.2]]],[[[1294.7,195.1],[1294.3,195.7],[1294.9,196.2],[1294.9,195.5],[1294.7,195.1]]],[[[1296.4,195.8],[1296.3,196.1],[1296.6,196.6],[1297.0,195.7],[1296.4,195.8]]],[[[1276.6,206.4],[1276.2,207.0],[1276.2,207.9],[1276.5,206.9],[1276.6,206.4]]],[[[1275.3,220.3],[1277.2,217.4],[1274.7,219.5],[1275.3,220.3]]],[[[1280.5,222.8],[1280.1,221.0],[1279.1,221.1],[1279.2,222.7],[1280.2,223.1],[1280.5,222.8]]],[[[1279.7,214.1],[1280.3,214.1],[1279.5,214.9],[1281.1,214.7],[1278.2,216.0],[1277.2,219.0],[1278.1,220.3],[1276.1,223.8],[1277.5,223.7],[1279.4,218.2],[1281.5,216.9],[1279.4,219.0],[1281.2,220.8],[1280.5,219.3],[1281.1,218.9],[1281.5,219.7],[1283.0,217.3],[1282.8,218.7],[1283.0,218.2],[1284.3,219.2],[1282.2,219.6],[1283.4,223.0],[1280.9,225.9],[1280.7,227.5],[1279.6,226.8],[1279.9,228.2],[1281.4,229.8],[1281.6,228.1],[1284.1,228.8],[1284.6,227.5],[1286.7,228.4],[1289.4,227.6],[1289.9,226.8],[1293.4,226.9],[1290.3,228.7],[1289.7,230.7],[1290.4,232.6],[1291.6,232.9],[1291.9,234.4],[1292.7,233.1],[1294.2,233.2],[1292.4,236.7],[1293.3,237.2],[1292.3,238.7],[1293.0,240.3],[1291.5,239.9],[1291.8,241.3],[1289.6,240.5],[1284.8,241.3],[1284.2,240.0],[1282.3,240.1],[1282.6,241.5],[1284.5,241.4],[1280.6,244.9],[1284.7,244.0],[1285.3,245.6],[1284.8,246.5],[1285.7,247.0],[1283.5,249.4],[1277.4,252.0],[1277.2,253.8],[1279.3,253.2],[1277.5,254.1],[1279.1,254.6],[1282.4,253.2],[1282.9,254.1],[1284.3,254.1],[1283.1,254.5],[1283.4,255.1],[1285.6,254.7],[1288.6,256.6],[1295.3,253.3],[1290.7,258.0],[1284.4,257.8],[1282.1,259.7],[1280.9,259.8],[1279.0,263.1],[1272.7,266.8],[1272.7,267.7],[1274.6,267.3],[1275.8,268.0],[1278.5,265.8],[1282.7,264.3],[1283.8,265.6],[1285.8,266.2],[1287.0,264.9],[1287.7,262.4],[1291.9,262.1],[1294.5,263.5],[1297.7,262.5],[1296.9,262.1],[1301.2,261.6],[1301.5,260.6],[1305.2,261.7],[1312.1,261.7],[1316.1,260.5],[1320.0,258.2],[1320.3,257.5],[1319.5,257.0],[1314.5,256.3],[1315.7,255.9],[1315.1,255.8],[1313.5,256.0],[1316.5,255.2],[1316.8,254.3],[1315.9,253.7],[1319.2,252.9],[1318.3,251.9],[1319.4,251.7],[1318.7,251.3],[1321.0,250.8],[1322.7,247.5],[1322.1,245.2],[1317.5,243.2],[1315.5,243.5],[1313.9,245.1],[1311.6,244.2],[1313.8,241.9],[1313.6,240.2],[1311.2,238.1],[1307.3,237.4],[1310.1,237.2],[1312.9,238.3],[1310.9,235.1],[1311.7,233.9],[1308.5,230.8],[1304.5,229.5],[1301.8,221.3],[1296.1,218.1],[1292.3,218.8],[1289.1,217.7],[1291.3,218.3],[1296.3,216.8],[1295.9,215.5],[1294.5,215.1],[1298.8,212.3],[1302.8,206.7],[1302.2,205.3],[1300.4,204.7],[1292.5,204.9],[1287.7,206.5],[1288.9,205.1],[1286.6,205.6],[1290.1,203.9],[1286.9,203.2],[1288.4,203.5],[1292.5,201.1],[1295.4,198.8],[1295.7,197.5],[1286.7,198.0],[1285.3,198.6],[1285.6,198.0],[1283.7,197.5],[1282.6,199.8],[1283.5,200.4],[1282.2,200.3],[1280.9,202.2],[1282.1,203.4],[1278.6,203.8],[1278.2,205.0],[1279.0,206.2],[1277.6,206.1],[1278.0,207.3],[1279.6,207.4],[1278.2,208.2],[1279.7,208.4],[1278.7,209.1],[1279.8,209.6],[1277.8,210.0],[1277.1,211.2],[1277.8,211.8],[1276.8,212.5],[1274.4,212.8],[1278.1,213.1],[1274.0,214.0],[1275.3,214.9],[1274.1,216.3],[1277.8,215.4],[1277.1,214.4],[1281.5,212.0],[1281.5,213.0],[1279.7,213.9],[1279.7,214.1]],[[1292.5,215.6],[1294.1,215.2],[1293.4,215.5],[1292.5,215.6]],[[1294.2,240.3],[1294.1,240.4],[1293.5,240.4],[1294.2,240.3]]],[[[1300.6,262.5],[1302.0,263.2],[1303.5,262.3],[1302.1,261.9],[1300.6,262.5]]],[[[1296.1,275.0],[1295.8,274.3],[1295.3,275.0],[1296.1,275.0]]],[[[1841.0,761.7],[1841.3,762.4],[1841.5,761.5],[1841.4,761.0],[1841.0,761.7]]]]},"type":"Feature","properties":{"status":"p5","iso2":"GB","name":"United Kingdom","id":"United Kingdom"}},{"geometry":{"type":"Polygon","coordinates":[[[648.0,609.3],[648.8,612.4],[652.8,615.5],[654.1,615.3],[654.9,613.6],[653.0,612.1],[652.3,610.0],[656.3,613.3],[657.3,616.4],[659.7,617.1],[663.6,619.9],[664.5,621.8],[663.6,625.1],[666.4,626.6],[665.1,623.6],[666.5,623.8],[669.2,629.5],[669.0,627.1],[670.1,625.2],[669.9,623.0],[671.1,621.7],[669.6,620.0],[670.1,616.4],[672.5,616.5],[667.4,610.6],[665.0,604.7],[664.2,605.8],[661.9,605.8],[657.8,603.2],[655.1,603.9],[650.4,602.1],[648.4,604.6],[649.7,606.8],[649.1,608.0],[648.0,609.3]]]},"type":"Feature","properties":{"status":"nogroup","iso2":"CR","name":"Costa Rica","id":"Costa Rica"}},{"geometry":{"type":"MultiPolygon","coordinates":[[[[1186.4,604.3],[1186.9,605.8],[1187.3,604.3],[1186.4,604.3]]],[[[1186.7,604.1],[1188.9,603.7],[1188.4,606.4],[1189.1,605.8],[1189.4,606.4],[1190.4,604.9],[1189.1,608.3],[1190.1,608.1],[1190.1,609.5],[1193.0,612.1],[1194.0,611.0],[1194.7,613.1],[1195.8,613.6],[1196.4,612.9],[1195.9,614.5],[1196.7,613.9],[1197.1,616.5],[1197.8,616.3],[1198.4,618.2],[1199.1,618.2],[1199.2,619.6],[1199.7,618.9],[1200.3,619.6],[1199.3,620.8],[1201.6,620.2],[1206.2,613.5],[1212.4,612.3],[1215.6,613.1],[1220.1,621.1],[1220.5,623.8],[1219.0,627.4],[1222.2,625.5],[1227.1,625.6],[1228.2,626.8],[1228.6,629.8],[1228.1,635.3],[1230.1,635.2],[1230.9,636.7],[1232.9,635.6],[1234.6,632.4],[1235.8,633.5],[1237.8,633.7],[1238.7,630.4],[1239.9,629.6],[1237.8,627.2],[1237.8,625.8],[1242.2,626.5],[1241.4,623.7],[1239.9,622.9],[1240.5,621.1],[1241.6,620.5],[1240.5,619.1],[1240.7,617.5],[1239.3,617.4],[1238.5,615.4],[1238.6,612.4],[1240.2,610.2],[1237.8,607.7],[1237.4,603.6],[1234.7,604.2],[1237.1,600.7],[1233.9,598.1],[1232.6,592.2],[1231.3,591.1],[1229.8,590.9],[1229.9,592.8],[1226.6,594.8],[1222.9,593.4],[1219.7,595.6],[1217.6,593.2],[1214.5,594.9],[1213.6,593.6],[1214.1,591.5],[1206.9,592.4],[1203.5,590.9],[1202.0,591.1],[1201.8,589.9],[1200.4,589.3],[1196.7,589.3],[1196.9,592.1],[1194.6,593.6],[1196.5,595.7],[1196.3,597.1],[1188.9,599.6],[1188.1,600.7],[1186.7,604.1]]]]},"type":"Feature","properties":{"status":"nogroup","iso2":"GN","name":"Guinea","id":"Guinea"}},{"geometry":{"type":"MultiPolygon","coordinates":[[[[1247.8,235.7],[1247.8,235.2],[1246.3,235.2],[1247.1,235.3],[1247.8,235.7]]],[[[1244.8,254.8],[1249.0,254.1],[1246.8,255.2],[1248.3,254.7],[1247.0,255.9],[1254.9,254.5],[1256.6,253.1],[1256.1,252.4],[1257.3,252.2],[1257.8,253.0],[1262.0,250.5],[1265.2,250.2],[1265.8,249.3],[1266.7,249.9],[1269.7,249.4],[1269.0,248.5],[1270.7,247.4],[1272.4,242.8],[1271.6,240.2],[1272.5,239.1],[1271.1,235.3],[1272.7,234.6],[1269.9,234.4],[1267.5,231.8],[1266.3,231.8],[1264.9,233.7],[1262.1,232.7],[1260.7,231.2],[1263.1,229.9],[1262.2,229.1],[1264.1,228.8],[1265.9,226.3],[1268.5,224.6],[1265.4,224.5],[1264.3,226.7],[1263.9,224.5],[1263.6,225.4],[1259.6,225.8],[1259.1,228.0],[1256.5,229.5],[1260.2,230.0],[1257.2,232.1],[1257.4,232.9],[1254.4,232.7],[1253.6,233.8],[1252.3,232.4],[1248.2,232.4],[1247.5,233.9],[1248.1,233.1],[1249.1,235.7],[1248.4,236.0],[1250.7,236.3],[1248.6,237.0],[1249.1,238.2],[1246.6,238.8],[1247.3,239.3],[1246.6,239.8],[1248.6,239.8],[1248.1,240.5],[1250.3,241.2],[1254.3,241.3],[1251.2,242.6],[1250.6,244.6],[1247.4,246.7],[1253.5,245.0],[1254.8,245.9],[1246.8,247.9],[1247.6,249.4],[1243.3,249.8],[1243.1,250.6],[1247.3,250.4],[1243.3,252.8],[1244.8,253.6],[1248.1,252.7],[1246.6,253.3],[1244.8,254.8]]]]},"type":"Feature","properties":{"status":"normal","iso2":"IE","name":"Ireland","id":"Ireland"}},{"geometry":{"type":"MultiPolygon","coordinates":[[[[1320.8,630.7],[1321.7,634.8],[1321.0,643.9],[1326.2,643.6],[1326.5,642.1],[1329.4,641.8],[1326.2,643.1],[1334.3,644.2],[1336.9,646.1],[1338.9,649.1],[1340.6,647.9],[1339.3,649.1],[1339.3,650.1],[1340.1,650.5],[1340.9,649.7],[1340.8,650.4],[1342.3,650.6],[1339.8,651.8],[1341.1,652.2],[1343.1,651.2],[1342.5,652.5],[1341.2,653.1],[1341.1,654.2],[1341.9,654.3],[1341.9,656.5],[1343.2,659.1],[1346.0,661.5],[1346.4,660.8],[1347.2,661.9],[1347.8,660.1],[1348.2,661.4],[1349.9,661.5],[1350.2,660.0],[1350.6,661.4],[1351.6,659.1],[1351.9,661.5],[1352.0,657.5],[1353.3,661.1],[1353.2,658.3],[1354.2,660.2],[1354.7,659.6],[1354.1,658.2],[1356.5,659.4],[1357.8,658.3],[1357.7,659.3],[1358.6,659.8],[1362.2,659.5],[1363.5,658.7],[1363.0,656.3],[1364.4,657.0],[1365.3,658.6],[1367.2,655.2],[1368.4,648.6],[1376.5,639.1],[1380.0,639.5],[1381.1,637.2],[1382.5,639.4],[1384.5,640.8],[1385.0,643.3],[1386.7,643.5],[1388.2,641.8],[1393.0,630.8],[1393.7,626.5],[1394.9,624.5],[1397.5,623.2],[1398.6,619.3],[1398.1,618.0],[1401.2,615.8],[1401.5,612.4],[1403.0,610.8],[1405.5,602.8],[1406.7,601.5],[1409.7,600.9],[1411.7,599.4],[1411.8,593.4],[1408.7,591.7],[1407.4,585.7],[1403.2,580.4],[1398.9,582.2],[1394.8,585.7],[1387.4,583.4],[1381.6,583.2],[1377.2,584.5],[1374.1,587.8],[1372.7,588.2],[1368.2,587.6],[1361.1,583.7],[1353.5,586.5],[1349.6,581.4],[1343.2,578.9],[1335.2,580.5],[1332.5,582.8],[1331.5,587.2],[1328.7,591.1],[1328.4,596.4],[1327.2,600.2],[1328.9,603.2],[1329.8,608.1],[1328.1,609.4],[1328.4,612.0],[1326.1,614.4],[1324.2,619.9],[1321.6,621.4],[1321.1,628.5],[1320.8,630.7]]],[[[1356.9,660.6],[1357.6,660.2],[1356.2,660.6],[1356.9,660.6]]],[[[1355.0,661.1],[1355.9,660.6],[1355.5,659.8],[1355.0,660.8],[1355.0,661.1]]]]},"type":"Feature","properties":{"status":"nogroup","iso2":"NG","name":"Nigeria","id":"Nigeria"}},{"geometry":{"type":"MultiPolygon","coordinates":[[[[1358.5,404.4],[1358.5,406.7],[1360.1,411.2],[1363.1,413.6],[1365.0,417.8],[1369.7,422.4],[1373.3,437.3],[1376.2,435.5],[1378.1,432.8],[1378.0,425.7],[1380.4,424.2],[1382.0,421.8],[1387.8,418.2],[1387.4,411.9],[1384.8,411.2],[1385.3,410.8],[1384.1,408.2],[1382.1,409.3],[1381.3,407.6],[1378.7,407.3],[1376.8,404.2],[1377.5,402.4],[1382.3,398.5],[1384.0,395.3],[1383.6,391.1],[1380.7,388.7],[1379.8,386.1],[1380.5,384.4],[1383.9,380.8],[1383.9,378.8],[1383.0,378.6],[1379.1,381.1],[1378.4,380.7],[1378.7,379.8],[1377.5,377.2],[1375.6,376.6],[1375.8,377.4],[1375.1,377.6],[1375.4,376.4],[1374.4,376.0],[1366.8,379.4],[1366.1,381.1],[1363.5,383.2],[1364.8,384.7],[1364.1,388.2],[1364.6,391.5],[1364.0,397.8],[1362.9,399.9],[1359.0,403.6],[1358.5,404.4]]],[[[1382.8,407.9],[1383.9,406.2],[1382.0,405.9],[1381.8,407.3],[1382.6,407.5],[1382.8,407.9]]]]},"type":"Feature","properties":{"status":"nogroup","iso2":"TN","name":"Tunisia","id":"Tunisia"}},{"geometry":{"type":"MultiPolygon","coordinates":[[[[1602.9,742.5],[1603.2,745.9],[1604.3,743.3],[1602.9,741.5],[1602.9,742.5]]],[[[1599.2,751.6],[1599.9,753.5],[1601.5,754.8],[1601.8,752.9],[1600.8,752.6],[1600.1,748.7],[1599.1,750.4],[1599.2,751.6]]],[[[1527.2,745.7],[1528.6,749.5],[1527.1,751.9],[1527.0,753.4],[1531.9,757.0],[1533.6,764.3],[1537.7,773.5],[1539.7,773.9],[1541.3,776.0],[1542.8,775.9],[1544.1,777.2],[1555.1,782.0],[1558.4,783.0],[1559.0,781.4],[1560.4,782.0],[1562.9,785.7],[1563.7,794.7],[1566.0,799.1],[1570.0,799.3],[1572.8,798.1],[1576.0,800.3],[1578.7,800.5],[1581.2,799.2],[1584.5,800.5],[1586.4,799.6],[1589.3,796.5],[1592.7,797.7],[1596.7,795.6],[1598.9,795.6],[1607.5,790.0],[1606.7,787.5],[1605.1,786.8],[1604.5,787.4],[1603.7,785.8],[1602.5,785.5],[1602.7,782.3],[1601.5,780.3],[1602.0,778.3],[1600.2,776.1],[1600.6,775.4],[1599.6,772.6],[1600.6,767.1],[1600.1,766.3],[1599.3,766.7],[1601.4,759.0],[1599.7,758.3],[1599.3,756.6],[1596.8,754.2],[1596.0,751.0],[1599.2,739.6],[1587.6,729.4],[1588.0,726.8],[1586.4,724.3],[1560.3,708.0],[1558.8,710.7],[1559.3,712.1],[1557.2,711.8],[1557.6,713.2],[1556.9,714.3],[1554.5,715.2],[1556.5,716.2],[1553.8,717.0],[1558.7,717.6],[1555.4,721.0],[1553.1,719.9],[1551.5,720.1],[1551.1,722.0],[1552.2,723.6],[1550.7,724.5],[1550.1,723.8],[1550.9,723.2],[1550.7,720.9],[1549.7,719.9],[1548.3,720.3],[1546.8,718.6],[1545.4,719.9],[1545.7,720.9],[1544.6,721.1],[1544.6,722.8],[1543.8,722.2],[1543.2,723.2],[1541.9,715.7],[1543.6,710.4],[1543.3,707.7],[1536.0,707.5],[1533.1,708.1],[1533.0,709.6],[1535.8,717.5],[1535.4,719.1],[1532.7,721.4],[1533.2,721.9],[1532.8,723.5],[1533.7,724.7],[1535.7,724.7],[1535.6,726.7],[1533.7,729.3],[1532.2,729.9],[1532.9,731.7],[1532.2,732.7],[1528.4,736.7],[1526.2,737.4],[1526.0,740.4],[1527.5,743.1],[1527.2,745.7]]],[[[1602.3,768.1],[1603.9,766.8],[1603.9,765.7],[1602.5,767.3],[1602.3,768.1]]]]},"type":"Feature","properties":{"status":"nogroup","iso2":"TZ","name":"Tanzania","id":"Tanzania"}},{"geometry":{"type":"MultiPolygon","coordinates":[[[[1668.5,462.7],[1669.7,462.7],[1668.6,462.5],[1668.5,462.7]]],[[[1672.6,467.5],[1673.1,468.1],[1673.7,468.4],[1672.6,467.5]]],[[[1592.8,501.0],[1592.1,500.6],[1593.9,504.3],[1593.6,509.7],[1595.3,516.4],[1599.1,522.2],[1602.8,523.9],[1607.6,528.1],[1611.5,537.3],[1615.0,543.0],[1619.7,548.1],[1620.5,551.0],[1620.7,550.4],[1623.5,554.4],[1624.0,557.4],[1627.1,554.1],[1626.6,550.3],[1628.5,547.7],[1632.3,549.1],[1641.0,547.9],[1646.0,549.1],[1652.7,549.1],[1655.3,551.7],[1656.6,551.9],[1658.9,550.3],[1663.5,542.1],[1668.7,538.8],[1697.6,532.6],[1712.9,526.8],[1714.3,526.0],[1715.2,524.0],[1718.0,509.7],[1717.6,507.0],[1713.9,502.2],[1712.6,503.1],[1695.0,500.6],[1694.1,499.9],[1687.3,491.7],[1686.0,488.9],[1684.5,488.7],[1685.0,486.4],[1683.8,486.8],[1679.9,484.8],[1677.1,479.1],[1673.1,473.7],[1673.0,472.6],[1674.0,472.9],[1674.3,471.5],[1672.6,467.5],[1669.7,465.3],[1669.1,463.7],[1667.9,463.9],[1666.3,462.0],[1666.4,461.0],[1663.4,460.2],[1662.8,458.8],[1662.9,458.2],[1663.4,458.9],[1663.2,457.7],[1659.5,452.3],[1654.1,452.0],[1651.4,448.0],[1631.2,445.8],[1604.3,426.0],[1597.3,422.5],[1588.7,421.0],[1581.3,424.4],[1573.9,426.5],[1582.3,435.3],[1579.1,436.1],[1578.2,439.6],[1573.3,440.7],[1568.9,446.1],[1566.0,446.3],[1560.0,444.9],[1559.4,452.0],[1558.1,455.8],[1558.4,456.5],[1559.4,455.7],[1561.7,455.8],[1563.4,457.1],[1574.4,473.9],[1575.0,475.9],[1578.9,480.7],[1579.5,482.9],[1578.6,483.9],[1581.2,488.4],[1585.1,490.1],[1588.4,493.2],[1591.6,499.4],[1592.8,501.0]]],[[[1617.2,552.4],[1616.6,553.0],[1617.3,553.4],[1617.3,552.7],[1617.2,552.4]]],[[[1616.4,553.7],[1619.2,555.7],[1618.2,553.7],[1618.1,554.5],[1616.0,553.2],[1616.4,553.7]]]]},"type":"Feature","properties":{"status":"nogroup","iso2":"SA","name":"Saudi Arabia","id":"Saudi Arabia"}},{"geometry":{"type":"MultiPolygon","coordinates":[[[[2106.0,514.9],[2105.7,516.9],[2106.5,515.2],[2106.0,514.9]]],[[[2106.2,518.2],[2106.9,517.6],[2107.1,517.0],[2106.2,518.2]]],[[[2102.5,518.7],[2103.7,519.7],[2102.9,518.7],[2102.5,518.7]]],[[[2064.7,505.2],[2069.9,511.3],[2070.7,510.2],[2071.8,511.5],[2072.3,515.8],[2074.5,518.3],[2079.0,520.2],[2080.1,518.2],[2081.9,517.8],[2085.2,520.0],[2085.5,521.1],[2084.1,522.1],[2088.4,524.4],[2089.1,525.8],[2086.6,528.8],[2082.4,528.7],[2083.2,530.5],[2082.1,532.0],[2088.3,536.0],[2092.3,537.5],[2093.1,540.5],[2095.5,542.0],[2098.2,546.1],[2103.7,551.1],[2106.0,556.4],[2107.8,556.7],[2112.6,560.3],[2110.7,562.7],[2114.9,566.9],[2113.8,569.5],[2114.6,572.3],[2113.6,576.2],[2116.1,582.5],[2116.6,591.7],[2110.6,595.3],[2108.3,595.5],[2108.8,598.1],[2105.8,597.1],[2104.2,598.5],[2105.0,601.8],[2107.3,603.7],[2107.3,605.6],[2103.9,603.8],[2100.5,604.7],[2098.9,604.2],[2098.0,607.1],[2093.9,608.5],[2099.7,613.1],[2098.2,614.6],[2097.7,617.4],[2098.1,623.1],[2099.0,622.7],[2099.3,623.6],[2097.9,624.5],[2099.4,624.8],[2101.5,623.4],[2103.8,620.0],[2107.8,618.0],[2108.1,616.0],[2108.8,616.4],[2105.1,612.4],[2109.1,616.2],[2110.9,615.9],[2110.5,614.2],[2107.2,610.4],[2111.4,614.0],[2110.4,612.2],[2112.4,611.5],[2109.4,609.7],[2112.1,609.6],[2112.0,608.6],[2110.5,608.3],[2111.6,608.0],[2111.7,606.6],[2113.4,608.4],[2113.7,606.9],[2115.6,609.1],[2121.0,606.2],[2122.0,604.5],[2127.9,600.5],[2129.7,597.4],[2128.9,596.6],[2129.1,594.5],[2129.5,595.9],[2129.6,594.8],[2128.6,591.4],[2130.0,592.0],[2129.3,588.8],[2130.5,589.9],[2130.4,587.2],[2128.0,581.1],[2128.5,581.6],[2128.3,578.3],[2123.8,566.0],[2123.1,566.4],[2119.2,561.8],[2119.0,559.4],[2118.3,559.3],[2118.0,560.6],[2117.0,558.3],[2115.1,558.0],[2110.9,553.6],[2109.1,553.1],[2108.6,551.1],[2101.6,545.2],[2103.1,545.8],[2102.6,543.0],[2096.5,537.5],[2095.3,535.0],[2096.3,527.1],[2100.0,523.9],[2100.3,520.2],[2101.6,520.1],[2101.3,517.9],[2100.3,517.2],[2102.1,518.4],[2103.4,517.0],[2104.4,517.6],[2105.5,516.8],[2105.6,515.1],[2108.3,513.0],[2110.6,513.4],[2111.3,512.9],[2108.5,511.7],[2104.9,512.0],[2101.5,509.1],[2099.5,508.9],[2097.9,504.5],[2097.8,503.5],[2098.8,503.0],[2098.1,501.2],[2091.4,500.2],[2087.2,496.7],[2084.2,498.9],[2083.9,501.2],[2081.0,502.4],[2079.7,501.6],[2078.1,504.3],[2075.6,502.1],[2074.8,503.6],[2073.2,502.2],[2071.0,504.4],[2067.4,502.1],[2065.2,505.0],[2064.7,505.2]],[[2110.1,611.9],[2108.8,610.6],[2108.5,610.3],[2109.2,610.7],[2110.1,611.9]]],[[[2111.9,606.7],[2111.9,608.2],[2112.3,608.9],[2112.4,607.7],[2111.9,606.7]]]]},"type":"Feature","properties":{"status":"normal","iso2":"VN","name":"Vietnam","id":"Vietnam"}},{"geometry":{"type":"MultiPolygon","coordinates":[[[[1600.7,34.3],[1604.1,33.4],[1600.6,33.3],[1597.5,33.6],[1598.3,33.8],[1597.6,34.1],[1600.7,34.3]]],[[[1599.8,34.7],[1601.0,34.8],[1601.5,34.6],[1599.8,34.7]]],[[[1599.7,35.9],[1601.2,35.5],[1596.6,34.9],[1593.3,35.5],[1595.7,35.6],[1599.7,35.9]]],[[[1603.2,36.4],[1605.6,36.0],[1601.5,36.1],[1603.2,36.4]]],[[[1611.4,36.3],[1607.6,36.4],[1609.9,36.6],[1611.4,36.3]]],[[[1606.1,37.0],[1608.4,36.9],[1604.6,36.7],[1606.1,37.0]]],[[[1590.2,37.1],[1594.1,36.9],[1602.1,38.2],[1603.8,37.7],[1599.0,37.0],[1599.7,36.7],[1596.3,36.8],[1599.0,36.3],[1595.8,35.8],[1587.7,36.4],[1589.0,36.9],[1590.2,37.1]]],[[[1565.4,37.8],[1567.3,37.2],[1565.1,37.7],[1565.4,37.8]]],[[[1587.3,38.4],[1594.9,39.3],[1589.9,39.5],[1593.1,40.2],[1599.7,39.0],[1587.0,37.3],[1583.8,37.8],[1587.3,38.4]]],[[[1602.6,39.4],[1605.7,38.7],[1601.0,38.8],[1601.4,39.3],[1602.6,39.4]]],[[[1583.9,39.4],[1591.9,39.0],[1586.0,38.5],[1582.5,38.9],[1583.0,39.2],[1583.9,39.4]]],[[[1541.9,40.4],[1547.5,40.8],[1553.6,39.2],[1558.5,39.8],[1554.2,38.8],[1541.1,40.3],[1541.9,40.4]]],[[[1599.9,40.5],[1601.8,39.9],[1598.7,40.0],[1599.2,40.4],[1599.9,40.5]]],[[[1580.5,40.7],[1581.4,40.6],[1579.1,40.1],[1579.9,40.6],[1580.5,40.7]]],[[[1586.7,40.6],[1588.4,40.8],[1589.0,40.6],[1587.8,40.4],[1586.7,40.6]]],[[[1556.3,43.1],[1561.0,42.7],[1559.0,41.9],[1560.2,41.3],[1571.7,39.8],[1569.9,39.2],[1565.5,39.4],[1567.9,38.9],[1563.6,38.3],[1559.7,39.1],[1562.1,39.5],[1559.9,40.3],[1552.6,41.0],[1556.7,41.1],[1554.5,41.2],[1556.1,41.6],[1555.3,41.9],[1549.7,41.8],[1556.0,42.2],[1554.8,43.0],[1556.3,43.1]]],[[[1586.7,41.3],[1587.6,40.9],[1586.0,41.2],[1586.7,41.3]]],[[[1592.4,41.2],[1594.2,41.4],[1594.9,41.3],[1592.4,41.2]]],[[[1598.5,41.0],[1602.5,42.9],[1604.7,42.4],[1604.2,41.9],[1604.8,41.8],[1608.9,41.6],[1603.9,40.6],[1597.6,40.8],[1598.5,41.0]]],[[[1589.7,42.2],[1591.0,41.7],[1588.7,42.1],[1589.7,42.2]]],[[[1579.7,42.7],[1583.8,42.0],[1579.6,41.2],[1575.9,42.0],[1577.7,42.5],[1579.7,42.7]]],[[[1595.5,43.4],[1599.7,43.0],[1598.7,42.0],[1595.4,41.4],[1593.6,41.8],[1594.2,42.5],[1593.4,42.8],[1594.3,43.3],[1595.5,43.4]]],[[[1566.3,43.1],[1567.1,42.4],[1564.0,42.8],[1565.6,43.2],[1566.3,43.1]]],[[[1563.1,43.3],[1564.2,43.4],[1564.6,43.3],[1563.9,43.1],[1563.1,43.3]]],[[[1610.3,43.9],[1613.3,43.6],[1610.4,42.8],[1608.3,43.6],[1610.3,43.9]]],[[[1570.9,43.2],[1566.7,43.7],[1573.6,43.9],[1570.9,43.2]]],[[[1607.2,43.8],[1605.9,44.0],[1608.3,44.3],[1609.2,44.2],[1607.2,43.8]]],[[[1607.4,100.7],[1608.9,101.2],[1606.4,100.4],[1605.0,101.5],[1609.7,103.5],[1609.4,101.7],[1607.4,100.7]]],[[[1595.2,114.6],[1592.1,114.1],[1589.6,114.8],[1588.6,116.1],[1589.2,118.6],[1592.2,119.6],[1595.8,119.2],[1599.2,116.8],[1599.8,117.4],[1599.3,116.0],[1595.2,114.6]]],[[[1606.1,122.1],[1608.0,121.5],[1604.8,122.1],[1606.1,122.1]]],[[[1561.7,134.6],[1562.0,134.6],[1562.5,134.2],[1561.8,134.1],[1561.7,134.6]]],[[[345.3,139.5],[345.2,138.9],[343.6,139.8],[344.4,140.0],[345.3,139.5]]],[[[1526.1,147.7],[1526.0,146.5],[1524.3,146.4],[1525.4,147.3],[1526.1,147.7]]],[[[1551.2,150.1],[1554.1,150.9],[1552.9,149.5],[1552.3,149.6],[1552.7,150.3],[1552.0,150.0],[1551.2,150.1]]],[[[1439.8,231.1],[1441.5,229.3],[1443.4,229.3],[1444.3,229.3],[1440.4,231.6],[1452.0,232.6],[1461.5,232.3],[1460.7,230.2],[1461.6,228.0],[1459.6,226.2],[1454.6,225.7],[1450.7,224.2],[1449.7,224.6],[1449.0,227.2],[1445.3,227.0],[1448.1,224.0],[1445.4,226.5],[1441.6,227.3],[1440.8,229.7],[1439.2,231.4],[1439.8,231.1]]],[[[1620.2,34.8],[1624.4,34.2],[1617.3,34.2],[1620.2,34.8]]],[[[1616.5,34.9],[1617.0,34.9],[1617.5,34.7],[1615.9,34.6],[1616.5,34.9]]],[[[1751.6,37.9],[1756.2,37.3],[1753.7,36.4],[1749.0,36.8],[1750.1,37.5],[1751.6,37.9]]],[[[1613.3,38.5],[1617.4,37.3],[1610.4,37.9],[1611.7,38.3],[1613.3,38.5]]],[[[1624.8,39.6],[1635.6,38.5],[1634.2,37.2],[1631.7,36.8],[1629.3,37.1],[1628.5,38.0],[1622.6,38.8],[1623.6,39.3],[1624.8,39.6]]],[[[1699.9,38.2],[1699.5,38.9],[1705.7,38.6],[1703.5,38.0],[1699.9,38.2]]],[[[1611.6,41.2],[1618.8,40.8],[1621.3,39.1],[1617.0,38.4],[1609.9,38.8],[1607.7,39.9],[1609.1,40.8],[1611.6,41.2]]],[[[1764.9,45.5],[1767.0,45.7],[1765.9,45.3],[1763.9,45.2],[1764.9,45.5]]],[[[1693.5,46.3],[1699.8,46.7],[1692.4,45.8],[1693.5,46.3]]],[[[1629.7,68.2],[1630.6,68.0],[1631.6,67.6],[1629.3,67.9],[1629.7,68.2]]],[[[1746.3,69.5],[1747.9,69.4],[1743.3,69.1],[1745.4,69.2],[1746.3,69.5]]],[[[1739.8,69.4],[1741.5,69.7],[1742.9,69.8],[1739.8,69.4]]],[[[1734.1,78.2],[1736.4,78.8],[1734.1,78.0],[1734.8,78.2],[1734.1,78.2]]],[[[1763.3,78.9],[1762.5,79.1],[1763.8,79.7],[1763.3,79.3],[1764.1,79.1],[1763.3,78.9]]],[[[1754.0,81.2],[1753.3,81.3],[1754.0,81.7],[1754.9,82.0],[1754.0,81.2]]],[[[1755.8,81.7],[1759.5,81.8],[1756.5,81.3],[1755.8,81.7]]],[[[1762.1,82.2],[1763.8,82.6],[1764.6,82.6],[1763.8,82.2],[1762.1,82.2]]],[[[1609.8,85.1],[1608.3,86.8],[1613.1,86.3],[1617.1,87.0],[1612.2,86.5],[1604.9,87.7],[1604.7,88.7],[1605.9,90.1],[1603.0,90.0],[1601.3,91.2],[1605.9,91.7],[1603.6,92.3],[1605.1,92.1],[1603.6,92.8],[1604.7,93.8],[1603.2,94.5],[1603.0,95.6],[1599.9,95.3],[1598.6,96.3],[1600.4,99.4],[1606.4,99.7],[1608.0,100.4],[1608.4,99.7],[1609.1,100.3],[1610.0,99.6],[1610.6,100.9],[1613.0,100.4],[1611.5,101.5],[1615.4,102.6],[1612.4,103.0],[1613.8,104.5],[1616.1,105.1],[1619.9,105.6],[1619.2,105.0],[1621.9,106.2],[1623.9,105.2],[1630.7,106.2],[1628.8,105.3],[1634.6,106.3],[1631.5,105.5],[1634.2,105.9],[1635.2,105.5],[1634.5,105.1],[1635.0,104.8],[1625.7,101.6],[1619.8,96.5],[1619.5,94.6],[1617.4,93.0],[1618.8,92.9],[1617.4,92.1],[1619.1,92.4],[1618.6,91.3],[1620.1,91.4],[1617.9,90.6],[1621.2,90.2],[1618.1,89.4],[1620.8,89.0],[1618.8,88.8],[1621.6,88.3],[1621.0,87.5],[1622.4,87.5],[1622.4,86.7],[1623.5,86.9],[1624.6,85.8],[1621.5,84.5],[1624.1,85.4],[1625.7,84.8],[1620.2,83.1],[1626.5,84.0],[1626.5,83.1],[1623.1,81.7],[1624.0,81.6],[1623.2,81.1],[1627.0,82.3],[1627.8,82.1],[1627.3,81.4],[1629.5,80.9],[1626.0,78.3],[1629.1,79.2],[1630.8,78.4],[1630.3,77.3],[1633.4,78.1],[1634.1,77.6],[1632.4,77.0],[1634.7,77.4],[1636.1,76.9],[1635.4,76.5],[1636.9,76.5],[1636.3,75.7],[1633.7,75.5],[1635.7,74.7],[1637.3,75.3],[1639.1,73.3],[1640.1,73.8],[1643.0,72.4],[1663.9,68.5],[1672.6,65.2],[1668.8,62.8],[1662.4,62.4],[1656.7,64.6],[1658.1,65.3],[1655.1,65.2],[1651.1,66.6],[1643.5,67.3],[1635.1,67.0],[1633.9,67.7],[1634.7,68.4],[1632.9,68.8],[1632.4,68.6],[1633.1,68.1],[1631.1,68.1],[1629.9,68.6],[1631.5,68.9],[1627.9,69.1],[1621.3,71.1],[1621.5,71.7],[1619.2,72.3],[1620.6,73.3],[1616.9,73.0],[1615.7,74.7],[1612.0,74.3],[1612.1,75.3],[1616.2,76.0],[1613.2,76.9],[1618.6,77.6],[1612.6,77.7],[1612.8,78.6],[1616.1,79.1],[1611.5,79.9],[1613.9,80.5],[1610.7,80.6],[1615.3,81.6],[1611.4,81.1],[1609.7,82.0],[1610.2,82.5],[1604.9,84.1],[1607.9,85.1],[1613.4,84.3],[1611.0,84.7],[1609.8,85.1]],[[1618.2,86.4],[1619.2,87.1],[1618.3,86.8],[1618.2,86.4]]],[[[1745.1,85.4],[1744.6,85.3],[1744.1,85.3],[1745.7,85.8],[1745.1,85.4]]],[[[1720.2,86.1],[1722.4,86.0],[1722.6,85.3],[1719.7,86.3],[1720.2,86.1]]],[[[1723.3,85.6],[1727.2,86.2],[1724.2,85.5],[1723.3,85.6]]],[[[1698.8,87.2],[1699.0,87.1],[1699.0,86.5],[1698.2,86.8],[1698.8,87.2]]],[[[1691.8,86.3],[1692.8,89.2],[1701.6,87.9],[1698.7,87.4],[1698.2,86.1],[1693.7,85.8],[1691.8,86.3]]],[[[1725.4,88.1],[1727.2,88.2],[1727.8,87.9],[1726.3,87.9],[1725.4,88.1]]],[[[1716.6,89.7],[1718.9,90.2],[1718.1,89.0],[1718.9,88.6],[1716.4,88.3],[1715.1,89.0],[1716.6,89.7]]],[[[1741.7,91.1],[1744.9,91.3],[1744.9,90.7],[1741.8,88.9],[1739.9,89.9],[1740.5,90.7],[1741.7,91.1]]],[[[1735.8,94.5],[1740.3,92.8],[1736.1,91.9],[1732.9,93.8],[1734.2,94.5],[1735.8,94.5]]],[[[1613.2,104.2],[1612.7,104.2],[1612.3,104.4],[1613.7,104.5],[1613.2,104.2]]],[[[1632.4,106.6],[1634.0,106.6],[1633.2,106.5],[1632.4,106.6]]],[[[1643.2,110.1],[1650.6,112.6],[1654.4,112.1],[1652.3,110.5],[1644.9,107.4],[1641.6,108.0],[1643.3,108.6],[1641.7,108.5],[1643.2,110.1]]],[[[1692.0,114.4],[1692.9,113.8],[1691.4,114.1],[1692.0,114.4]]],[[[1646.5,115.3],[1648.7,116.4],[1649.5,116.7],[1648.6,116.0],[1646.5,115.3]]],[[[1686.9,117.0],[1689.8,117.9],[1690.7,118.2],[1688.5,117.2],[1686.9,117.0]]],[[[1640.3,119.7],[1642.1,119.5],[1642.8,119.2],[1639.8,119.5],[1640.3,119.7]]],[[[1718.3,134.7],[1713.6,134.3],[1717.7,136.1],[1719.2,135.8],[1718.7,134.9],[1718.3,134.7]]],[[[1765.2,41.5],[1770.0,42.1],[1764.5,42.0],[1768.4,42.6],[1765.3,42.6],[1772.4,43.5],[1780.5,42.4],[1786.9,42.5],[1788.9,41.6],[1786.7,41.0],[1785.5,39.8],[1788.8,39.4],[1773.5,36.2],[1771.9,36.6],[1774.4,36.7],[1763.4,38.5],[1766.2,39.4],[1765.9,40.6],[1762.9,41.1],[1766.1,41.3],[1761.2,41.8],[1762.0,41.9],[1765.2,41.5]]],[[[1761.1,43.3],[1764.1,44.6],[1768.7,45.0],[1767.4,45.3],[1769.0,45.6],[1774.4,44.7],[1772.1,43.5],[1760.6,43.2],[1761.1,43.3]]],[[[1806.4,46.0],[1806.8,46.0],[1807.3,45.6],[1805.9,45.4],[1806.4,46.0]]],[[[1779.7,43.1],[1776.9,44.2],[1779.3,44.7],[1773.1,46.3],[1780.1,46.9],[1785.4,49.0],[1800.6,50.7],[1799.9,50.8],[1808.8,50.9],[1810.9,49.8],[1804.6,47.8],[1807.0,48.0],[1804.7,45.2],[1805.7,44.9],[1801.3,43.4],[1797.1,43.3],[1796.2,43.6],[1796.8,44.4],[1794.4,44.3],[1793.4,45.2],[1794.2,43.2],[1790.9,42.6],[1780.9,42.9],[1779.7,43.1]]],[[[1768.9,47.2],[1770.7,47.3],[1771.3,47.1],[1770.6,47.0],[1768.9,47.2]]],[[[1772.6,47.2],[1773.7,47.3],[1774.1,47.2],[1773.4,47.1],[1772.6,47.2]]],[[[1814.9,52.0],[1815.9,53.9],[1814.6,55.7],[1817.4,56.1],[1824.2,54.9],[1836.9,54.1],[1841.5,52.7],[1838.4,51.0],[1828.8,48.7],[1823.9,50.7],[1823.8,47.7],[1820.9,47.2],[1819.1,47.6],[1819.7,48.2],[1816.6,47.5],[1815.3,48.7],[1817.4,49.6],[1815.6,50.3],[1818.0,51.3],[1815.0,51.2],[1814.9,52.0]]],[[[1846.9,54.8],[1848.4,54.2],[1846.0,54.3],[1846.9,54.8]]],[[[1854.2,55.7],[1854.9,55.2],[1848.6,55.0],[1852.9,55.3],[1854.2,55.7]]],[[[1854.7,59.9],[1856.2,59.7],[1854.6,59.6],[1854.7,59.9]]],[[[1860.1,60.5],[1859.4,60.8],[1861.7,60.6],[1859.3,60.1],[1860.1,60.5]]],[[[1770.5,61.3],[1772.3,60.6],[1770.0,60.6],[1770.5,61.3]]],[[[1775.8,61.7],[1773.9,61.4],[1774.9,61.6],[1775.8,61.7]]],[[[1768.7,61.4],[1768.8,62.2],[1769.5,61.4],[1768.7,61.4]]],[[[1806.8,61.1],[1802.2,62.2],[1805.9,62.5],[1807.3,61.4],[1806.8,61.1]]],[[[1806.3,62.8],[1807.4,63.0],[1807.9,62.9],[1806.3,62.8]]],[[[1803.1,64.2],[1802.3,64.5],[1803.9,64.7],[1803.1,64.2]]],[[[1808.6,64.8],[1809.9,64.2],[1807.5,64.5],[1808.6,64.8]]],[[[1814.9,64.8],[1816.0,65.1],[1814.4,64.2],[1814.9,64.8]]],[[[1895.9,66.5],[1897.2,66.6],[1897.6,66.5],[1896.0,66.0],[1895.9,66.5]]],[[[1814.9,67.8],[1815.7,67.3],[1814.9,67.5],[1815.3,66.7],[1814.5,66.8],[1814.7,67.6],[1814.9,67.8]]],[[[1804.2,67.2],[1803.5,67.4],[1805.2,67.7],[1804.2,67.2]]],[[[1818.3,68.2],[1816.0,68.7],[1817.9,68.6],[1818.3,68.2]]],[[[2016.0,71.3],[2018.1,73.0],[2020.2,72.9],[2019.2,71.3],[2014.9,69.9],[2016.0,71.3]]],[[[1772.6,75.6],[1769.4,76.2],[1773.2,76.3],[1772.6,75.6]]],[[[1770.7,76.8],[1771.7,77.1],[1772.2,77.1],[1770.7,76.8]]],[[[1764.1,77.1],[1767.1,77.4],[1765.8,76.8],[1764.1,77.1]]],[[[1768.0,78.6],[1765.7,78.4],[1767.8,79.0],[1768.0,78.6]]],[[[1926.4,79.8],[1926.5,80.3],[1927.3,80.4],[1926.4,79.8]]],[[[1906.6,81.3],[1911.8,81.7],[1912.8,79.8],[1910.7,78.9],[1904.7,78.6],[1904.8,79.5],[1903.5,79.8],[1904.6,80.7],[1906.6,81.3]]],[[[1770.5,81.2],[1769.3,81.0],[1768.9,81.0],[1769.7,81.3],[1770.5,81.2]]],[[[1974.9,83.5],[1973.7,82.8],[1973.2,82.8],[1974.0,83.3],[1974.9,83.5]]],[[[1983.4,85.3],[1983.8,85.6],[1984.3,85.7],[1983.2,84.7],[1983.4,85.3]]],[[[2005.0,89.6],[2006.6,89.9],[2005.8,89.6],[2005.0,89.6]]],[[[1479.0,118.6],[1482.9,117.4],[1484.1,115.5],[1487.6,114.6],[1488.0,113.0],[1490.9,113.8],[1491.9,113.3],[1491.3,112.0],[1494.8,112.8],[1497.9,110.8],[1503.9,112.5],[1502.4,113.6],[1498.2,112.3],[1497.8,113.0],[1500.3,114.3],[1503.8,114.5],[1503.3,115.2],[1505.8,114.7],[1506.4,115.9],[1505.7,116.2],[1506.5,116.6],[1507.2,115.3],[1520.1,116.5],[1530.6,119.9],[1540.7,124.2],[1544.0,124.6],[1543.6,123.9],[1551.4,127.7],[1552.7,130.4],[1554.4,131.8],[1553.2,134.6],[1548.5,137.9],[1541.1,139.5],[1516.2,135.9],[1513.9,134.2],[1512.9,134.8],[1509.3,134.2],[1506.5,132.5],[1506.8,131.9],[1500.5,131.4],[1504.1,132.4],[1504.7,132.7],[1504.0,133.4],[1509.3,135.3],[1506.9,135.6],[1510.4,136.0],[1507.6,136.2],[1511.5,136.4],[1511.4,137.3],[1509.9,137.7],[1515.2,138.5],[1518.4,140.4],[1519.8,142.1],[1517.7,144.9],[1522.0,149.4],[1521.1,149.9],[1521.9,150.4],[1521.3,151.1],[1524.4,152.6],[1526.6,152.5],[1529.2,153.4],[1532.0,155.4],[1537.3,156.6],[1540.7,155.7],[1540.3,152.9],[1538.3,152.2],[1535.4,152.3],[1531.1,149.3],[1530.1,148.1],[1531.6,147.9],[1532.9,146.1],[1541.4,148.6],[1539.8,149.3],[1540.3,149.9],[1543.7,149.3],[1548.3,150.6],[1554.5,151.1],[1552.3,148.0],[1548.5,145.0],[1548.1,143.9],[1553.4,140.3],[1557.4,138.9],[1560.2,136.5],[1567.7,137.2],[1569.1,138.4],[1567.9,139.4],[1570.6,138.8],[1573.1,141.0],[1571.9,137.3],[1573.5,135.1],[1571.6,132.3],[1567.6,130.5],[1568.3,126.0],[1568.9,125.8],[1568.4,125.1],[1569.0,124.8],[1568.0,122.8],[1562.4,120.6],[1563.1,120.2],[1567.6,121.2],[1574.9,121.1],[1581.5,124.5],[1583.1,126.3],[1575.6,127.1],[1575.9,127.9],[1574.1,129.4],[1575.0,130.4],[1578.0,131.2],[1580.6,133.4],[1584.6,133.6],[1583.9,134.3],[1590.5,133.0],[1590.1,128.1],[1593.9,127.3],[1596.9,127.8],[1594.0,125.9],[1597.3,125.8],[1604.6,122.5],[1610.8,121.1],[1612.3,121.3],[1612.5,122.7],[1613.3,122.7],[1615.2,121.9],[1612.9,120.8],[1613.4,120.2],[1618.8,118.1],[1623.5,117.8],[1619.0,118.4],[1621.4,118.9],[1620.6,119.7],[1622.0,121.9],[1618.8,122.7],[1618.7,123.3],[1619.9,123.5],[1625.9,122.9],[1627.9,123.8],[1628.6,121.9],[1630.5,120.8],[1634.5,120.4],[1639.8,121.0],[1643.0,119.6],[1643.4,118.8],[1645.6,119.5],[1645.0,118.8],[1645.8,118.2],[1649.4,117.8],[1651.7,119.6],[1650.5,120.5],[1651.2,121.7],[1655.1,122.5],[1655.5,121.7],[1654.1,120.4],[1658.3,119.4],[1659.4,118.5],[1658.7,116.9],[1657.0,116.5],[1653.0,113.5],[1655.4,112.8],[1656.7,111.5],[1673.1,113.3],[1680.6,115.4],[1679.9,116.0],[1680.4,116.6],[1682.5,116.0],[1693.6,118.8],[1704.5,123.5],[1705.1,118.4],[1701.3,117.8],[1698.1,115.9],[1697.1,113.7],[1689.7,113.2],[1688.7,110.5],[1690.7,109.9],[1689.2,108.6],[1688.1,105.2],[1684.5,104.4],[1684.7,103.3],[1683.8,102.9],[1684.7,101.3],[1688.1,99.9],[1690.0,98.3],[1689.6,92.0],[1690.7,89.9],[1702.0,89.9],[1707.8,90.7],[1710.7,92.6],[1711.7,96.0],[1711.2,98.8],[1709.7,99.8],[1717.5,104.0],[1719.0,107.1],[1718.3,108.6],[1721.0,111.5],[1723.2,117.5],[1731.3,121.3],[1730.4,123.7],[1731.9,127.1],[1730.4,127.8],[1728.3,130.7],[1729.1,131.4],[1727.6,131.6],[1728.1,132.3],[1724.3,133.6],[1726.3,133.7],[1727.3,135.2],[1723.5,135.5],[1724.1,136.0],[1723.1,136.2],[1720.3,135.1],[1722.8,135.2],[1722.4,134.4],[1720.3,134.9],[1717.3,134.0],[1712.2,134.0],[1716.1,136.3],[1731.5,138.3],[1732.9,137.3],[1733.0,135.6],[1738.5,133.1],[1738.9,129.3],[1741.3,127.1],[1740.4,125.1],[1736.6,122.3],[1736.0,119.7],[1737.0,119.2],[1743.1,117.9],[1746.1,118.1],[1752.1,121.4],[1754.7,125.9],[1754.1,126.2],[1755.7,127.5],[1765.6,128.4],[1756.7,126.6],[1755.6,124.2],[1757.4,123.0],[1752.1,118.5],[1740.8,115.9],[1734.5,117.0],[1730.5,116.8],[1726.4,111.8],[1726.1,109.2],[1727.0,106.1],[1716.4,100.3],[1718.3,97.1],[1723.7,94.9],[1722.9,93.0],[1719.6,90.5],[1722.4,90.4],[1725.6,92.6],[1726.8,94.5],[1726.9,97.6],[1729.3,101.0],[1737.6,101.8],[1739.2,102.8],[1740.9,102.0],[1749.7,104.1],[1750.8,103.2],[1747.8,103.7],[1747.8,102.9],[1743.3,100.7],[1741.0,101.3],[1734.0,99.5],[1730.3,96.8],[1734.7,96.1],[1740.8,97.4],[1742.0,96.8],[1741.2,96.0],[1737.1,95.6],[1736.8,94.7],[1743.6,93.4],[1753.8,95.2],[1760.9,98.1],[1766.9,97.8],[1761.5,94.4],[1753.1,92.8],[1750.1,89.1],[1746.1,87.0],[1747.3,85.5],[1749.8,84.7],[1770.4,84.4],[1773.4,83.2],[1779.0,83.2],[1778.1,82.0],[1779.6,82.0],[1771.0,79.9],[1772.6,80.2],[1771.1,79.5],[1773.4,79.4],[1775.3,80.3],[1776.5,79.6],[1769.3,78.1],[1768.6,76.7],[1773.5,78.1],[1773.4,77.2],[1774.2,77.4],[1773.4,75.5],[1775.7,75.6],[1771.5,74.5],[1776.5,74.8],[1780.7,72.7],[1780.0,72.6],[1783.7,72.4],[1784.5,71.6],[1798.9,70.4],[1803.1,69.2],[1797.9,69.6],[1796.8,69.0],[1797.6,68.4],[1809.2,67.8],[1807.5,67.0],[1812.4,66.8],[1814.1,67.9],[1813.2,67.4],[1812.5,67.6],[1813.4,68.2],[1810.5,67.9],[1812.7,68.4],[1811.2,69.7],[1814.0,69.0],[1816.2,69.6],[1820.4,69.1],[1821.4,68.8],[1819.9,68.4],[1823.6,67.5],[1831.3,68.6],[1823.8,65.6],[1837.4,65.9],[1833.5,65.1],[1833.2,64.2],[1830.9,63.1],[1830.9,62.4],[1831.7,62.3],[1831.0,61.6],[1833.0,60.2],[1831.7,59.9],[1840.4,57.9],[1853.2,60.1],[1844.7,61.8],[1853.5,61.5],[1852.4,62.5],[1861.8,62.5],[1862.4,64.0],[1860.5,65.5],[1861.4,65.7],[1867.1,65.3],[1867.9,64.8],[1867.4,64.0],[1868.5,64.0],[1881.8,64.0],[1890.2,64.9],[1892.5,66.0],[1889.4,65.4],[1890.2,66.4],[1892.7,66.2],[1896.5,68.6],[1898.7,68.1],[1896.5,67.2],[1897.7,67.2],[1901.2,69.4],[1903.5,69.7],[1905.0,71.6],[1896.5,70.0],[1900.8,71.6],[1904.0,71.7],[1906.6,73.2],[1905.7,75.1],[1902.6,76.4],[1902.0,77.8],[1900.2,77.7],[1895.8,79.1],[1896.2,79.7],[1893.4,80.2],[1895.7,80.6],[1894.9,81.6],[1891.7,83.0],[1890.7,84.4],[1886.7,85.0],[1884.8,87.1],[1882.6,87.3],[1882.2,89.7],[1879.9,90.8],[1883.6,90.0],[1884.5,89.2],[1884.2,88.0],[1892.8,87.8],[1898.6,86.2],[1897.2,85.6],[1900.3,85.7],[1904.7,84.4],[1903.0,83.8],[1897.9,84.5],[1896.9,83.5],[1898.9,82.2],[1903.6,82.9],[1905.1,81.9],[1907.2,83.6],[1911.8,84.6],[1914.8,83.7],[1913.2,82.5],[1917.8,84.3],[1919.2,86.3],[1921.7,87.0],[1923.3,86.7],[1919.7,85.7],[1928.0,84.7],[1944.4,84.8],[1947.6,85.5],[1948.4,86.1],[1946.1,86.5],[1950.7,88.5],[1956.1,89.0],[1955.2,88.5],[1956.4,88.1],[1958.2,88.4],[1956.7,89.1],[1961.3,89.5],[1975.0,89.4],[1975.1,87.7],[1971.2,85.3],[1971.0,84.3],[1973.2,84.6],[1972.3,83.9],[1979.5,84.7],[1983.7,86.2],[1986.7,85.5],[1987.4,85.7],[1986.8,86.3],[1988.6,86.5],[1990.9,86.2],[1990.1,85.7],[1990.6,85.6],[1994.4,85.6],[1995.9,85.8],[1992.7,85.6],[2002.7,87.8],[2003.7,88.8],[2005.1,88.5],[2003.1,89.7],[2008.1,90.5],[2006.1,90.9],[2009.2,91.3],[2007.7,91.6],[2008.6,92.1],[2008.0,92.4],[2005.8,92.3],[2010.8,92.9],[2014.7,94.6],[2014.0,95.2],[2014.8,95.3],[2012.8,95.9],[2007.4,94.6],[2009.5,96.1],[2014.6,97.9],[2016.1,97.5],[2013.6,96.2],[2015.2,96.6],[2018.2,98.1],[2015.6,98.3],[2016.1,99.0],[2035.3,105.3],[2036.1,104.9],[2036.7,101.7],[2034.1,99.5],[2033.4,97.8],[2033.8,97.0],[2041.9,99.9],[2048.4,100.4],[2050.0,101.2],[2049.6,99.9],[2053.5,98.8],[2069.7,102.3],[2067.4,101.7],[2069.7,101.0],[2067.2,100.5],[2066.0,99.1],[2068.4,99.5],[2069.3,98.8],[2072.7,100.0],[2077.2,99.9],[2069.5,96.6],[2071.0,96.5],[2070.3,95.0],[2072.0,94.9],[2067.1,95.0],[2065.6,94.0],[2065.4,93.3],[2066.2,92.8],[2072.9,92.2],[2067.8,90.0],[2075.6,91.1],[2098.3,92.2],[2105.8,93.9],[2103.5,94.0],[2106.1,94.7],[2106.0,97.2],[2104.4,95.1],[2103.9,95.8],[2101.4,94.6],[2100.7,94.6],[2104.1,96.8],[2099.4,96.5],[2102.7,98.3],[2106.8,97.6],[2107.7,94.6],[2108.6,94.0],[2120.1,94.7],[2125.5,96.0],[2127.3,97.4],[2123.7,97.1],[2123.4,97.9],[2122.2,97.8],[2123.3,98.7],[2128.3,98.6],[2130.7,99.7],[2134.5,100.0],[2134.7,100.7],[2133.6,101.6],[2137.7,100.6],[2142.0,101.2],[2147.0,103.4],[2144.7,103.4],[2149.5,104.3],[2155.1,104.5],[2168.9,102.5],[2185.7,104.1],[2194.3,106.8],[2198.5,109.6],[2197.7,109.6],[2200.0,111.7],[2209.4,113.6],[2224.6,112.5],[2241.0,114.3],[2245.5,112.2],[2252.7,115.8],[2260.0,117.0],[2265.2,119.4],[2270.5,119.4],[2269.3,118.4],[2270.8,119.2],[2269.3,118.2],[2270.0,117.4],[2269.3,116.8],[2262.9,113.8],[2259.5,113.3],[2259.2,112.5],[2260.0,112.0],[2255.6,109.5],[2269.7,110.6],[2274.2,112.0],[2275.3,111.6],[2273.1,110.9],[2289.6,111.6],[2309.3,114.7],[2311.3,115.4],[2308.9,114.9],[2310.1,115.6],[2328.3,119.3],[2338.9,122.7],[2359.0,126.8],[2364.4,129.5],[2366.4,129.6],[2375.0,135.0],[2380.0,137.1],[2381.5,136.8],[2384.5,138.4],[2382.8,136.6],[2378.8,135.5],[2379.0,134.7],[2377.8,133.8],[2371.6,131.9],[2380.2,132.0],[2379.9,132.6],[2381.6,133.4],[2381.2,132.6],[2385.4,132.9],[2381.3,132.2],[2389.1,132.8],[2401.6,136.7],[2403.5,138.2],[2405.5,137.9],[2409.3,139.6],[2408.5,140.7],[2410.3,143.0],[2403.2,141.4],[2407.7,142.7],[2409.2,144.0],[2403.8,143.9],[2404.4,143.6],[2397.0,142.4],[2403.3,144.1],[2405.4,145.8],[2403.1,145.9],[2406.1,146.4],[2407.6,147.7],[2405.0,149.2],[2406.5,149.0],[2406.9,150.2],[2409.2,150.2],[2413.2,152.0],[2409.5,151.5],[2411.3,153.0],[2409.9,153.3],[2405.2,150.5],[2406.8,152.1],[2393.3,148.7],[2393.9,149.2],[2391.9,149.0],[2377.8,143.5],[2373.7,143.0],[2371.0,144.1],[2366.8,143.9],[2358.6,139.9],[2359.0,139.1],[2357.3,137.4],[2356.5,137.2],[2357.0,138.6],[2356.4,138.6],[2353.1,137.0],[2353.9,137.6],[2352.3,137.5],[2354.7,138.5],[2353.4,139.1],[2352.3,138.5],[2353.4,140.1],[2360.9,143.0],[2361.3,144.1],[2359.1,144.6],[2361.7,144.6],[2362.8,145.6],[2363.1,146.6],[2361.7,147.4],[2361.0,149.2],[2358.3,150.6],[2358.8,149.9],[2352.6,149.8],[2344.5,147.0],[2341.1,147.2],[2345.9,147.5],[2348.6,149.2],[2340.5,148.2],[2345.2,149.9],[2344.5,150.6],[2348.1,150.5],[2350.1,149.4],[2355.3,152.9],[2360.1,153.5],[2359.6,152.5],[2369.8,158.1],[2368.0,158.8],[2371.7,159.3],[2370.1,158.3],[2373.6,160.2],[2372.8,160.2],[2377.1,161.2],[2379.5,163.3],[2383.5,164.8],[2384.3,166.1],[2383.6,167.2],[2384.7,168.3],[2372.7,166.2],[2366.9,164.0],[2369.1,165.8],[2371.5,166.3],[2369.6,166.8],[2366.1,169.4],[2364.0,169.8],[2364.3,170.7],[2361.6,171.0],[2362.9,172.0],[2359.6,172.2],[2360.3,172.7],[2359.6,173.2],[2357.5,172.9],[2358.9,174.2],[2358.1,174.4],[2358.4,175.3],[2355.6,175.2],[2358.0,176.3],[2356.7,176.1],[2357.2,177.0],[2355.7,177.0],[2357.2,178.4],[2354.9,177.9],[2356.6,179.4],[2355.7,179.2],[2354.2,180.7],[2354.4,181.8],[2351.8,183.0],[2354.2,185.3],[2354.7,187.1],[2345.5,182.7],[2340.1,181.6],[2331.9,182.8],[2332.5,183.5],[2331.0,183.5],[2331.4,186.5],[2330.5,187.9],[2324.9,182.6],[2322.9,185.0],[2320.8,185.5],[2323.1,186.4],[2322.7,187.9],[2318.8,185.9],[2317.5,186.0],[2318.0,186.4],[2317.4,186.6],[2313.6,186.4],[2314.7,186.5],[2313.7,187.5],[2315.0,190.1],[2318.8,193.7],[2317.2,193.7],[2318.9,194.7],[2318.0,195.0],[2318.0,196.8],[2320.3,201.9],[2325.7,204.5],[2325.4,202.7],[2330.6,204.2],[2331.7,205.4],[2331.9,208.3],[2336.1,212.0],[2341.1,213.8],[2344.1,216.8],[2343.5,218.1],[2341.2,217.6],[2339.7,216.2],[2339.9,214.3],[2337.3,215.5],[2338.5,216.1],[2337.8,218.3],[2340.1,222.6],[2348.5,228.8],[2348.2,230.7],[2342.3,230.2],[2340.2,233.5],[2340.7,235.3],[2343.8,239.0],[2348.0,242.2],[2345.4,240.9],[2343.2,241.6],[2341.0,243.8],[2338.7,242.8],[2340.5,243.9],[2344.1,248.4],[2345.2,251.6],[2344.3,256.7],[2342.4,260.2],[2328.8,247.6],[2329.3,247.1],[2324.9,245.0],[2305.1,226.7],[2294.4,213.4],[2294.8,210.5],[2295.7,209.8],[2294.3,206.9],[2290.7,203.9],[2293.9,204.3],[2294.3,202.2],[2297.8,202.3],[2297.5,201.5],[2299.0,198.4],[2299.8,198.6],[2298.2,194.0],[2298.7,190.0],[2299.9,189.0],[2300.1,186.4],[2301.0,185.0],[2299.4,183.1],[2302.6,180.2],[2304.7,180.3],[2306.0,179.1],[2304.1,178.3],[2303.9,176.1],[2301.0,174.6],[2296.5,168.1],[2297.9,166.9],[2302.7,168.2],[2300.5,167.1],[2303.5,167.2],[2294.1,165.3],[2288.5,166.5],[2290.6,167.9],[2290.5,169.0],[2293.1,171.6],[2296.6,173.4],[2295.9,173.7],[2296.3,174.4],[2293.7,173.1],[2291.1,174.1],[2289.4,179.0],[2289.8,180.7],[2288.2,180.6],[2287.2,181.8],[2284.8,178.4],[2282.2,178.8],[2279.1,176.1],[2280.0,176.2],[2276.8,171.4],[2274.3,173.2],[2270.2,171.4],[2264.5,172.7],[2260.6,172.2],[2260.7,173.0],[2258.5,174.7],[2259.9,176.3],[2259.0,177.9],[2259.8,180.6],[2257.6,183.9],[2258.5,187.2],[2257.8,187.4],[2260.1,189.5],[2259.4,189.6],[2260.1,190.7],[2262.5,191.0],[2261.7,190.5],[2264.0,190.1],[2268.4,192.4],[2267.3,193.0],[2264.0,192.8],[2263.2,193.7],[2258.3,192.7],[2256.7,194.1],[2257.2,195.2],[2252.8,194.3],[2251.6,194.5],[2252.1,195.2],[2248.5,195.2],[2244.5,193.7],[2250.6,192.8],[2242.3,189.9],[2238.9,190.5],[2229.9,188.3],[2227.7,189.3],[2229.3,190.4],[2226.9,190.3],[2229.8,192.4],[2224.4,191.2],[2222.1,191.5],[2222.6,192.3],[2213.6,191.2],[2214.4,193.0],[2212.1,192.9],[2209.6,191.3],[2207.2,191.1],[2193.7,191.7],[2190.4,193.0],[2189.6,194.3],[2189.6,197.3],[2186.9,200.0],[2188.4,204.0],[2186.8,204.8],[2186.2,207.0],[2183.2,211.2],[2183.1,214.0],[2184.2,215.0],[2183.2,215.8],[2182.3,218.9],[2179.0,222.1],[2178.5,224.2],[2175.9,226.4],[2175.9,227.7],[2180.3,229.6],[2188.2,230.2],[2192.7,236.6],[2195.3,236.2],[2194.9,234.8],[2193.5,234.2],[2193.1,233.2],[2195.8,232.3],[2194.6,234.1],[2199.0,235.4],[2197.8,238.1],[2198.1,238.9],[2202.4,237.9],[2203.4,235.3],[2204.4,236.2],[2204.3,239.0],[2205.6,238.3],[2204.5,235.5],[2201.8,232.5],[2206.0,233.2],[2209.3,232.6],[2216.5,236.8],[2226.9,241.3],[2227.5,242.4],[2226.8,242.4],[2226.7,243.2],[2223.0,242.1],[2228.7,244.9],[2230.7,248.3],[2234.2,249.9],[2235.5,251.9],[2234.5,255.0],[2235.5,256.6],[2235.1,257.8],[2238.9,264.9],[2240.9,266.9],[2242.4,267.3],[2242.2,269.1],[2244.5,271.9],[2245.7,276.4],[2246.6,276.9],[2248.2,280.7],[2246.1,286.5],[2246.5,290.5],[2245.7,293.5],[2246.6,297.1],[2246.5,301.9],[2242.5,312.6],[2242.6,314.4],[2241.6,315.7],[2241.0,321.8],[2236.4,326.9],[2230.8,330.0],[2224.2,328.1],[2222.0,324.7],[2220.8,326.8],[2219.8,324.9],[2218.8,324.7],[2218.4,327.5],[2217.6,327.9],[2217.9,330.8],[2214.1,330.4],[2215.6,331.7],[2215.9,333.4],[2211.8,329.8],[2212.9,328.8],[2215.4,328.3],[2214.9,324.8],[2209.8,316.5],[2205.5,311.3],[2207.7,310.3],[2209.2,307.7],[2215.8,309.7],[2218.3,309.4],[2217.2,306.5],[2218.3,305.1],[2217.3,300.6],[2218.0,299.5],[2214.7,290.8],[2216.2,288.0],[2213.5,284.9],[2212.8,282.6],[2210.6,281.8],[2208.5,282.1],[2205.6,284.3],[2202.3,284.5],[2201.1,286.9],[2199.9,287.5],[2190.9,287.2],[2187.0,284.5],[2186.1,281.9],[2183.0,279.6],[2182.1,277.5],[2178.0,276.9],[2171.2,272.8],[2171.3,273.6],[2165.8,271.6],[2161.0,271.6],[2158.0,270.5],[2150.1,262.1],[2130.1,245.3],[2125.9,242.8],[2122.0,241.6],[2120.7,242.3],[2117.1,241.5],[2111.6,239.1],[2101.2,239.3],[2094.6,240.8],[2091.0,245.1],[2092.4,246.2],[2096.3,246.8],[2099.6,251.1],[2097.8,254.7],[2098.1,264.2],[2100.7,267.0],[2096.4,269.0],[2093.6,272.0],[2086.3,270.4],[2081.7,268.1],[2076.2,268.9],[2071.0,266.3],[2068.4,265.8],[2063.1,268.2],[2060.5,272.0],[2051.3,273.4],[2048.5,275.0],[2033.1,273.4],[2028.2,271.1],[2025.5,268.6],[2020.6,267.8],[2015.8,265.1],[2006.8,264.3],[1998.3,266.6],[1994.3,266.4],[1986.3,263.2],[1980.6,256.5],[1965.3,253.3],[1956.7,250.3],[1956.8,252.6],[1955.0,254.1],[1955.2,255.8],[1954.3,256.1],[1954.2,257.7],[1955.4,260.3],[1960.0,264.2],[1960.5,266.0],[1959.9,268.0],[1956.8,270.0],[1946.9,268.0],[1943.7,268.9],[1938.7,267.8],[1936.0,266.7],[1932.0,263.3],[1925.1,263.1],[1923.3,261.6],[1921.5,262.2],[1918.9,260.9],[1918.7,262.0],[1915.8,262.5],[1914.4,263.9],[1904.8,268.8],[1906.0,270.5],[1902.8,271.4],[1903.2,272.2],[1897.9,272.3],[1896.1,274.9],[1893.1,275.8],[1886.1,271.6],[1885.7,269.8],[1883.2,272.2],[1876.5,271.1],[1872.8,267.0],[1868.0,265.6],[1864.3,261.8],[1860.0,259.8],[1858.1,259.5],[1852.6,262.0],[1848.5,261.9],[1846.4,260.1],[1844.4,259.9],[1844.2,258.1],[1841.6,257.3],[1839.9,257.8],[1840.2,259.7],[1838.4,261.0],[1838.7,261.6],[1837.7,261.2],[1817.1,242.0],[1803.2,233.9],[1804.9,233.4],[1805.2,231.1],[1797.1,234.2],[1796.8,235.5],[1793.0,237.4],[1792.5,239.1],[1788.8,237.8],[1786.3,239.5],[1784.3,237.5],[1785.0,236.3],[1786.7,235.9],[1785.7,234.2],[1784.2,235.3],[1779.3,233.7],[1778.4,234.5],[1779.9,235.0],[1778.4,235.7],[1777.5,234.3],[1777.9,233.7],[1774.9,231.8],[1775.6,233.2],[1773.6,232.8],[1771.9,233.9],[1769.0,233.4],[1767.9,232.6],[1768.7,232.0],[1768.4,229.2],[1766.4,228.1],[1763.6,224.5],[1762.1,224.2],[1759.6,225.4],[1755.8,223.8],[1751.0,223.1],[1751.7,223.8],[1749.9,223.7],[1749.9,224.5],[1747.7,225.5],[1748.3,226.1],[1746.9,227.1],[1731.7,229.8],[1730.5,230.5],[1730.0,232.2],[1726.4,231.9],[1723.4,232.3],[1723.1,233.0],[1719.0,233.1],[1717.8,234.2],[1715.3,234.4],[1714.9,235.7],[1712.8,234.7],[1710.4,235.3],[1706.9,234.6],[1706.2,235.4],[1704.8,235.3],[1706.2,237.0],[1705.0,237.7],[1709.4,238.9],[1707.3,240.4],[1714.4,242.8],[1712.2,243.4],[1707.1,243.2],[1706.1,245.4],[1709.1,248.6],[1703.3,252.0],[1716.0,257.6],[1715.2,258.3],[1715.5,261.0],[1713.9,262.1],[1709.4,262.5],[1706.4,260.9],[1705.4,263.2],[1703.5,263.8],[1702.9,262.8],[1697.7,261.6],[1694.3,258.5],[1691.2,258.9],[1690.9,260.5],[1689.4,260.8],[1686.5,259.0],[1683.7,259.9],[1682.1,259.3],[1679.9,262.6],[1678.4,263.3],[1670.2,259.5],[1669.7,259.8],[1671.3,262.3],[1670.7,263.7],[1669.4,260.9],[1661.2,255.8],[1655.6,255.5],[1653.6,253.2],[1650.9,254.2],[1650.0,255.8],[1648.1,255.7],[1646.7,254.1],[1643.4,253.3],[1643.9,254.8],[1642.6,254.7],[1641.5,257.1],[1635.9,259.0],[1636.0,261.0],[1634.4,262.1],[1631.2,262.6],[1634.3,267.6],[1633.4,268.8],[1630.9,269.2],[1626.2,264.8],[1623.8,264.8],[1623.6,267.8],[1621.4,270.8],[1621.6,273.0],[1623.6,275.4],[1621.5,278.5],[1621.6,280.9],[1625.3,283.0],[1627.4,287.1],[1630.6,286.6],[1634.5,288.4],[1640.4,295.1],[1640.3,295.7],[1637.9,295.5],[1637.4,296.1],[1643.0,299.5],[1642.2,299.1],[1642.4,300.6],[1639.1,301.1],[1640.4,303.1],[1637.9,302.5],[1638.0,303.2],[1634.8,304.1],[1634.6,304.9],[1632.3,303.7],[1633.1,305.5],[1631.3,303.9],[1632.2,305.7],[1632.0,307.6],[1630.4,311.8],[1629.8,311.1],[1628.4,313.9],[1628.9,315.1],[1633.4,318.3],[1634.7,320.5],[1634.7,322.5],[1635.2,322.7],[1635.4,320.0],[1636.3,319.8],[1635.4,323.0],[1636.4,324.7],[1636.0,327.1],[1645.2,337.3],[1641.5,342.5],[1640.1,342.8],[1637.6,341.9],[1632.4,337.3],[1625.2,334.6],[1624.1,331.3],[1622.0,331.1],[1619.3,329.6],[1618.0,330.6],[1616.3,329.5],[1611.3,330.6],[1604.3,326.2],[1596.1,325.4],[1587.5,322.7],[1584.9,322.6],[1583.9,324.1],[1576.0,317.8],[1570.5,315.4],[1567.6,312.9],[1565.5,312.9],[1562.6,310.6],[1558.7,309.3],[1560.5,308.0],[1559.5,306.9],[1558.8,307.4],[1559.6,306.6],[1562.3,307.8],[1565.8,307.7],[1565.5,305.5],[1565.0,306.2],[1564.7,304.8],[1565.7,304.6],[1566.9,301.6],[1567.4,302.8],[1568.3,300.7],[1570.6,301.5],[1569.4,299.9],[1565.5,297.8],[1564.6,296.4],[1569.5,296.4],[1569.1,294.8],[1575.0,292.3],[1573.1,291.2],[1567.7,292.2],[1566.9,289.9],[1570.6,286.2],[1576.1,286.3],[1577.0,285.5],[1577.6,282.4],[1576.6,282.1],[1576.9,281.2],[1575.1,279.4],[1577.0,277.9],[1575.0,276.5],[1577.0,274.9],[1576.9,271.5],[1574.3,271.5],[1570.1,269.0],[1568.1,269.3],[1564.1,267.8],[1562.4,268.9],[1557.8,264.5],[1552.4,266.2],[1548.6,264.4],[1545.6,264.8],[1543.9,262.0],[1543.4,259.4],[1540.7,258.0],[1535.6,257.6],[1535.8,256.6],[1534.5,254.4],[1536.5,253.4],[1532.0,248.6],[1522.3,248.7],[1521.2,250.7],[1518.6,250.2],[1517.2,248.4],[1516.4,244.9],[1514.5,242.3],[1516.2,241.4],[1520.2,242.2],[1523.5,239.9],[1520.9,237.0],[1516.9,236.6],[1516.8,234.5],[1513.9,233.2],[1510.1,228.6],[1509.4,222.1],[1504.6,219.6],[1499.9,220.7],[1498.6,218.6],[1492.0,218.0],[1489.9,213.2],[1487.3,211.5],[1487.8,208.0],[1485.2,205.5],[1487.3,203.3],[1484.9,200.6],[1484.2,196.1],[1486.8,192.0],[1488.2,191.5],[1487.0,190.5],[1486.8,188.4],[1488.7,188.9],[1489.5,187.7],[1491.7,188.1],[1494.3,186.4],[1499.8,187.4],[1496.7,185.2],[1491.3,184.3],[1488.5,182.0],[1490.0,182.8],[1489.7,180.8],[1484.5,182.2],[1493.3,175.7],[1502.0,167.7],[1504.2,163.7],[1503.4,162.5],[1494.0,157.3],[1496.6,155.5],[1497.2,153.9],[1493.3,151.3],[1493.8,149.5],[1490.7,148.4],[1490.6,147.3],[1491.6,146.6],[1490.2,145.5],[1490.8,143.5],[1490.3,142.7],[1492.4,142.0],[1485.2,133.2],[1485.6,131.8],[1488.9,128.8],[1489.3,127.7],[1480.5,122.8],[1479.9,121.4],[1481.0,119.7],[1480.4,118.8],[1479.0,118.6]],[[1504.3,117.6],[1506.4,116.6],[1504.5,117.3],[1504.3,117.6]],[[2092.5,94.3],[2094.5,94.9],[2103.4,94.0],[2095.7,93.1],[2094.5,93.5],[2094.2,94.6],[2093.3,94.3],[2092.5,94.3]]],[[[2072.2,64.8],[2074.6,64.4],[2073.4,63.8],[2070.9,64.4],[2071.3,64.7],[2072.2,64.8]]],[[[2096.6,67.6],[2098.3,68.2],[2097.6,67.6],[2097.1,67.5],[2096.6,67.6]]],[[[2042.4,71.2],[2041.2,70.9],[2040.7,70.8],[2041.5,71.1],[2042.4,71.2]]],[[[2023.2,70.8],[2028.1,73.1],[2025.8,73.3],[2028.1,74.4],[2042.7,77.9],[2044.5,77.6],[2043.1,75.8],[2047.2,76.8],[2054.4,75.5],[2058.3,76.7],[2064.6,75.9],[2053.6,73.5],[2049.1,71.4],[2050.6,71.0],[2049.9,70.8],[2053.4,71.1],[2053.9,71.7],[2053.3,72.5],[2061.0,74.9],[2065.7,75.3],[2067.5,74.2],[2065.0,72.6],[2067.2,71.9],[2066.5,71.8],[2056.1,69.7],[2049.8,70.2],[2040.7,67.9],[2043.0,68.9],[2040.0,69.1],[2043.8,71.4],[2026.5,67.6],[2025.9,67.8],[2026.3,68.4],[2024.9,68.0],[2023.1,69.0],[2025.6,70.5],[2023.9,70.4],[2023.2,70.8]]],[[[2057.6,83.0],[2059.5,82.1],[2057.1,80.8],[2053.2,80.7],[2054.8,82.3],[2057.6,83.0]]],[[[2029.5,81.4],[2035.2,83.2],[2033.3,81.6],[2028.2,80.7],[2029.5,81.4]]],[[[2060.5,86.0],[2057.8,86.3],[2059.5,86.8],[2063.7,86.1],[2072.5,87.5],[2079.9,87.6],[2073.1,84.5],[2065.6,82.9],[2061.3,83.3],[2061.2,85.6],[2060.5,86.0]]],[[[2066.5,98.4],[2067.3,98.7],[2068.1,98.5],[2067.3,98.3],[2066.5,98.4]]],[[[2064.1,99.1],[2061.2,99.3],[2065.1,100.2],[2065.9,99.7],[2065.0,99.3],[2064.1,99.1]]],[[[2290.4,101.0],[2290.5,102.9],[2293.9,104.5],[2298.9,103.2],[2305.4,103.8],[2309.7,102.4],[2307.1,100.7],[2298.0,99.0],[2292.7,99.2],[2291.5,99.9],[2290.4,101.0]]],[[[2195.5,104.6],[2193.7,103.9],[2193.2,103.8],[2194.2,104.5],[2195.5,104.6]]],[[[2247.0,112.2],[2254.4,113.6],[2253.9,112.3],[2252.3,111.4],[2246.4,110.3],[2244.5,110.5],[2244.7,111.4],[2247.0,112.2]]],[[[2335.5,121.3],[2339.2,122.3],[2340.5,122.6],[2337.4,121.7],[2335.5,121.3]]],[[[2409.3,149.8],[2410.7,149.3],[2408.4,148.7],[2408.3,149.6],[2409.3,149.8]]],[[[2242.0,193.9],[2241.1,193.4],[2241.2,194.3],[2242.1,194.2],[2242.0,193.9]]],[[[2324.7,195.4],[2325.3,198.3],[2327.6,195.9],[2329.2,195.4],[2326.6,192.6],[2323.3,194.2],[2324.0,194.6],[2324.7,195.4]]],[[[2370.4,224.1],[2367.9,224.1],[2377.9,229.2],[2372.1,225.8],[2370.4,224.1]]],[[[2185.1,226.7],[2185.0,227.5],[2187.3,227.4],[2187.0,225.9],[2185.9,226.1],[2185.1,226.7]]],[[[2188.9,227.4],[2189.3,228.2],[2190.5,228.1],[2192.7,229.4],[2193.9,228.7],[2193.4,226.8],[2192.1,226.7],[2191.3,225.6],[2189.1,225.1],[2188.9,226.7],[2188.9,227.4]]],[[[2382.9,228.7],[2388.7,230.7],[2384.8,228.5],[2381.7,227.8],[2382.9,228.7]]],[[[2194.7,231.7],[2193.8,230.7],[2193.4,230.3],[2193.8,231.2],[2194.7,231.7]]],[[[2195.3,231.8],[2196.1,231.2],[2195.3,230.8],[2195.3,231.8]]],[[[2334.6,260.7],[2336.1,261.4],[2335.1,260.4],[2334.6,260.7]]],[[[2340.8,260.9],[2340.7,262.2],[2342.6,262.9],[2341.5,260.8],[2340.8,260.9]]],[[[2340.4,266.9],[2341.6,266.0],[2341.8,265.0],[2340.8,262.7],[2339.4,261.8],[2338.8,262.7],[2339.2,264.4],[2337.4,265.8],[2340.4,268.1],[2340.1,267.4],[2340.4,266.9]]],[[[2230.2,235.3],[2232.6,237.4],[2231.2,238.0],[2233.0,238.8],[2231.8,240.2],[2229.2,239.1],[2229.6,241.1],[2233.2,245.2],[2237.1,252.1],[2245.8,258.6],[2248.2,263.2],[2254.6,271.2],[2258.1,278.2],[2264.2,284.2],[2265.5,288.5],[2268.8,292.5],[2271.5,298.8],[2275.8,302.8],[2274.4,297.3],[2275.4,295.8],[2276.9,296.8],[2280.9,297.4],[2283.7,301.0],[2282.9,298.4],[2280.6,295.4],[2278.1,294.8],[2279.6,295.5],[2277.8,295.3],[2274.2,291.1],[2267.8,286.3],[2263.4,275.3],[2264.2,274.3],[2266.6,273.9],[2263.8,273.5],[2266.1,273.4],[2270.2,274.7],[2277.9,279.5],[2270.8,274.0],[2251.1,255.4],[2250.0,254.5],[2250.6,255.2],[2249.7,255.1],[2244.8,250.0],[2243.3,245.9],[2238.0,242.2],[2236.9,240.2],[2241.7,244.3],[2238.7,241.0],[2232.3,236.5],[2233.8,237.4],[2231.8,235.8],[2230.7,233.6],[2227.3,231.6],[2226.8,232.5],[2225.6,232.6],[2227.8,233.8],[2230.2,235.3]]],[[[2340.3,273.5],[2338.8,271.0],[2339.5,273.8],[2340.3,274.0],[2340.3,273.5]]],[[[2339.6,278.2],[2339.7,277.7],[2339.5,277.2],[2339.1,278.7],[2339.6,278.2]]],[[[2338.7,287.2],[2339.5,287.3],[2338.9,286.6],[2338.7,287.2]]],[[[2336.4,295.3],[2337.7,292.2],[2335.7,294.5],[2336.4,295.3]]],[[[2327.9,302.9],[2327.9,305.4],[2331.5,300.2],[2330.1,300.2],[2328.7,301.4],[2327.9,302.9]]],[[[2221.0,327.4],[2220.1,326.9],[2220.3,327.6],[2221.0,327.4]]]]},"type":"Feature","properties":{"status":"normal","iso2":"RU","name":"Russian Federation","id":"Russian Federation"}},{"geometry":{"type":"MultiPolygon","coordinates":[[[[755.0,525.7],[755.8,525.9],[756.7,525.9],[755.9,525.4],[755.0,525.7]]],[[[743.6,537.6],[741.9,538.1],[741.2,539.8],[745.0,542.6],[748.5,541.0],[753.6,541.7],[758.2,541.3],[761.0,542.9],[761.4,540.6],[759.9,538.0],[762.2,536.6],[761.8,534.9],[763.1,533.1],[762.9,529.1],[761.7,528.1],[755.0,526.7],[752.0,526.9],[750.2,528.6],[754.6,530.2],[754.7,534.3],[757.1,537.0],[757.2,538.3],[753.2,539.5],[745.5,538.2],[743.6,537.6]]],[[[753.9,536.9],[752.9,535.5],[750.6,535.2],[753.8,537.2],[753.9,536.9]]]]},"type":"Feature","properties":{"status":"nogroup","iso2":"HT","name":"Haiti","id":"Haiti"}},{"geometry":{"type":"MultiPolygon","coordinates":[[[[1810.2,493.5],[1810.0,494.8],[1810.7,494.9],[1814.4,492.6],[1812.1,494.7],[1811.9,496.2],[1814.9,499.3],[1820.1,501.9],[1821.8,502.1],[1827.0,500.5],[1827.9,499.1],[1826.3,503.0],[1825.1,504.1],[1822.5,505.2],[1821.1,505.0],[1820.0,506.0],[1818.8,505.9],[1817.9,504.7],[1816.9,505.8],[1826.6,516.5],[1830.5,519.3],[1834.2,519.5],[1841.0,515.8],[1842.3,512.2],[1840.1,510.3],[1841.3,509.6],[1840.7,508.9],[1842.2,507.5],[1841.5,506.1],[1842.6,505.5],[1846.2,506.6],[1843.8,507.8],[1844.1,508.8],[1845.4,508.9],[1844.4,509.9],[1844.7,510.8],[1846.8,511.3],[1848.7,510.7],[1845.7,512.6],[1845.1,514.7],[1845.5,516.6],[1846.2,516.0],[1846.1,516.7],[1847.0,516.8],[1847.8,519.4],[1846.9,527.6],[1848.0,531.2],[1849.3,532.0],[1848.6,532.8],[1849.0,534.8],[1849.7,533.2],[1849.9,534.0],[1849.4,535.4],[1850.0,536.9],[1849.3,536.3],[1849.2,537.1],[1850.4,539.3],[1849.7,539.2],[1850.9,541.2],[1850.4,541.9],[1852.6,547.6],[1854.9,557.9],[1859.5,565.8],[1858.9,566.0],[1860.7,569.6],[1861.9,570.5],[1861.6,571.1],[1864.8,575.8],[1864.3,576.3],[1868.7,589.6],[1876.6,603.5],[1879.9,612.4],[1880.2,611.7],[1881.4,613.9],[1881.9,616.8],[1880.4,612.9],[1880.4,615.6],[1882.2,620.5],[1883.6,621.4],[1883.9,623.1],[1887.3,627.2],[1890.6,628.8],[1894.5,626.5],[1895.8,621.8],[1897.1,620.3],[1901.9,618.8],[1904.9,619.8],[1903.7,618.5],[1901.3,618.1],[1901.0,616.1],[1903.1,612.5],[1903.6,609.9],[1907.5,609.9],[1907.0,602.2],[1906.4,600.7],[1905.6,601.3],[1906.6,595.6],[1909.0,589.6],[1909.6,584.9],[1909.2,582.9],[1907.3,581.3],[1907.9,580.5],[1909.0,582.0],[1906.2,568.5],[1907.8,563.0],[1910.5,561.6],[1911.4,563.0],[1911.8,560.7],[1912.9,562.5],[1914.7,557.8],[1919.2,557.2],[1921.4,556.1],[1922.2,554.5],[1921.5,552.5],[1922.1,551.0],[1927.9,546.9],[1931.1,542.6],[1934.7,539.8],[1938.8,533.3],[1942.5,529.1],[1940.8,530.3],[1941.9,527.4],[1943.4,527.1],[1942.9,528.8],[1949.6,526.3],[1947.7,524.7],[1949.6,525.5],[1953.4,520.3],[1952.0,516.9],[1952.1,514.4],[1958.0,511.2],[1960.4,508.4],[1960.4,507.3],[1958.7,505.5],[1960.7,507.7],[1962.0,512.6],[1962.3,511.2],[1963.2,511.9],[1963.3,509.6],[1964.1,512.8],[1963.8,508.5],[1964.5,506.9],[1964.4,509.2],[1965.1,507.5],[1965.1,511.4],[1966.2,510.7],[1966.9,511.7],[1967.8,511.5],[1966.4,508.8],[1967.2,509.3],[1967.5,507.7],[1965.4,498.3],[1963.8,497.6],[1963.7,495.7],[1961.8,493.7],[1962.9,491.7],[1962.7,489.8],[1956.9,485.7],[1957.6,483.1],[1958.6,483.7],[1959.6,481.3],[1962.9,481.2],[1963.1,480.6],[1961.5,478.5],[1959.6,478.2],[1955.9,475.0],[1956.0,472.7],[1958.1,470.8],[1956.6,469.8],[1956.7,468.9],[1960.3,471.6],[1962.0,472.0],[1961.0,470.5],[1961.8,470.6],[1963.5,473.0],[1966.3,474.4],[1966.4,472.6],[1967.5,473.0],[1968.8,475.5],[1969.2,479.4],[1970.4,480.5],[1985.5,481.2],[1989.0,483.0],[1989.2,483.6],[1987.9,483.8],[1988.0,485.7],[1986.1,489.8],[1984.3,489.6],[1983.8,490.4],[1982.3,490.5],[1981.4,495.3],[1983.3,499.2],[1983.4,497.8],[1986.1,500.4],[1986.8,499.4],[1987.0,494.2],[1989.5,493.9],[1993.9,508.9],[1994.5,507.3],[1996.6,509.0],[1997.1,506.9],[1998.0,506.5],[1996.8,499.6],[1997.8,499.8],[1998.3,498.1],[1997.1,491.1],[2003.3,492.7],[2006.0,483.5],[2005.0,479.6],[2007.1,476.6],[2007.8,474.1],[2006.8,469.0],[2009.1,467.9],[2013.6,463.3],[2017.6,462.6],[2019.6,464.4],[2020.8,464.5],[2018.4,460.5],[2020.9,456.7],[2019.2,453.8],[2014.8,452.7],[2012.6,453.3],[2013.9,449.7],[2012.6,447.5],[2011.0,448.3],[2010.2,447.9],[2011.3,446.2],[2008.7,444.1],[2005.9,445.5],[2004.5,447.7],[1998.4,445.4],[1993.5,450.1],[1989.7,451.2],[1985.4,458.0],[1979.2,458.9],[1979.7,461.1],[1982.8,462.3],[1983.7,466.2],[1983.1,466.6],[1974.6,467.3],[1971.0,466.3],[1967.0,467.9],[1961.0,466.2],[1958.9,464.1],[1959.5,462.7],[1958.3,461.1],[1958.3,457.4],[1956.7,456.2],[1952.9,457.1],[1953.0,463.8],[1954.9,468.0],[1954.6,469.9],[1953.8,470.5],[1948.8,470.6],[1947.1,469.1],[1944.6,470.0],[1940.3,468.5],[1937.9,468.6],[1936.3,466.9],[1933.4,467.5],[1929.3,465.1],[1927.9,462.7],[1926.0,461.9],[1922.9,461.3],[1922.2,462.3],[1920.0,461.3],[1917.8,461.9],[1914.9,461.1],[1913.1,459.5],[1905.7,457.1],[1899.6,452.8],[1895.7,450.9],[1894.7,451.1],[1892.4,449.3],[1893.2,442.8],[1895.7,438.5],[1897.0,437.7],[1894.8,435.9],[1890.5,434.5],[1890.1,432.8],[1887.5,431.2],[1884.4,430.7],[1881.4,427.3],[1878.6,427.9],[1877.1,422.5],[1873.7,417.4],[1875.7,416.9],[1878.2,419.0],[1880.8,417.1],[1881.5,415.9],[1880.0,412.3],[1876.7,410.6],[1874.9,408.2],[1873.7,404.4],[1875.0,402.7],[1868.4,398.5],[1865.8,393.8],[1863.7,392.1],[1859.8,394.6],[1856.8,398.4],[1849.8,400.3],[1840.0,398.3],[1837.3,400.3],[1837.1,401.6],[1838.7,402.8],[1838.3,404.1],[1841.3,404.9],[1839.6,407.1],[1841.3,409.3],[1840.9,412.0],[1843.5,413.9],[1843.6,415.1],[1846.1,415.9],[1847.2,417.9],[1852.0,419.6],[1851.3,420.9],[1846.9,423.7],[1848.0,429.3],[1849.1,430.0],[1844.8,434.9],[1844.2,436.3],[1844.9,438.0],[1841.7,440.1],[1839.9,446.4],[1836.0,450.1],[1832.3,457.0],[1825.6,459.2],[1823.2,456.6],[1821.8,456.6],[1816.7,464.6],[1817.2,467.8],[1822.2,470.1],[1822.8,475.9],[1826.7,477.1],[1827.2,479.4],[1830.4,484.8],[1830.0,486.6],[1831.1,487.8],[1828.7,489.1],[1826.1,487.7],[1822.6,489.8],[1813.7,488.6],[1813.7,491.3],[1810.6,492.0],[1810.1,493.3],[1810.2,493.5]],[[1850.0,532.5],[1850.2,532.7],[1849.8,532.3],[1850.0,532.5]]],[[[2003.8,588.1],[2004.5,593.6],[2003.4,594.3],[2003.0,596.7],[2003.6,598.5],[2004.7,599.0],[2004.4,594.8],[2005.9,590.2],[2005.0,587.4],[2006.1,584.6],[2005.3,583.7],[2005.4,581.6],[2004.4,583.1],[2004.4,587.4],[2003.8,588.1]]],[[[2003.9,606.2],[2003.2,604.7],[2002.3,607.0],[2002.8,607.9],[2003.8,607.0],[2003.9,606.2]]],[[[2006.2,619.0],[2005.7,619.8],[2006.5,619.5],[2006.2,619.0]]],[[[2012.1,628.0],[2012.5,629.5],[2012.4,628.0],[2012.1,628.0]]],[[[2010.9,630.0],[2011.7,630.6],[2011.4,629.7],[2010.9,630.0]]],[[[2013.6,636.3],[2014.0,634.9],[2013.4,635.6],[2013.6,636.3]]],[[[2014.4,636.6],[2014.2,637.7],[2015.4,640.5],[2015.4,636.8],[2014.4,636.6]]]]},"type":"Feature","properties":{"status":"normal","iso2":"IN","name":"India","id":"India"}},{"geometry":{"type":"MultiPolygon","coordinates":[[[[573.6,113.6],[574.7,113.2],[575.1,113.0],[574.3,113.2],[573.6,113.6]]],[[[553.5,113.9],[555.1,113.1],[553.9,113.2],[552.8,113.6],[553.5,113.9]]],[[[572.4,114.0],[572.1,114.0],[571.6,114.1],[572.4,114.5],[572.4,114.0]]],[[[572.7,114.9],[572.4,114.8],[571.8,115.0],[572.6,115.5],[572.7,114.9]]],[[[480.6,228.7],[479.4,228.9],[479.0,229.2],[480.6,228.7]]],[[[475.5,229.8],[473.8,231.0],[476.1,229.8],[475.5,229.8]]],[[[472.0,235.6],[473.7,235.2],[472.3,236.1],[473.7,235.8],[474.6,234.4],[471.6,235.3],[472.0,235.6]]],[[[472.1,237.0],[471.5,237.7],[472.0,238.3],[473.0,236.6],[472.1,237.0]]],[[[454.8,238.2],[454.0,238.2],[455.6,240.0],[454.1,240.1],[454.8,240.4],[453.4,241.0],[454.2,242.0],[458.7,240.2],[466.6,233.7],[461.8,235.9],[462.1,234.3],[459.6,235.0],[460.4,233.9],[457.7,234.0],[455.3,236.5],[454.8,238.2]],[[460.9,236.6],[457.2,238.5],[458.6,237.6],[457.2,237.7],[460.9,236.6]]],[[[479.4,238.8],[477.5,239.9],[477.0,240.5],[478.6,239.9],[479.4,238.8]]],[[[470.6,240.9],[470.6,241.8],[472.1,241.3],[472.6,240.1],[471.1,238.1],[469.9,238.6],[470.6,240.9]]],[[[475.4,241.0],[474.8,242.4],[476.3,240.5],[475.4,241.0]]],[[[473.8,241.6],[472.9,243.1],[473.6,242.9],[473.8,241.6]]],[[[457.2,244.1],[458.4,243.1],[456.7,243.2],[456.7,244.0],[457.2,244.1]]],[[[477.3,246.5],[478.9,245.2],[479.6,244.7],[478.3,245.1],[477.3,246.5]]],[[[457.6,245.4],[456.6,245.7],[456.3,246.0],[457.1,246.0],[457.6,245.4]]],[[[453.7,245.9],[454.7,250.1],[455.4,249.6],[455.8,250.1],[456.8,248.9],[455.4,247.8],[456.1,244.6],[455.6,244.1],[457.1,242.7],[458.7,242.5],[459.0,241.6],[453.4,242.4],[455.3,243.1],[453.6,244.3],[453.8,245.3],[453.7,245.9]]],[[[471.8,245.5],[472.1,247.5],[473.0,245.6],[472.7,244.7],[472.1,244.9],[471.8,245.5]]],[[[475.1,247.6],[476.1,246.1],[474.0,247.0],[474.7,247.7],[475.1,247.6]]],[[[472.8,249.0],[474.1,247.7],[472.9,248.3],[472.8,249.0]]],[[[476.6,249.0],[476.3,249.9],[477.3,249.1],[476.6,249.0]]],[[[478.6,250.2],[482.9,248.0],[479.2,248.9],[475.5,251.7],[476.5,251.6],[478.6,250.2]]],[[[473.9,250.3],[474.6,249.8],[474.8,249.5],[474.2,249.7],[473.9,250.3]]],[[[476.0,250.1],[475.3,250.8],[476.0,250.7],[476.7,250.1],[476.0,250.1]]],[[[474.0,251.1],[475.3,249.9],[474.0,250.6],[474.0,251.1]]],[[[455.8,251.0],[456.0,250.2],[455.3,251.4],[455.8,251.0]]],[[[474.1,251.2],[472.9,253.4],[475.7,251.1],[474.8,250.9],[474.1,251.2]]],[[[471.9,254.6],[471.7,256.1],[473.1,253.8],[472.4,254.0],[471.9,254.6]]],[[[474.7,261.6],[475.8,261.3],[476.2,261.0],[475.4,261.2],[474.7,261.6]]],[[[477.2,261.4],[475.4,262.7],[477.6,262.4],[478.6,261.2],[477.2,261.4]]],[[[472.2,262.8],[473.0,262.9],[472.9,262.6],[472.6,262.5],[472.2,262.8]]],[[[477.0,263.1],[475.6,263.4],[474.8,263.7],[476.1,263.7],[477.0,263.1]]],[[[482.0,265.6],[481.6,266.8],[482.8,265.7],[482.6,264.5],[481.2,265.3],[481.7,265.4],[482.0,265.6]]],[[[485.4,265.6],[484.5,266.3],[485.2,266.2],[485.4,265.6]]],[[[483.6,266.0],[483.7,267.0],[484.2,265.6],[483.6,266.0]]],[[[481.2,267.3],[481.7,265.6],[480.4,268.1],[481.2,267.3]]],[[[482.7,267.3],[483.0,266.4],[482.2,267.7],[482.7,267.3]]],[[[468.0,269.7],[467.2,270.9],[467.9,271.4],[469.0,270.6],[469.1,269.1],[468.0,269.7]]],[[[485.9,270.1],[485.5,270.5],[485.2,271.0],[486.7,270.0],[485.9,270.1]]],[[[484.0,271.1],[482.7,269.8],[482.8,270.9],[484.4,272.3],[484.0,271.1]]],[[[467.7,267.6],[466.6,268.8],[468.0,269.1],[468.6,268.4],[468.5,269.1],[469.9,269.0],[469.3,270.5],[472.2,270.7],[467.6,273.1],[471.3,272.7],[470.8,273.5],[472.1,272.9],[470.7,274.0],[472.1,273.7],[472.8,274.7],[470.4,275.5],[471.5,276.6],[476.0,276.5],[478.2,274.5],[477.3,275.9],[473.5,278.1],[474.4,279.4],[480.4,282.0],[483.7,281.2],[484.3,279.4],[482.8,280.3],[484.1,275.5],[480.0,272.3],[480.4,265.3],[472.5,263.5],[468.2,261.1],[464.7,261.6],[463.8,262.5],[464.1,263.9],[469.4,263.2],[467.8,264.6],[467.1,263.9],[465.1,264.7],[464.5,265.3],[465.0,265.8],[463.3,267.2],[465.8,267.0],[466.3,267.9],[468.6,267.1],[467.7,267.6]]],[[[483.0,272.7],[483.3,272.7],[483.8,272.4],[483.0,272.2],[483.0,272.7]]],[[[469.8,273.3],[469.5,274.2],[470.4,273.2],[469.8,273.3]]],[[[485.3,277.1],[485.7,277.3],[486.1,277.4],[485.0,276.5],[485.3,277.1]]],[[[484.3,277.7],[484.2,278.9],[485.1,278.1],[484.7,277.1],[484.3,277.7]]],[[[782.6,54.3],[785.6,53.7],[792.8,54.1],[795.3,52.7],[791.0,51.3],[774.9,53.7],[778.8,53.8],[782.6,54.3]]],[[[783.1,57.4],[781.6,57.5],[782.9,56.6],[789.8,55.7],[787.4,55.1],[772.3,56.2],[768.9,57.2],[767.6,58.9],[771.5,60.3],[781.2,59.3],[784.0,57.8],[783.1,57.4]]],[[[754.7,64.3],[758.7,63.5],[755.3,62.8],[751.5,64.0],[754.7,64.3]]],[[[703.3,68.3],[706.5,67.8],[704.1,69.0],[711.7,69.1],[715.4,67.7],[715.0,68.4],[715.7,68.8],[714.2,69.7],[717.9,69.7],[719.9,69.2],[723.1,66.8],[722.8,68.2],[724.1,68.1],[728.7,66.4],[728.4,65.6],[736.4,63.6],[731.8,66.2],[734.4,67.0],[739.4,65.3],[744.1,64.9],[745.8,63.9],[745.4,63.0],[748.4,62.9],[747.4,61.6],[753.7,60.4],[752.9,59.3],[751.4,58.9],[747.2,59.3],[747.9,59.8],[746.1,60.3],[736.8,60.3],[715.1,65.8],[708.7,66.5],[703.3,68.3]]],[[[712.0,69.4],[709.5,70.7],[712.6,69.4],[712.0,69.4]]],[[[728.2,68.4],[720.1,70.2],[717.4,71.7],[721.6,71.8],[728.7,69.7],[731.0,68.1],[728.2,68.4]]],[[[729.8,71.9],[739.9,70.9],[722.6,73.7],[724.9,74.7],[728.8,74.2],[728.0,74.7],[729.5,74.7],[728.1,75.0],[730.3,75.6],[734.0,74.5],[733.2,75.1],[733.8,75.5],[736.5,75.4],[738.7,74.1],[738.6,73.5],[740.4,73.9],[742.8,72.4],[746.0,72.7],[740.5,74.6],[742.5,75.1],[748.4,73.8],[749.1,74.0],[748.3,74.5],[750.4,74.8],[756.7,73.8],[752.5,75.1],[733.7,77.7],[735.9,79.5],[739.6,79.9],[764.9,75.1],[769.0,75.9],[771.8,74.9],[771.3,75.6],[772.4,76.1],[776.2,75.9],[783.6,73.8],[788.7,71.1],[790.2,69.5],[786.7,68.5],[781.6,70.9],[782.6,69.6],[777.2,70.3],[780.2,69.1],[776.9,68.6],[780.5,67.0],[779.9,66.2],[782.6,63.8],[781.0,63.5],[770.2,66.4],[770.5,67.2],[773.0,68.1],[767.5,69.7],[771.3,70.9],[769.2,72.1],[758.1,72.0],[759.5,70.1],[755.7,70.1],[758.9,69.5],[757.8,68.5],[755.0,67.4],[750.2,67.6],[751.3,66.2],[748.5,65.3],[741.4,67.0],[746.1,67.8],[738.7,67.7],[733.8,69.3],[743.1,69.5],[742.6,69.7],[728.1,71.4],[729.8,71.9]]],[[[793.3,74.2],[793.8,73.1],[792.3,72.7],[787.3,74.4],[789.2,75.4],[792.0,75.0],[793.3,74.2]]],[[[759.0,84.9],[758.0,85.5],[759.3,85.0],[759.0,84.9]]],[[[763.5,86.2],[765.2,87.2],[764.6,87.9],[766.5,90.1],[774.0,86.8],[775.6,85.3],[773.4,84.0],[768.9,83.7],[764.7,84.5],[762.2,86.0],[763.5,86.2]]],[[[657.1,92.8],[648.7,96.5],[653.3,96.6],[652.6,96.9],[656.2,98.9],[655.4,102.3],[658.3,102.6],[665.8,100.3],[672.7,99.8],[679.6,95.9],[690.7,92.0],[698.8,89.7],[715.7,86.7],[719.0,85.0],[715.4,81.4],[712.9,80.5],[709.2,80.6],[703.1,82.3],[705.1,80.9],[700.4,82.2],[703.2,80.7],[696.0,78.6],[680.6,79.5],[678.6,80.0],[676.7,81.5],[675.9,83.0],[676.8,84.0],[667.0,87.4],[664.5,88.9],[665.3,89.1],[664.6,89.8],[661.5,90.1],[658.9,92.3],[657.1,92.8]]],[[[676.6,111.6],[677.4,113.0],[676.7,113.5],[678.2,113.6],[677.7,114.5],[679.4,115.4],[691.6,116.3],[688.4,119.8],[689.0,121.0],[688.3,121.4],[690.0,121.8],[711.4,120.2],[718.2,118.3],[724.9,117.5],[732.8,114.3],[733.5,114.8],[731.7,116.2],[738.5,117.0],[736.3,118.1],[737.3,118.6],[741.3,118.2],[743.6,119.0],[749.0,119.1],[756.0,117.4],[757.2,116.2],[755.8,116.2],[757.9,114.8],[754.7,114.2],[748.9,116.9],[752.5,114.1],[751.8,114.4],[751.1,113.4],[751.6,112.8],[754.7,113.8],[759.0,111.4],[761.7,112.5],[764.1,111.2],[763.5,112.4],[765.1,112.8],[768.1,109.7],[765.1,109.4],[765.8,108.7],[761.3,106.9],[761.3,106.0],[758.5,106.2],[756.7,105.1],[756.1,102.9],[760.4,100.1],[761.1,96.5],[765.0,90.8],[764.8,89.4],[761.9,87.7],[755.0,87.0],[755.2,87.8],[751.9,89.3],[747.8,94.6],[747.3,96.0],[747.8,97.1],[742.4,98.8],[741.3,98.3],[743.3,96.6],[742.5,96.5],[742.6,95.8],[745.9,92.5],[744.8,92.0],[743.5,89.7],[739.2,89.0],[738.4,90.1],[741.1,91.1],[738.3,91.4],[739.1,91.8],[738.8,92.5],[734.4,92.4],[727.6,94.0],[733.6,91.2],[726.1,89.3],[722.6,90.2],[721.0,91.6],[714.5,92.3],[720.2,90.1],[722.9,87.8],[720.4,86.9],[704.8,89.5],[692.6,92.8],[691.9,93.2],[693.3,93.9],[692.7,94.4],[684.5,96.6],[683.1,97.6],[682.6,99.0],[689.5,98.5],[685.0,99.9],[686.8,100.7],[702.5,99.6],[684.3,102.2],[680.1,104.0],[681.8,106.0],[702.1,105.7],[709.3,106.6],[710.7,107.8],[712.0,107.9],[711.5,108.3],[705.2,108.9],[690.5,108.5],[677.1,110.5],[676.6,111.6]],[[726.6,94.8],[727.2,94.3],[727.7,94.0],[726.6,94.8]]],[[[775.1,106.4],[775.9,106.2],[774.5,105.7],[773.5,106.6],[775.0,107.0],[775.1,106.4]]],[[[762.8,113.6],[762.0,114.8],[763.2,113.7],[762.8,113.6]]],[[[788.9,114.8],[790.9,113.8],[787.8,113.6],[788.3,114.4],[788.9,114.8]]],[[[758.7,116.3],[757.6,116.8],[757.2,117.1],[758.0,116.9],[758.7,116.3]]],[[[781.3,121.8],[791.2,118.9],[788.2,118.7],[789.1,116.5],[787.6,117.2],[788.4,115.2],[785.6,112.8],[784.9,113.0],[785.0,112.2],[784.2,111.7],[780.5,112.1],[779.1,113.0],[779.5,114.1],[777.3,114.0],[776.6,114.5],[777.0,115.3],[770.3,116.6],[768.5,117.8],[768.9,118.8],[771.7,118.2],[771.0,118.8],[774.0,118.9],[773.8,119.7],[780.3,121.6],[781.3,121.8]]],[[[765.9,117.6],[764.9,117.3],[765.4,118.2],[765.9,117.6]]],[[[762.6,117.7],[761.3,119.4],[763.9,118.8],[763.3,117.5],[762.6,117.7]]],[[[753.2,119.2],[751.0,120.4],[753.4,120.5],[754.7,119.5],[754.0,119.1],[753.2,119.2]]],[[[702.2,121.6],[702.3,121.0],[701.9,121.1],[700.7,121.7],[702.2,121.6]]],[[[735.7,120.8],[734.3,121.3],[736.6,122.0],[737.3,121.6],[736.7,120.9],[735.7,120.8]]],[[[706.7,123.4],[705.2,123.8],[704.6,124.1],[706.7,123.4]]],[[[701.7,124.8],[703.6,124.4],[704.2,124.1],[701.7,124.8]]],[[[706.4,124.4],[705.6,125.0],[706.4,125.2],[706.5,124.9],[706.4,124.4]]],[[[708.3,125.3],[707.5,125.6],[707.2,125.8],[707.9,125.9],[708.3,125.3]]],[[[712.6,125.4],[711.7,126.0],[713.2,125.5],[712.6,125.4]]],[[[709.5,125.9],[710.6,125.9],[711.1,125.9],[710.5,125.6],[709.5,125.9]]],[[[697.6,125.5],[696.1,125.9],[695.4,126.2],[696.7,125.9],[697.6,125.5]]],[[[709.5,128.9],[711.3,127.7],[710.6,127.8],[709.5,128.9]]],[[[709.5,128.3],[708.8,128.9],[708.4,129.1],[709.1,129.0],[709.5,128.3]]],[[[709.8,129.1],[709.0,129.9],[710.5,129.1],[709.8,129.1]]],[[[710.2,131.0],[710.2,131.8],[711.0,131.7],[710.2,131.0]]],[[[706.2,133.0],[706.3,132.8],[706.0,132.3],[705.6,133.1],[706.2,133.0]]],[[[707.5,132.6],[706.5,133.1],[706.0,133.6],[707.5,132.6]]],[[[758.7,172.1],[759.7,171.6],[759.0,171.5],[758.7,172.1]]],[[[473.2,238.4],[473.9,238.0],[474.1,240.9],[475.6,239.8],[474.9,239.2],[475.6,238.0],[476.4,240.0],[482.1,235.9],[482.4,236.4],[484.9,234.9],[484.6,236.2],[482.4,236.8],[481.2,238.3],[481.6,239.2],[484.2,239.4],[481.4,240.2],[479.9,238.5],[478.8,241.2],[477.5,240.9],[475.6,242.0],[474.0,243.4],[474.8,243.6],[473.5,245.3],[473.7,246.0],[474.5,245.8],[477.5,243.4],[474.8,246.0],[475.5,246.1],[478.0,244.1],[478.8,244.8],[480.6,244.0],[476.4,247.5],[478.1,244.9],[477.1,245.4],[474.6,249.1],[476.4,248.9],[477.6,247.9],[477.3,248.7],[478.1,248.3],[477.4,249.7],[483.6,247.3],[483.5,248.5],[484.8,248.5],[483.9,250.9],[483.4,249.1],[482.5,248.9],[475.3,252.3],[473.7,254.2],[473.3,255.9],[474.4,255.5],[472.5,257.0],[476.2,256.9],[471.1,258.5],[472.0,259.1],[471.5,260.0],[473.4,260.7],[476.6,260.6],[478.4,259.4],[478.5,260.4],[477.1,261.2],[478.9,260.7],[479.5,261.3],[478.0,262.5],[482.2,261.4],[484.7,259.3],[482.8,261.5],[477.3,262.8],[479.0,263.0],[476.8,263.9],[480.0,264.4],[483.1,262.4],[481.0,265.0],[484.1,264.1],[488.6,260.3],[483.8,265.2],[488.6,264.2],[485.8,265.1],[483.3,268.5],[484.4,269.9],[487.5,268.8],[487.7,269.5],[488.2,268.1],[489.9,267.2],[489.6,266.3],[490.2,266.6],[487.7,270.0],[488.7,271.0],[486.7,272.3],[486.7,270.9],[485.8,271.7],[487.7,273.1],[491.7,270.9],[490.2,273.0],[490.9,273.9],[489.1,274.7],[488.8,275.6],[489.6,275.3],[488.3,276.5],[490.7,277.1],[675.9,276.9],[676.7,272.9],[678.1,274.3],[677.1,277.8],[677.6,278.8],[681.1,279.5],[682.1,280.4],[687.3,279.6],[689.5,280.4],[690.2,282.8],[691.7,282.1],[694.6,284.3],[700.2,282.9],[700.6,284.0],[706.4,284.9],[708.8,284.2],[713.1,280.8],[715.3,280.3],[713.3,282.2],[714.2,281.9],[718.2,278.1],[719.0,278.2],[718.9,278.9],[716.3,281.2],[719.6,279.6],[721.3,276.5],[726.2,278.4],[731.7,278.8],[732.4,279.8],[731.9,283.5],[732.5,285.0],[734.3,285.6],[739.0,285.2],[736.9,288.1],[738.0,290.8],[736.1,293.2],[737.9,294.6],[736.5,295.3],[735.4,297.4],[738.0,297.6],[737.9,298.8],[742.7,300.1],[751.7,300.6],[752.5,300.9],[752.3,301.6],[753.8,300.9],[753.0,302.1],[756.4,301.7],[756.2,302.3],[758.2,302.4],[759.1,305.0],[759.9,305.0],[759.7,307.1],[761.4,306.8],[760.9,309.0],[760.2,309.2],[761.4,311.8],[762.2,311.4],[761.5,312.0],[759.4,311.7],[758.8,314.0],[757.8,314.7],[754.3,313.0],[752.8,313.6],[753.6,312.1],[752.3,312.2],[753.3,311.0],[752.3,310.8],[751.9,308.7],[749.8,308.0],[750.8,310.2],[750.4,312.7],[745.4,318.2],[742.3,323.9],[736.7,327.4],[733.2,331.1],[734.0,332.7],[730.0,333.1],[728.7,334.1],[728.8,335.6],[731.9,336.3],[741.9,330.7],[751.3,331.1],[749.0,330.7],[752.8,328.9],[760.4,328.1],[759.8,327.1],[760.7,325.0],[757.0,325.5],[756.1,324.8],[759.1,322.0],[762.8,320.2],[772.0,318.7],[774.9,319.1],[775.8,320.0],[778.1,319.4],[777.4,319.1],[778.8,317.9],[777.3,318.4],[776.7,317.7],[773.9,317.9],[777.4,317.2],[778.3,317.8],[783.0,316.4],[796.7,310.2],[819.1,310.3],[820.6,308.2],[823.3,307.3],[823.6,308.0],[825.3,306.8],[836.0,294.7],[842.6,289.4],[843.7,291.6],[848.6,290.6],[850.4,292.4],[850.1,295.2],[846.6,303.2],[846.8,304.3],[848.2,305.4],[847.3,307.7],[847.7,309.1],[849.0,308.4],[851.2,309.9],[854.0,309.3],[856.3,308.3],[856.0,307.4],[857.8,306.3],[856.7,307.8],[859.4,308.0],[866.6,305.0],[868.1,303.4],[868.5,301.5],[869.2,303.8],[870.7,303.2],[865.4,306.5],[865.2,307.6],[868.0,306.8],[875.5,307.2],[870.1,308.4],[869.2,310.4],[868.5,309.3],[867.8,309.5],[868.0,307.9],[860.3,310.8],[857.9,312.4],[857.5,312.9],[859.1,312.5],[857.9,313.2],[856.6,313.0],[853.7,314.8],[853.0,315.5],[856.0,314.0],[852.5,317.4],[851.6,320.2],[852.1,321.4],[853.2,320.4],[853.7,322.6],[855.2,323.4],[856.7,321.0],[859.2,321.1],[865.1,316.0],[865.9,316.3],[867.2,314.3],[868.2,314.7],[868.9,313.3],[869.7,313.0],[869.7,314.2],[871.2,314.7],[871.7,312.9],[873.0,313.6],[877.4,312.6],[885.2,309.4],[890.4,308.4],[891.3,307.4],[889.0,306.8],[889.9,306.4],[889.9,305.2],[895.9,305.1],[901.4,302.4],[900.7,301.8],[901.8,300.5],[900.1,299.8],[899.5,300.5],[899.0,299.5],[894.8,302.3],[897.0,302.1],[894.5,304.2],[892.2,304.3],[895.2,301.5],[894.6,301.5],[898.2,299.4],[897.1,299.7],[900.7,294.8],[899.4,293.4],[890.2,301.6],[889.4,303.3],[889.8,305.0],[887.4,305.0],[886.4,303.0],[883.5,304.5],[880.4,305.0],[881.5,304.2],[873.9,302.5],[872.6,301.5],[874.9,300.7],[869.4,299.0],[870.6,292.8],[867.2,292.6],[874.0,287.1],[871.7,286.4],[867.2,288.1],[866.1,285.6],[863.2,284.6],[860.4,284.9],[866.6,283.5],[871.0,284.8],[879.0,281.0],[880.0,279.3],[878.9,277.8],[880.8,278.1],[880.8,277.1],[879.2,275.6],[875.8,274.4],[868.4,274.8],[854.8,278.8],[844.7,283.9],[832.9,292.8],[825.9,295.4],[838.3,287.1],[841.2,283.9],[840.5,283.4],[842.6,283.3],[848.2,278.5],[852.7,276.2],[853.7,274.8],[853.4,276.0],[854.9,275.6],[855.7,274.4],[861.5,273.2],[868.2,267.1],[870.2,267.0],[870.5,266.1],[878.3,265.5],[890.5,266.2],[895.4,265.6],[900.4,266.1],[901.4,266.9],[902.7,266.5],[901.4,267.2],[913.2,266.1],[921.6,260.9],[921.8,261.6],[922.6,259.8],[925.5,258.4],[925.8,257.5],[929.3,257.4],[933.6,255.8],[937.5,256.0],[947.8,250.5],[948.0,249.1],[945.8,247.9],[948.8,248.5],[948.5,247.6],[944.2,246.6],[948.7,246.3],[949.0,245.8],[947.3,244.9],[949.2,244.0],[947.8,242.8],[950.1,242.5],[951.0,241.0],[949.8,240.0],[949.9,238.3],[946.5,237.5],[947.8,236.8],[944.9,237.2],[942.0,239.0],[942.0,238.3],[940.8,238.2],[944.6,236.4],[943.8,233.9],[938.9,233.0],[937.4,234.0],[940.3,234.1],[934.3,235.4],[923.4,240.6],[921.1,240.9],[924.0,239.4],[922.9,238.2],[920.1,237.3],[920.2,236.3],[923.7,238.4],[926.6,236.6],[932.3,235.7],[937.5,233.2],[931.5,234.7],[929.4,234.5],[943.4,231.5],[944.4,231.0],[943.0,231.1],[945.5,230.0],[941.6,228.6],[943.1,228.1],[942.3,228.2],[942.9,227.5],[940.8,228.2],[941.4,228.6],[936.5,227.4],[937.0,225.7],[934.1,226.7],[936.2,225.0],[929.8,228.6],[934.0,225.7],[934.1,224.9],[932.4,225.7],[931.2,225.4],[932.3,225.1],[932.5,224.1],[928.4,226.5],[930.4,224.7],[928.5,224.9],[925.7,226.7],[930.1,223.3],[930.4,222.7],[929.2,223.1],[930.6,220.3],[928.5,221.5],[929.2,220.0],[927.4,220.7],[927.9,219.8],[925.8,219.5],[926.5,218.8],[925.0,218.1],[926.0,216.7],[923.8,216.9],[922.1,216.1],[924.3,216.3],[922.1,214.8],[925.1,213.9],[922.1,213.6],[923.8,213.5],[921.0,211.8],[924.0,211.9],[921.8,212.5],[924.9,213.2],[926.0,211.7],[929.3,210.6],[928.7,209.1],[926.5,208.5],[927.3,207.6],[924.2,206.6],[928.1,205.3],[928.2,202.6],[926.2,203.3],[926.1,202.7],[924.8,202.7],[927.1,202.2],[927.0,201.5],[926.3,201.7],[926.8,201.0],[921.1,202.4],[925.6,200.7],[925.1,200.2],[926.2,200.0],[927.1,198.5],[921.2,199.5],[922.5,198.7],[921.8,198.6],[925.8,197.6],[926.7,195.9],[924.4,195.6],[926.4,193.9],[921.4,194.6],[921.3,193.9],[924.0,193.5],[925.6,192.1],[924.1,192.6],[925.0,191.6],[923.5,192.2],[922.6,191.1],[924.8,190.2],[923.0,189.7],[923.6,189.0],[922.9,188.6],[924.3,188.2],[924.2,187.6],[922.9,188.5],[924.2,186.4],[921.7,187.2],[922.9,185.8],[920.2,186.4],[922.9,185.2],[923.1,184.5],[921.7,184.5],[923.2,184.1],[921.1,184.2],[917.7,187.2],[917.6,188.2],[914.9,188.3],[914.5,189.7],[916.1,191.3],[913.4,190.5],[913.5,191.8],[910.9,192.9],[912.7,194.2],[910.4,194.2],[908.6,195.2],[909.2,195.7],[907.5,195.8],[907.6,197.6],[905.8,199.6],[905.3,199.8],[906.7,196.7],[905.2,195.8],[902.6,198.2],[896.5,200.3],[893.3,203.0],[895.2,199.0],[891.8,201.5],[894.0,199.9],[894.6,198.5],[893.7,198.2],[891.3,200.3],[892.5,197.8],[891.9,195.4],[888.2,195.3],[883.0,197.5],[883.7,196.7],[881.6,196.2],[884.1,195.7],[884.8,194.2],[885.4,196.1],[887.8,194.1],[887.6,193.1],[889.7,192.4],[889.3,191.8],[887.4,191.6],[889.3,189.5],[889.8,187.0],[882.5,186.0],[890.7,185.9],[893.1,181.6],[896.0,180.0],[896.2,178.6],[895.6,178.2],[892.6,179.8],[891.8,179.5],[892.2,178.4],[884.6,177.0],[884.0,175.6],[885.5,175.3],[884.0,175.1],[886.6,174.1],[886.3,173.5],[883.5,173.7],[884.0,171.8],[880.4,172.0],[882.5,169.8],[877.6,167.4],[871.8,168.8],[870.7,170.0],[867.8,168.6],[863.9,169.5],[865.5,168.5],[857.0,166.3],[850.3,169.2],[849.0,172.1],[850.8,174.3],[843.2,180.1],[846.3,180.0],[844.3,181.8],[845.7,182.2],[843.4,183.2],[843.9,184.8],[842.9,186.1],[844.5,186.4],[841.1,189.3],[839.7,188.8],[837.9,191.0],[838.4,191.3],[831.3,195.3],[829.7,197.5],[834.1,201.1],[835.3,203.8],[834.9,208.7],[832.5,213.7],[828.3,218.2],[821.8,222.5],[812.9,226.4],[802.9,229.5],[802.7,233.3],[804.2,233.9],[803.5,234.2],[804.2,234.9],[803.4,235.8],[803.7,236.4],[801.9,237.3],[802.6,237.6],[801.9,238.3],[802.7,238.3],[799.9,243.0],[800.9,244.2],[799.6,245.1],[799.5,246.9],[800.2,247.5],[799.8,249.4],[794.0,253.7],[794.9,255.6],[793.1,256.8],[792.6,258.4],[791.8,254.4],[788.6,256.0],[787.0,258.3],[787.4,262.0],[786.5,258.9],[784.2,257.2],[777.7,259.5],[782.3,256.9],[783.4,254.3],[782.7,252.3],[779.9,250.0],[777.2,249.9],[780.2,248.0],[778.0,243.4],[783.0,236.5],[783.6,232.4],[787.1,228.8],[788.7,225.9],[786.5,225.3],[784.3,225.8],[785.0,225.1],[780.8,224.4],[780.8,225.1],[779.0,224.3],[772.0,224.5],[767.9,226.8],[771.3,223.7],[769.0,221.4],[761.5,218.7],[759.2,218.5],[759.5,216.1],[755.7,212.0],[746.1,208.8],[742.7,208.7],[731.0,211.2],[734.0,209.9],[736.1,207.7],[739.5,196.8],[735.9,196.0],[732.9,196.8],[733.2,196.4],[731.0,195.5],[731.7,194.4],[730.4,194.0],[731.9,193.6],[734.2,191.5],[735.6,188.7],[739.9,184.2],[740.4,182.6],[743.5,181.5],[749.6,176.1],[751.0,176.1],[751.5,174.6],[756.6,172.7],[757.0,172.2],[756.3,171.2],[758.0,171.5],[758.6,170.5],[759.9,170.6],[762.4,168.8],[761.7,168.2],[763.7,169.2],[764.5,168.5],[763.7,168.1],[766.3,166.5],[770.6,166.0],[768.7,164.4],[775.1,164.4],[779.5,163.2],[781.4,161.5],[781.2,160.0],[781.8,159.9],[779.3,159.1],[778.0,157.6],[774.9,158.1],[775.6,157.6],[769.9,155.5],[768.6,156.3],[768.0,155.2],[769.5,154.3],[772.1,156.2],[783.3,158.5],[784.5,157.6],[787.3,157.9],[789.8,155.4],[790.9,155.8],[790.9,154.3],[792.2,153.9],[792.9,155.7],[793.5,155.0],[795.3,155.6],[795.3,154.1],[796.5,155.4],[799.1,155.2],[812.2,148.6],[814.5,146.2],[804.3,145.1],[801.2,141.7],[797.1,140.6],[794.0,140.8],[794.7,140.4],[801.9,141.3],[803.2,141.0],[802.1,140.4],[803.5,140.6],[809.3,142.8],[807.1,142.8],[810.0,144.9],[813.7,144.9],[826.6,138.9],[823.6,137.4],[824.2,136.0],[831.3,135.7],[831.3,137.9],[835.7,138.7],[835.6,137.6],[836.3,137.2],[836.5,137.9],[839.0,138.5],[839.9,137.6],[839.1,135.6],[839.8,135.2],[839.1,134.9],[839.5,134.2],[838.0,133.9],[838.8,133.9],[838.2,133.0],[835.4,133.3],[840.4,132.7],[839.2,132.7],[840.3,133.5],[839.6,134.1],[840.2,134.6],[842.4,133.5],[840.5,135.5],[841.6,136.6],[841.2,137.4],[842.5,137.4],[857.3,132.1],[860.2,130.1],[860.7,128.4],[859.1,125.4],[860.5,124.1],[859.0,124.0],[859.7,122.7],[859.0,122.1],[867.1,120.5],[868.4,118.9],[864.7,118.7],[868.8,117.8],[870.4,116.6],[868.0,115.8],[865.9,116.0],[866.6,115.6],[866.1,114.9],[866.8,114.8],[862.2,113.8],[865.1,114.0],[867.0,113.1],[857.2,111.5],[851.3,111.7],[849.0,114.4],[849.1,115.4],[848.3,115.5],[851.2,117.6],[849.3,117.6],[849.8,118.1],[847.3,118.7],[848.7,119.1],[847.6,119.7],[843.4,120.0],[840.2,123.3],[834.4,126.3],[830.4,129.7],[828.7,129.6],[824.4,131.6],[823.9,131.5],[824.8,130.0],[823.5,127.2],[823.6,125.8],[826.4,122.9],[827.1,122.5],[826.6,123.2],[828.0,123.2],[829.5,122.2],[830.9,119.8],[830.2,118.0],[828.0,116.0],[826.2,116.0],[819.2,120.5],[818.7,121.7],[815.0,123.4],[815.3,122.4],[814.5,122.1],[817.7,118.4],[816.0,115.6],[822.4,114.5],[816.4,113.9],[818.6,113.2],[817.9,112.9],[814.4,114.1],[812.3,112.9],[810.2,112.9],[816.8,110.5],[814.3,110.2],[815.5,109.5],[820.4,109.4],[820.6,108.0],[818.4,108.3],[819.2,107.6],[818.5,107.0],[819.0,106.2],[817.1,104.6],[819.3,103.0],[820.2,100.5],[818.6,98.9],[819.3,98.2],[815.4,98.5],[816.0,97.8],[815.2,97.8],[816.8,96.9],[816.0,96.4],[819.2,96.2],[825.5,93.2],[825.9,91.9],[823.9,91.0],[835.5,91.1],[842.0,88.0],[841.4,87.6],[853.0,83.2],[848.4,82.0],[843.3,82.8],[842.2,81.7],[838.3,81.0],[828.8,81.9],[826.7,82.9],[827.8,84.6],[825.1,83.9],[823.1,84.5],[816.7,90.5],[816.8,92.8],[814.6,95.2],[816.8,95.1],[814.4,95.5],[813.8,95.8],[814.5,96.2],[812.2,96.9],[815.3,97.1],[806.9,99.0],[806.3,99.3],[808.6,99.7],[806.2,101.2],[804.5,100.4],[802.7,100.8],[798.0,103.9],[797.4,105.4],[800.2,105.4],[798.7,106.0],[799.5,106.5],[796.9,106.7],[794.3,108.1],[792.9,109.7],[793.7,110.7],[793.0,111.4],[797.9,113.4],[799.6,112.8],[801.2,114.5],[804.8,113.9],[803.9,115.0],[805.0,115.0],[801.3,116.4],[804.2,114.7],[800.1,115.2],[798.9,116.1],[799.7,116.7],[794.4,119.2],[797.2,119.4],[800.4,117.5],[800.6,118.7],[798.2,120.4],[799.2,120.6],[790.9,124.0],[785.2,124.9],[782.5,126.1],[781.4,127.2],[781.1,130.5],[777.1,133.2],[775.5,133.0],[778.0,132.6],[779.0,131.2],[776.8,131.4],[779.1,130.3],[777.9,129.9],[775.3,130.9],[777.0,129.4],[775.5,128.8],[783.5,123.1],[777.6,124.9],[780.6,123.0],[777.1,123.2],[777.6,122.8],[777.0,122.0],[774.4,121.1],[772.1,122.7],[768.7,122.3],[769.1,123.9],[768.0,124.3],[768.2,126.3],[771.4,125.1],[773.3,126.1],[773.0,127.3],[770.4,127.8],[768.7,127.4],[766.7,124.8],[766.0,125.5],[766.5,126.6],[762.8,127.4],[756.9,126.2],[744.3,127.1],[741.0,125.8],[740.7,124.3],[734.1,124.3],[734.7,123.3],[733.2,123.4],[733.9,122.8],[730.8,122.1],[732.2,121.3],[732.8,118.9],[730.3,118.2],[716.4,120.9],[711.5,123.0],[713.0,123.0],[713.0,124.0],[717.1,123.8],[716.4,123.1],[717.2,122.6],[724.3,122.6],[726.5,121.2],[731.6,120.4],[729.0,122.0],[722.2,123.9],[714.8,124.9],[714.6,125.5],[715.3,125.5],[711.9,127.0],[710.3,133.5],[709.6,132.9],[708.1,133.8],[707.8,133.2],[709.3,132.4],[708.0,132.5],[706.1,134.3],[706.5,137.2],[705.5,134.4],[704.8,135.0],[703.9,133.7],[705.3,132.8],[703.9,131.8],[707.2,132.1],[708.1,130.2],[707.4,129.5],[706.3,129.9],[706.9,128.3],[704.3,129.9],[705.6,127.1],[702.5,127.3],[702.4,126.3],[701.6,126.1],[702.4,125.2],[689.6,127.4],[682.5,127.6],[670.8,125.9],[675.1,124.1],[682.1,123.0],[683.3,122.1],[683.4,121.0],[681.9,119.3],[678.6,117.8],[674.8,118.0],[675.1,118.8],[673.8,119.1],[666.9,118.0],[662.4,115.9],[657.8,115.0],[651.9,112.1],[645.7,111.8],[638.4,114.9],[633.2,115.0],[637.9,112.9],[636.3,112.5],[638.9,110.3],[634.9,110.3],[633.9,111.0],[637.6,110.5],[633.3,111.5],[632.2,112.2],[633.8,112.5],[631.3,112.6],[630.0,113.3],[630.4,113.8],[627.4,114.6],[629.7,114.7],[626.3,115.1],[624.4,113.2],[625.9,109.0],[625.4,107.4],[624.2,106.5],[622.1,107.6],[622.7,107.9],[622.0,108.5],[623.5,108.8],[619.4,109.4],[612.1,112.6],[610.6,112.3],[613.7,110.7],[603.8,112.7],[595.1,116.6],[598.5,113.4],[610.3,110.8],[612.4,109.5],[611.7,109.2],[612.4,108.5],[609.6,109.7],[607.0,109.2],[600.7,111.4],[600.2,110.8],[594.9,112.5],[588.6,113.1],[585.3,114.7],[575.1,117.0],[573.8,117.8],[572.6,120.3],[571.8,118.4],[570.9,118.4],[572.2,118.0],[572.9,120.0],[572.8,118.6],[574.1,117.4],[583.5,113.6],[581.8,113.9],[581.2,113.4],[582.0,113.1],[581.0,112.9],[578.1,114.4],[574.4,114.5],[572.8,115.7],[569.6,115.5],[569.2,116.3],[570.1,116.9],[568.2,116.1],[567.5,116.8],[567.9,117.6],[565.9,118.0],[569.7,118.3],[567.2,118.8],[567.9,118.9],[567.2,120.2],[564.2,118.6],[557.0,117.6],[555.2,115.6],[554.0,115.7],[552.6,113.9],[544.3,113.0],[458.6,184.2],[463.2,184.9],[470.2,183.8],[467.3,186.0],[469.5,192.3],[468.2,195.1],[476.1,192.8],[481.2,189.4],[486.6,188.2],[488.0,189.2],[486.6,191.7],[487.8,193.3],[487.3,195.2],[488.5,198.4],[486.8,207.6],[485.5,209.6],[486.1,210.4],[484.6,213.7],[487.6,214.8],[490.1,217.6],[491.4,217.8],[483.6,226.2],[484.8,225.7],[483.9,226.7],[486.1,226.6],[482.0,227.9],[480.6,229.3],[481.6,229.8],[478.8,229.5],[478.9,230.5],[479.9,230.7],[478.5,232.4],[478.1,229.7],[476.1,233.2],[478.9,233.4],[477.7,235.0],[477.2,234.0],[476.0,234.5],[475.4,237.2],[474.4,235.6],[473.7,236.3],[473.2,238.4]],[[478.9,242.8],[479.3,241.2],[479.4,242.3],[478.9,242.8]],[[476.3,242.2],[476.8,242.9],[476.0,243.1],[476.3,242.7],[476.3,242.2]],[[474.6,255.4],[477.3,253.3],[477.8,253.1],[476.6,254.1],[481.1,254.2],[482.4,253.2],[481.3,254.3],[476.0,254.6],[474.6,255.4]],[[774.3,132.9],[773.7,133.7],[774.8,134.5],[772.8,135.7],[773.6,134.5],[772.3,132.4],[775.2,132.9],[774.3,132.9]],[[890.0,201.5],[882.3,204.2],[891.1,200.5],[890.0,201.5]],[[893.0,302.4],[893.3,302.1],[893.6,302.0],[893.0,302.4]]],[[[785.4,241.3],[782.0,241.6],[780.4,243.1],[784.6,245.0],[787.2,245.2],[787.7,244.1],[786.9,241.6],[785.4,241.3]]],[[[792.3,250.8],[790.8,252.1],[793.6,250.6],[792.3,250.8]]],[[[722.2,277.6],[721.2,278.7],[723.3,277.8],[722.2,277.6]]],[[[723.5,277.9],[723.5,278.1],[723.8,278.6],[723.9,277.8],[723.5,277.9]]],[[[732.0,286.6],[731.2,287.3],[732.7,286.6],[732.0,286.6]]],[[[738.8,300.5],[739.2,299.6],[738.1,299.4],[737.5,300.0],[738.0,300.9],[738.8,300.5]]],[[[740.8,302.1],[740.0,302.8],[741.3,302.7],[741.5,301.9],[740.8,302.1]]],[[[748.3,302.1],[745.8,303.2],[743.0,302.0],[741.8,302.8],[748.4,305.4],[750.7,304.4],[749.2,305.3],[749.7,305.8],[752.6,303.4],[751.9,303.4],[752.5,302.8],[751.1,303.8],[750.8,302.4],[749.0,303.1],[748.8,302.3],[748.3,302.1]]],[[[819.2,54.3],[826.3,53.6],[831.8,54.5],[833.3,55.3],[832.6,56.0],[833.3,56.8],[836.5,57.2],[840.9,56.3],[841.6,54.7],[840.5,54.1],[843.5,52.4],[841.9,52.1],[842.8,51.5],[842.1,51.0],[838.3,50.9],[839.8,50.2],[837.2,49.3],[831.8,50.5],[833.1,49.1],[832.0,47.8],[824.5,47.6],[819.4,49.0],[822.5,49.5],[819.4,50.9],[824.9,49.8],[825.5,49.8],[823.2,50.9],[826.7,51.0],[822.8,51.9],[825.1,52.1],[823.7,52.8],[816.2,52.9],[817.7,54.2],[819.2,54.3]]],[[[825.1,56.5],[823.2,56.7],[822.3,57.7],[829.2,57.7],[828.3,56.9],[825.1,56.5]]],[[[806.1,61.5],[808.1,60.2],[806.7,59.8],[807.5,59.0],[807.1,58.1],[805.0,57.4],[803.0,60.6],[804.8,61.6],[806.1,61.5]]],[[[808.1,61.3],[807.2,61.9],[808.9,61.3],[808.1,61.3]]],[[[841.8,62.2],[840.3,62.4],[841.8,62.4],[841.8,62.2]]],[[[825.4,64.2],[827.3,64.4],[828.0,64.2],[826.6,63.9],[825.4,64.2]]],[[[832.1,64.6],[830.7,64.5],[831.4,64.6],[832.1,64.6]]],[[[822.8,64.0],[816.3,65.2],[823.9,64.1],[822.8,64.0]]],[[[803.1,66.8],[807.8,66.0],[802.8,64.7],[801.2,65.1],[799.9,66.8],[803.1,66.8]]],[[[844.8,68.6],[846.0,68.3],[846.4,68.0],[844.8,68.6]]],[[[801.4,68.8],[798.7,69.6],[802.2,69.7],[800.0,70.5],[801.6,70.6],[808.6,69.3],[807.1,68.2],[808.2,67.0],[807.2,66.8],[799.8,67.4],[797.7,68.3],[801.4,68.8]]],[[[799.8,70.0],[800.4,69.9],[801.3,69.7],[798.9,69.7],[799.8,70.0]]],[[[845.7,69.1],[844.1,70.0],[845.4,70.6],[847.0,69.1],[845.7,69.1]]],[[[810.8,73.4],[812.9,73.9],[809.9,74.2],[809.8,75.0],[810.8,75.6],[815.2,74.7],[814.7,75.2],[821.4,75.3],[822.7,74.0],[823.1,74.7],[824.5,74.6],[823.4,73.5],[827.2,71.7],[827.6,72.3],[828.7,71.9],[829.8,71.1],[828.2,70.6],[832.9,68.1],[834.4,66.2],[832.1,64.6],[829.4,64.9],[827.2,66.3],[827.5,65.5],[824.6,64.8],[820.0,65.2],[818.8,65.7],[819.0,66.4],[821.8,66.8],[819.2,67.1],[822.6,67.9],[820.0,68.1],[819.3,68.8],[821.1,69.1],[818.4,69.5],[817.3,68.4],[818.0,68.1],[816.5,68.3],[816.1,66.3],[813.3,66.0],[810.3,67.3],[814.3,67.3],[810.4,68.4],[812.1,68.9],[810.6,69.4],[810.9,70.0],[812.5,70.1],[806.4,69.9],[801.6,71.8],[821.9,70.8],[810.3,73.1],[810.8,73.4]]],[[[810.6,71.8],[813.8,71.7],[814.6,71.4],[810.6,71.8]]],[[[833.4,71.5],[830.8,72.0],[829.9,73.2],[833.0,72.0],[835.6,72.2],[836.2,71.5],[833.4,71.5]]],[[[831.1,76.5],[836.2,77.8],[840.8,77.8],[844.4,75.7],[845.4,73.0],[843.6,71.5],[839.3,71.7],[833.9,72.8],[835.4,73.0],[828.7,75.4],[830.8,75.5],[830.6,76.0],[831.1,76.5]]],[[[830.0,78.1],[829.2,78.6],[831.5,78.8],[830.7,77.9],[830.0,78.1]]],[[[820.3,78.3],[818.5,79.1],[821.6,78.1],[820.3,78.3]]],[[[813.0,80.0],[811.9,80.1],[811.5,80.3],[812.3,80.3],[813.0,80.0]]],[[[812.4,88.2],[810.8,88.9],[810.7,89.7],[813.3,89.2],[813.7,88.0],[812.4,88.2]]],[[[810.9,90.2],[809.8,91.1],[811.9,90.0],[810.9,90.2]]],[[[815.2,81.5],[805.8,82.8],[806.9,83.6],[811.3,83.4],[804.8,84.5],[804.3,83.3],[803.0,82.8],[800.4,83.2],[802.6,83.2],[801.6,83.6],[796.5,83.6],[795.2,84.2],[796.7,85.1],[796.3,85.5],[793.5,85.1],[790.6,85.8],[792.9,87.1],[796.2,86.8],[797.8,87.7],[794.0,87.8],[794.4,89.2],[792.6,90.1],[793.8,88.9],[793.0,89.1],[791.6,90.8],[786.0,91.2],[785.8,89.1],[784.3,88.6],[779.7,90.2],[778.7,91.6],[780.9,93.0],[780.4,93.7],[785.1,95.0],[787.2,98.5],[787.1,100.8],[790.1,101.0],[793.2,100.2],[794.4,99.7],[794.1,98.1],[796.1,96.9],[794.5,98.1],[796.7,99.0],[804.9,97.3],[804.6,96.8],[806.0,96.5],[805.2,96.0],[807.4,95.1],[806.7,94.0],[809.8,93.3],[811.6,90.9],[807.7,92.0],[808.6,90.8],[808.0,90.2],[809.0,89.4],[803.0,89.6],[804.7,88.6],[813.1,86.6],[811.2,86.1],[812.1,85.4],[816.2,84.7],[816.1,83.7],[813.4,83.3],[816.0,81.7],[815.2,81.5]]],[[[843.3,110.5],[847.1,110.2],[845.0,109.5],[843.3,110.0],[843.3,110.5]]],[[[817.5,112.5],[818.4,111.8],[818.7,111.4],[817.9,111.7],[817.5,112.5]]],[[[791.1,115.1],[793.3,113.9],[792.3,115.4],[793.1,115.2],[794.6,113.6],[793.5,113.3],[791.2,114.2],[791.1,115.1]]],[[[822.5,114.5],[820.5,115.3],[821.5,115.7],[822.9,114.7],[822.5,114.5]]],[[[820.2,115.6],[818.7,115.7],[819.9,116.1],[820.2,115.6]]],[[[820.2,119.8],[820.9,119.1],[819.5,119.8],[820.2,119.8]]],[[[836.0,123.1],[833.2,124.1],[831.6,126.8],[834.0,126.3],[836.2,123.4],[836.0,123.1]]],[[[843.8,138.0],[843.0,137.5],[843.3,138.3],[844.4,138.1],[843.8,138.0]]],[[[837.2,141.9],[836.4,142.5],[838.2,142.8],[839.2,142.1],[837.0,141.4],[837.9,140.4],[835.3,139.1],[834.7,139.5],[835.5,140.5],[835.0,141.9],[837.2,141.9]]],[[[830.0,140.4],[829.5,141.9],[830.8,143.1],[831.7,140.0],[830.8,140.0],[830.0,140.4]]],[[[813.4,158.7],[811.7,160.8],[811.9,161.9],[817.5,160.8],[826.0,156.7],[828.2,154.7],[831.8,153.8],[831.0,154.9],[834.1,156.1],[832.4,157.4],[838.3,158.9],[841.0,158.9],[846.2,157.2],[844.4,156.1],[845.5,155.3],[844.2,154.6],[837.5,155.3],[840.1,154.0],[840.7,150.7],[835.6,148.0],[835.0,146.4],[831.6,145.9],[830.6,144.1],[827.3,145.9],[826.9,143.9],[828.4,143.1],[828.9,141.6],[827.4,141.6],[827.1,140.7],[824.6,141.5],[821.4,144.2],[814.2,151.5],[812.8,154.5],[807.1,156.2],[804.4,158.0],[805.9,158.6],[814.0,157.0],[813.9,157.8],[813.4,158.7]]],[[[817.0,167.5],[816.9,169.3],[821.4,169.3],[831.6,163.8],[829.5,163.2],[822.3,164.0],[817.2,167.1],[817.0,167.5]]],[[[838.2,173.5],[842.7,169.9],[843.3,167.7],[840.6,167.8],[836.3,170.9],[835.8,172.7],[837.6,173.8],[838.2,173.5]]],[[[841.2,180.1],[839.5,180.7],[842.5,180.1],[841.2,180.1]]],[[[825.7,188.4],[826.4,188.2],[826.9,187.4],[826.2,187.7],[825.7,188.4]]],[[[813.3,211.0],[812.7,211.3],[812.4,211.5],[813.1,211.6],[813.3,211.0]]],[[[810.3,216.2],[812.8,214.4],[808.3,216.9],[810.3,216.2]]],[[[816.6,215.6],[814.8,217.6],[816.6,216.8],[817.8,215.2],[817.3,215.2],[816.6,215.6]]],[[[808.4,219.3],[810.6,217.7],[808.0,220.0],[810.5,219.3],[813.2,217.1],[811.7,219.2],[815.1,215.7],[814.8,216.8],[815.7,216.1],[815.5,214.1],[810.8,217.4],[813.4,214.5],[806.9,219.4],[807.5,219.6],[808.4,219.3]]],[[[813.9,218.0],[812.1,220.2],[813.6,218.6],[813.9,218.0]]],[[[794.9,240.9],[794.8,240.1],[794.4,241.0],[794.9,240.9]]],[[[850.1,312.8],[850.5,312.0],[849.5,313.1],[850.1,312.8]]],[[[883.4,39.7],[878.6,39.7],[882.9,40.0],[883.4,39.7]]],[[[852.9,44.2],[855.4,44.2],[857.3,45.2],[860.3,43.4],[856.2,42.8],[854.4,43.3],[852.9,44.2]]],[[[870.5,43.6],[872.0,44.1],[869.6,44.2],[871.6,45.7],[879.5,44.9],[877.4,46.0],[869.9,46.7],[871.6,47.2],[871.3,48.0],[878.1,47.3],[875.7,48.0],[877.5,48.1],[882.8,46.7],[886.6,47.0],[884.4,47.4],[885.1,47.4],[890.8,47.3],[883.1,48.0],[884.2,48.4],[893.7,48.1],[879.0,48.8],[872.9,49.8],[876.6,51.1],[873.4,51.1],[874.9,52.0],[881.9,52.4],[874.9,52.9],[877.2,54.3],[882.4,55.2],[886.2,53.9],[889.3,55.0],[889.7,52.6],[890.5,52.1],[891.0,54.3],[893.7,54.5],[896.5,52.3],[900.3,52.5],[899.7,51.8],[900.8,50.9],[905.1,49.2],[901.5,51.5],[903.2,51.9],[908.2,49.8],[920.4,48.0],[919.3,46.4],[916.5,47.0],[917.2,46.2],[915.9,45.6],[910.3,46.5],[915.7,44.1],[912.6,44.6],[915.6,43.9],[914.5,43.1],[912.4,43.2],[915.3,42.1],[915.0,41.1],[912.1,41.1],[910.6,41.8],[911.4,42.4],[908.9,42.7],[907.7,41.9],[909.2,41.0],[903.0,40.3],[903.8,39.9],[901.4,37.5],[901.8,37.1],[898.2,36.0],[892.9,36.0],[891.7,36.3],[896.5,37.0],[894.1,37.6],[890.3,37.3],[891.4,37.7],[889.3,38.0],[886.4,37.7],[883.1,38.8],[888.1,39.5],[885.7,39.6],[888.1,40.3],[882.4,40.1],[877.1,40.8],[878.5,41.4],[873.1,41.6],[878.6,42.2],[877.2,42.4],[878.5,42.9],[883.7,42.5],[880.4,42.9],[881.1,43.6],[870.9,42.9],[871.7,43.2],[870.5,43.6]]],[[[895.6,54.5],[897.4,53.8],[898.6,53.2],[896.9,53.6],[895.6,54.5]]],[[[850.0,57.3],[860.3,56.2],[862.3,55.4],[861.0,54.6],[864.8,53.7],[859.7,52.7],[859.6,52.0],[856.2,51.0],[851.7,51.2],[850.6,51.8],[850.8,52.6],[848.5,52.9],[849.3,53.4],[848.6,54.5],[852.6,55.0],[848.0,55.7],[850.2,56.5],[849.5,56.8],[850.0,57.3]]],[[[865.4,55.0],[865.7,54.2],[864.7,54.5],[865.4,55.0]]],[[[866.2,57.5],[854.6,57.4],[851.2,58.6],[853.7,59.7],[863.6,59.3],[867.5,57.8],[866.2,57.5]]],[[[904.0,58.9],[907.2,59.1],[904.9,58.7],[904.0,58.9]]],[[[880.8,60.7],[882.2,59.4],[880.2,58.2],[877.4,58.4],[875.1,59.9],[879.3,61.0],[880.8,60.7]]],[[[873.7,60.8],[872.9,61.3],[875.1,60.7],[873.7,60.8]]],[[[842.4,63.7],[841.0,64.0],[844.1,65.0],[846.4,64.9],[843.3,65.5],[843.8,66.2],[848.1,66.7],[844.9,67.0],[845.6,67.2],[857.0,66.7],[857.1,69.1],[858.0,69.6],[856.2,71.5],[853.0,72.7],[851.4,74.3],[852.9,74.5],[850.7,76.8],[852.6,77.8],[857.2,76.3],[855.6,77.2],[856.3,78.0],[861.2,78.6],[868.6,76.6],[869.5,77.1],[866.5,78.7],[875.3,79.2],[875.9,78.4],[877.5,78.9],[879.0,78.2],[880.3,79.1],[882.7,78.1],[883.5,78.9],[885.9,77.6],[885.2,78.4],[888.3,79.0],[892.4,78.4],[895.7,76.5],[896.7,78.6],[901.3,79.1],[909.2,78.2],[911.6,77.0],[911.0,76.3],[911.6,76.0],[913.8,76.7],[916.2,76.3],[915.5,75.3],[912.2,75.8],[913.3,74.7],[918.9,73.0],[915.5,72.4],[917.4,71.9],[916.5,71.3],[912.1,71.1],[912.8,70.6],[909.6,69.6],[888.5,71.6],[886.4,72.0],[888.1,72.7],[886.3,72.9],[882.8,73.1],[883.5,72.7],[880.7,71.5],[878.3,72.5],[877.9,71.7],[874.7,72.3],[875.3,71.8],[873.6,71.0],[871.5,72.5],[870.5,71.5],[868.1,71.6],[872.1,70.6],[871.2,69.9],[870.0,70.1],[870.1,69.1],[863.1,69.9],[865.0,69.0],[869.3,68.5],[866.2,68.5],[866.7,68.2],[864.0,67.9],[864.7,67.7],[864.0,67.3],[870.1,68.0],[869.4,67.8],[875.2,67.5],[873.6,66.3],[870.7,65.8],[869.4,64.4],[859.5,64.8],[855.1,66.1],[859.2,63.8],[849.1,62.0],[843.2,62.8],[843.9,63.6],[842.4,63.7]],[[866.5,65.9],[867.8,65.5],[870.0,65.8],[868.8,65.8],[866.5,65.9]]],[[[854.4,82.3],[855.1,82.4],[855.7,81.9],[854.4,82.3]]],[[[901.8,90.7],[910.6,90.0],[918.1,90.8],[921.0,89.9],[920.3,89.6],[920.7,88.9],[919.6,87.1],[916.9,85.1],[907.1,84.8],[902.9,83.9],[900.7,84.6],[898.6,86.6],[900.8,87.6],[900.1,90.2],[901.8,90.7]]],[[[867.4,111.9],[867.6,112.0],[868.1,111.8],[867.3,111.4],[867.4,111.9]]],[[[866.6,112.4],[867.0,112.5],[867.5,112.3],[866.1,111.9],[866.6,112.4]]],[[[880.4,113.7],[883.9,112.9],[884.5,112.0],[876.3,112.7],[879.6,114.1],[880.4,113.7]]],[[[889.3,112.8],[885.9,114.1],[889.9,113.6],[891.0,113.1],[891.1,112.3],[889.3,112.8]]],[[[893.7,115.3],[893.2,116.8],[895.9,116.1],[896.9,114.8],[894.4,114.8],[893.7,115.3]]],[[[885.9,115.4],[879.5,118.9],[882.6,118.4],[888.5,115.1],[887.1,115.0],[885.9,115.4]]],[[[903.7,120.4],[903.3,121.0],[904.8,120.8],[904.1,120.1],[903.7,120.4]]],[[[881.3,121.5],[882.6,120.5],[881.1,120.4],[881.6,120.9],[879.6,121.6],[880.5,121.8],[881.3,121.5]]],[[[902.4,121.9],[902.4,120.0],[900.3,120.5],[900.0,121.6],[901.8,122.5],[902.4,121.9]]],[[[904.9,122.3],[905.4,123.2],[905.4,121.7],[904.9,122.3]]],[[[861.2,122.3],[860.8,122.3],[860.3,122.6],[861.8,122.6],[861.2,122.3]]],[[[877.4,122.9],[877.5,123.8],[879.1,123.1],[878.3,122.6],[877.4,122.9]]],[[[885.7,130.7],[891.4,130.4],[895.3,129.2],[899.6,123.5],[898.0,122.7],[894.3,122.8],[888.2,124.6],[883.8,128.2],[883.7,129.8],[884.5,130.6],[885.7,130.7]]],[[[840.6,101.3],[847.9,101.5],[848.0,102.5],[850.4,103.3],[844.8,103.9],[837.5,102.7],[838.2,103.4],[836.6,104.6],[837.6,106.9],[842.3,108.4],[846.2,108.3],[845.6,107.7],[846.5,107.4],[848.2,108.0],[850.8,107.0],[848.5,108.9],[851.3,110.5],[853.7,110.5],[851.4,110.0],[852.8,109.7],[856.4,109.9],[858.8,110.8],[865.4,110.5],[869.6,112.0],[872.7,111.0],[868.0,108.5],[875.6,112.3],[876.7,111.7],[875.6,110.5],[873.9,110.0],[876.0,109.5],[881.0,110.9],[883.0,110.6],[884.1,111.5],[886.9,111.5],[889.3,110.9],[890.4,109.2],[889.9,108.2],[887.2,107.7],[889.6,107.4],[892.1,105.8],[890.8,106.6],[891.0,107.2],[892.8,107.9],[893.0,108.7],[895.9,108.9],[894.3,112.0],[898.8,111.8],[898.2,112.7],[896.3,112.8],[897.6,113.5],[901.6,112.9],[898.7,113.8],[902.3,116.2],[901.0,117.3],[895.9,117.6],[893.9,120.0],[898.1,119.6],[902.0,117.7],[903.3,118.4],[905.6,118.2],[904.1,119.1],[905.1,119.2],[906.4,121.2],[908.0,120.9],[907.6,119.9],[909.9,120.3],[907.8,122.4],[908.4,123.1],[910.8,122.3],[909.4,123.1],[911.6,123.4],[910.4,125.6],[911.1,126.6],[911.1,130.5],[905.9,132.7],[904.7,134.1],[911.8,135.3],[915.5,132.7],[917.1,132.5],[918.0,132.7],[917.2,132.9],[918.0,134.2],[922.2,135.5],[922.3,136.2],[923.9,135.9],[921.5,136.7],[923.9,137.1],[920.6,138.4],[914.6,138.2],[909.6,140.3],[911.4,139.3],[910.9,139.0],[912.1,137.5],[911.9,135.9],[907.7,134.9],[903.0,135.0],[892.8,138.7],[892.6,139.9],[894.7,142.3],[894.3,143.7],[891.3,143.7],[887.7,145.0],[884.8,144.7],[883.3,145.6],[880.4,145.3],[879.7,145.6],[880.1,146.0],[872.1,144.4],[869.9,146.4],[865.9,147.5],[862.8,149.8],[863.1,151.6],[864.2,152.8],[869.2,153.7],[870.1,152.8],[875.7,152.4],[876.5,150.9],[882.4,152.2],[883.5,150.7],[882.3,149.3],[885.3,148.4],[884.0,149.5],[884.4,150.4],[887.0,149.6],[886.2,150.8],[886.8,151.1],[885.2,152.4],[886.7,151.9],[887.5,150.7],[888.6,151.0],[889.3,150.2],[889.8,151.4],[891.8,150.6],[889.7,152.2],[891.3,155.3],[892.1,154.7],[891.6,156.4],[894.4,156.0],[892.2,157.8],[895.1,157.3],[894.6,157.1],[895.2,156.7],[898.2,158.3],[895.7,159.4],[892.3,159.5],[894.2,161.9],[896.0,162.5],[898.0,161.6],[895.9,162.9],[900.2,164.8],[905.2,164.8],[904.0,165.3],[904.4,166.6],[908.5,168.8],[920.3,171.7],[921.6,171.6],[921.3,170.1],[922.7,169.4],[922.1,168.2],[920.9,168.1],[920.8,165.9],[918.7,165.3],[918.9,164.6],[917.3,162.9],[915.8,163.3],[917.1,162.4],[913.8,160.6],[912.7,158.2],[913.0,157.3],[916.2,157.7],[918.2,160.1],[918.5,157.1],[920.5,160.4],[921.4,160.8],[922.0,160.1],[921.9,161.7],[922.6,160.9],[922.9,163.0],[923.6,160.8],[925.2,163.5],[925.2,162.0],[927.1,162.9],[926.5,163.3],[928.0,162.8],[928.2,164.1],[930.0,163.5],[929.1,165.8],[930.1,166.6],[931.1,166.1],[930.6,163.0],[932.5,164.0],[933.5,163.5],[933.6,161.5],[932.7,160.9],[934.0,160.5],[933.4,159.9],[934.9,158.5],[934.2,157.0],[935.8,160.9],[938.0,157.5],[936.6,156.8],[939.0,157.6],[938.2,156.9],[939.0,156.1],[936.7,156.5],[938.3,155.5],[936.0,155.1],[936.4,154.5],[935.4,154.1],[936.0,153.6],[935.0,153.4],[938.5,151.4],[934.9,151.5],[936.6,149.8],[936.0,149.6],[936.3,148.6],[932.9,150.0],[934.0,148.5],[932.2,147.4],[930.8,148.8],[931.1,147.6],[930.5,147.3],[931.9,146.5],[929.7,147.1],[931.1,146.0],[929.0,145.1],[931.3,144.5],[930.0,144.2],[930.9,143.1],[929.3,142.5],[926.5,143.7],[928.7,141.7],[927.2,141.6],[926.9,140.7],[928.5,139.3],[924.9,138.6],[929.3,139.3],[929.1,140.9],[932.3,140.6],[933.4,139.8],[931.9,138.4],[931.6,136.7],[934.6,137.9],[934.2,137.0],[935.7,136.7],[933.6,135.9],[936.7,135.9],[937.2,135.2],[938.7,135.6],[938.0,136.7],[939.3,137.0],[938.3,138.4],[940.3,138.0],[940.1,138.7],[941.7,139.1],[940.7,140.4],[948.1,138.7],[947.4,140.2],[943.7,140.6],[941.9,142.4],[945.6,142.1],[942.6,142.8],[943.6,143.4],[945.5,142.6],[942.6,144.5],[945.2,144.4],[943.4,145.2],[944.2,146.5],[947.2,144.6],[945.9,145.9],[947.2,146.1],[946.5,147.2],[948.5,146.5],[948.8,147.2],[948.2,147.5],[949.3,148.5],[952.0,146.1],[951.9,144.4],[952.6,144.4],[952.0,143.6],[953.5,143.3],[952.1,142.6],[953.8,142.0],[953.9,140.9],[955.9,143.0],[958.1,142.7],[957.3,142.2],[958.1,142.0],[957.9,141.3],[960.7,140.8],[958.4,139.2],[959.7,139.9],[962.9,139.9],[959.6,137.6],[960.9,138.2],[962.6,137.8],[961.5,137.1],[962.1,136.9],[964.7,137.8],[967.6,137.3],[965.4,137.0],[967.6,136.5],[967.1,135.6],[965.0,135.4],[966.6,135.0],[968.8,136.0],[969.9,135.2],[968.5,133.9],[969.2,133.5],[967.0,133.5],[968.5,133.3],[967.0,133.3],[966.9,132.4],[965.1,133.4],[964.7,134.5],[963.7,133.0],[961.0,135.0],[962.6,132.8],[958.4,134.7],[958.6,133.9],[956.6,133.9],[959.9,133.0],[963.3,130.5],[960.2,131.1],[953.7,130.0],[958.2,129.9],[956.7,129.2],[958.5,128.4],[958.1,127.2],[955.8,127.6],[957.3,127.2],[957.0,126.5],[955.0,127.4],[954.3,126.7],[952.7,127.7],[956.2,125.4],[955.8,125.0],[953.3,125.5],[951.7,127.8],[951.3,126.8],[952.2,125.8],[951.3,125.3],[948.0,127.7],[950.9,123.9],[948.5,125.5],[945.6,126.2],[948.3,125.1],[947.6,124.6],[948.4,124.4],[945.0,124.6],[946.5,123.4],[945.0,123.1],[942.0,124.1],[945.0,122.8],[941.2,122.8],[947.9,122.0],[943.4,121.6],[942.7,122.3],[943.7,121.3],[942.8,121.1],[940.7,122.2],[941.4,121.4],[936.8,120.8],[941.4,120.2],[935.3,118.8],[942.7,119.8],[943.2,119.7],[940.7,118.6],[942.6,118.5],[940.6,118.0],[945.2,117.7],[939.9,116.2],[943.8,116.3],[942.8,115.6],[938.5,115.7],[939.2,115.3],[942.0,115.2],[947.1,116.5],[951.4,116.6],[952.0,115.9],[949.1,114.2],[942.6,113.5],[935.0,114.0],[951.1,112.3],[952.3,111.5],[951.1,109.1],[949.3,108.4],[944.8,110.8],[937.7,112.0],[935.5,113.2],[937.4,111.9],[945.3,109.5],[941.8,109.0],[934.2,111.6],[938.5,110.5],[937.3,110.2],[939.3,109.4],[949.4,106.8],[944.2,104.9],[937.7,107.0],[938.9,105.8],[942.8,104.6],[941.6,104.3],[935.9,105.9],[929.4,110.2],[933.9,106.8],[932.3,106.6],[929.0,108.4],[929.6,108.0],[929.0,107.5],[937.8,104.7],[939.8,102.9],[926.5,105.9],[929.6,104.7],[927.3,104.6],[932.2,102.8],[936.7,102.2],[937.9,100.8],[937.0,99.6],[932.4,99.1],[925.6,102.7],[924.6,103.0],[927.7,101.5],[926.0,101.0],[922.3,102.8],[926.1,100.7],[925.3,100.7],[926.5,99.5],[925.0,99.4],[922.7,100.8],[923.4,100.3],[921.8,100.4],[927.1,98.3],[925.8,97.9],[923.4,99.5],[924.2,98.5],[921.7,98.7],[917.0,101.8],[919.2,100.6],[918.0,99.8],[921.1,98.9],[917.5,98.5],[926.1,96.4],[924.8,95.3],[923.1,95.2],[914.2,98.3],[920.4,95.6],[917.9,95.5],[913.5,97.0],[917.1,95.5],[921.8,95.1],[923.1,93.7],[921.4,92.3],[918.5,92.9],[917.6,91.8],[913.4,91.0],[906.3,92.4],[905.3,93.2],[906.2,94.1],[904.2,95.1],[904.0,94.1],[903.0,94.3],[903.1,95.2],[905.7,97.5],[903.8,96.5],[904.3,97.7],[903.7,97.6],[902.2,95.3],[900.6,96.2],[901.3,96.6],[899.0,96.6],[902.0,94.3],[900.4,93.7],[897.8,94.6],[899.0,92.8],[896.3,94.2],[896.9,95.1],[894.9,94.4],[892.3,96.2],[889.3,97.0],[890.1,96.5],[889.3,95.9],[892.2,95.6],[891.8,94.8],[894.8,93.1],[893.2,92.9],[897.9,91.1],[897.3,90.0],[898.7,88.6],[896.5,87.5],[897.5,85.5],[896.4,84.3],[888.1,84.6],[883.5,85.6],[884.0,86.8],[881.6,85.9],[875.4,87.5],[881.3,89.1],[872.7,88.6],[872.2,88.9],[878.3,90.8],[872.3,89.5],[869.2,90.9],[868.6,91.7],[869.1,92.2],[868.4,92.5],[868.8,93.2],[872.1,93.1],[871.4,93.5],[872.9,93.7],[871.0,94.3],[872.2,96.4],[870.6,95.0],[867.9,94.4],[862.7,96.1],[864.2,97.3],[863.5,97.7],[864.3,98.5],[867.2,98.5],[866.6,99.9],[861.9,103.8],[861.3,103.9],[861.3,102.7],[862.8,102.6],[860.7,101.8],[852.1,103.5],[864.2,101.0],[860.5,96.8],[861.3,95.0],[864.1,93.1],[863.7,91.0],[871.8,86.9],[879.0,84.7],[879.5,84.2],[879.1,83.8],[865.9,84.1],[853.0,88.4],[850.3,90.7],[848.5,91.1],[843.9,94.0],[843.2,94.7],[843.9,95.0],[840.8,96.5],[837.5,100.1],[838.0,100.8],[840.6,101.3]],[[898.8,110.9],[898.3,111.0],[897.5,111.2],[898.8,110.9]],[[905.5,117.3],[906.4,117.4],[904.4,118.1],[905.0,117.6],[905.5,117.3]],[[944.7,137.3],[944.9,137.2],[945.0,137.1],[944.9,137.2],[944.7,137.3]],[[949.4,137.9],[951.2,137.4],[948.4,138.5],[949.4,137.9]],[[946.2,144.2],[946.3,144.2],[946.4,144.2],[946.2,144.2]],[[890.3,94.2],[889.6,94.4],[889.4,94.5],[890.3,94.2]],[[907.9,94.5],[911.2,95.1],[908.0,95.4],[908.5,94.9],[907.9,94.5]],[[916.6,99.6],[917.4,99.4],[917.9,99.2],[916.6,99.6]],[[921.1,101.9],[921.7,101.5],[922.0,101.3],[921.1,101.9]],[[938.3,117.7],[938.7,117.0],[939.5,116.9],[938.3,117.7]],[[952.9,131.1],[953.6,130.9],[954.1,130.8],[952.9,131.1]],[[956.6,130.9],[952.4,132.5],[952.9,131.8],[953.7,131.4],[956.6,130.9]],[[958.2,132.2],[958.7,132.0],[958.0,132.4],[958.2,132.2]],[[881.6,147.3],[882.2,147.2],[879.9,148.5],[880.3,149.5],[879.6,149.4],[879.6,148.0],[881.1,147.0],[881.6,147.3]]],[[[918.3,135.3],[918.5,135.0],[918.4,134.5],[917.7,135.1],[918.3,135.3]]],[[[888.0,152.2],[889.7,151.0],[888.4,152.0],[888.0,152.2]]],[[[884.7,151.4],[883.9,151.7],[884.7,152.0],[884.7,151.4]]],[[[862.0,155.0],[860.6,155.5],[862.8,155.2],[862.0,155.0]]],[[[864.9,157.9],[862.0,157.9],[863.6,159.7],[866.0,159.5],[865.6,158.4],[864.9,157.9]]],[[[856.7,159.1],[854.4,159.5],[856.0,161.9],[859.0,161.3],[859.5,160.1],[858.6,159.6],[856.7,159.1]]],[[[895.8,164.5],[896.7,165.0],[896.0,165.4],[896.9,166.5],[899.0,165.8],[897.4,164.3],[895.2,164.5],[895.8,164.5]]],[[[874.8,165.0],[874.1,165.5],[877.1,165.5],[875.5,165.3],[874.8,165.0]]],[[[853.0,166.5],[853.3,166.5],[853.7,166.1],[853.0,166.1],[853.0,166.5]]],[[[854.3,166.6],[854.6,166.5],[855.0,166.2],[854.3,166.1],[854.3,166.6]]],[[[901.9,182.3],[899.6,184.7],[903.5,183.4],[903.9,182.4],[902.7,182.0],[901.9,182.3]]],[[[888.7,194.6],[889.5,193.4],[888.8,193.3],[887.7,194.8],[888.7,194.6]]],[[[890.0,269.6],[884.0,268.7],[882.1,269.2],[885.3,270.7],[887.7,273.4],[890.0,274.7],[896.2,275.9],[898.3,275.2],[897.6,273.7],[891.8,270.3],[890.0,269.6]]],[[[874.9,285.8],[874.7,286.9],[875.9,285.5],[874.9,285.8]]],[[[891.5,289.9],[890.3,291.5],[891.8,291.2],[891.1,290.7],[893.6,288.8],[892.1,289.8],[895.8,287.9],[892.6,289.0],[891.5,289.9]]],[[[873.2,296.5],[874.6,296.4],[874.3,298.0],[876.0,298.4],[875.9,299.6],[877.0,300.1],[878.7,300.3],[880.6,299.2],[880.1,299.8],[880.8,300.6],[880.1,301.2],[881.9,302.1],[883.6,301.3],[883.9,300.6],[883.1,300.3],[884.7,299.2],[888.3,297.9],[881.1,298.4],[877.3,297.1],[875.0,297.7],[875.7,297.1],[875.3,295.2],[876.5,292.9],[872.3,296.1],[873.2,296.5]]],[[[892.3,305.5],[891.6,305.6],[891.9,306.1],[892.8,305.6],[892.3,305.5]]],[[[894.8,319.6],[895.7,319.2],[893.5,319.4],[894.2,319.7],[894.8,319.6]]],[[[913.8,49.3],[902.1,52.8],[900.5,54.7],[898.8,55.2],[903.7,55.0],[908.9,53.6],[905.0,55.6],[908.3,55.2],[916.1,52.4],[910.8,55.5],[906.3,56.5],[907.7,56.9],[907.1,57.2],[908.6,57.2],[906.2,58.2],[910.1,58.0],[907.8,59.0],[909.5,59.1],[914.5,58.4],[923.7,55.6],[912.1,59.5],[912.7,60.1],[909.3,59.8],[906.9,60.5],[901.8,59.6],[902.9,58.3],[901.1,57.1],[894.9,56.8],[891.8,58.3],[892.7,59.1],[892.1,60.1],[896.0,60.1],[893.7,60.5],[894.6,60.7],[893.7,61.1],[895.1,61.3],[880.8,62.7],[876.3,65.3],[878.5,66.2],[881.0,64.9],[879.9,66.1],[883.4,63.8],[881.1,66.3],[884.6,66.6],[886.9,65.2],[887.3,66.2],[888.9,66.4],[892.3,65.1],[892.9,65.5],[891.3,66.4],[898.4,67.1],[900.7,66.8],[898.5,66.1],[899.6,65.1],[900.6,66.2],[903.9,64.7],[904.9,66.0],[906.2,66.1],[907.8,65.6],[908.3,64.5],[908.3,66.0],[911.4,66.3],[913.2,65.3],[913.0,64.0],[913.8,64.7],[916.0,64.6],[914.2,65.6],[919.1,66.1],[916.1,68.1],[925.6,66.9],[929.9,65.3],[932.6,65.8],[936.3,64.3],[937.5,62.8],[931.9,63.3],[932.6,62.8],[930.3,62.6],[933.4,61.3],[932.0,60.8],[926.9,61.7],[928.1,61.0],[918.8,60.4],[923.5,60.1],[922.1,59.5],[922.8,58.0],[925.2,59.9],[927.3,60.5],[939.0,59.9],[942.4,58.4],[942.7,57.2],[941.9,56.5],[955.2,56.0],[956.6,55.2],[951.7,54.5],[959.4,54.5],[961.1,53.6],[954.8,52.6],[963.1,52.6],[966.0,50.8],[958.6,50.4],[961.9,49.8],[959.0,49.5],[949.3,50.8],[953.1,49.6],[952.1,49.4],[961.6,49.0],[952.1,48.5],[961.0,48.4],[967.3,49.7],[969.3,49.3],[968.5,48.5],[970.1,48.3],[955.8,48.2],[956.5,48.0],[954.2,47.5],[957.6,47.7],[958.5,46.8],[962.7,47.7],[964.2,47.5],[963.7,47.0],[977.2,46.6],[979.1,45.8],[977.4,44.9],[973.1,44.8],[975.3,44.2],[981.2,44.6],[980.9,45.4],[982.4,45.6],[986.8,45.5],[994.3,43.3],[985.9,43.2],[988.3,42.9],[986.8,42.4],[996.6,42.6],[997.8,42.2],[996.5,40.5],[1000.7,41.5],[1031.3,35.4],[1028.6,34.8],[1003.3,37.0],[1021.8,35.1],[1013.1,35.2],[1011.9,35.0],[1013.6,35.0],[1010.5,34.1],[1015.2,34.9],[1028.2,34.3],[1025.9,34.2],[1041.7,32.9],[1051.6,30.7],[1049.3,29.8],[1042.0,30.3],[1044.3,29.7],[1041.9,28.8],[1043.5,28.7],[1042.2,28.1],[1029.7,28.4],[1030.9,27.9],[1013.0,26.9],[1008.2,27.4],[1010.4,27.9],[1005.7,26.9],[997.8,27.8],[1001.6,28.7],[1000.3,29.0],[993.7,27.2],[983.1,27.1],[981.1,27.7],[987.5,29.4],[983.1,30.0],[984.5,29.4],[980.6,28.1],[976.5,28.0],[977.8,27.6],[971.1,27.5],[967.3,27.9],[970.7,28.9],[963.1,28.2],[961.7,28.7],[963.9,29.7],[958.4,28.9],[956.9,29.6],[959.3,30.0],[955.5,29.9],[953.7,30.7],[962.1,32.2],[965.5,33.5],[953.4,31.0],[951.2,31.5],[954.3,32.3],[949.6,32.1],[950.3,31.6],[948.9,30.8],[942.4,29.9],[939.1,30.3],[940.6,31.0],[935.7,30.9],[933.5,31.8],[940.9,32.6],[937.4,32.7],[937.5,33.3],[933.9,32.2],[931.0,32.6],[931.0,33.1],[928.3,32.0],[905.4,34.5],[916.3,34.6],[909.6,35.6],[916.2,36.6],[909.3,37.0],[911.3,38.0],[936.2,36.4],[927.7,37.7],[911.6,38.5],[916.5,40.0],[929.4,37.7],[945.9,37.1],[930.9,38.0],[924.6,39.1],[922.5,40.3],[931.7,40.8],[934.9,40.5],[939.0,38.9],[940.3,39.0],[938.1,39.6],[946.8,39.0],[940.9,39.3],[938.5,40.5],[950.9,39.7],[961.3,37.4],[960.3,36.9],[963.1,37.2],[972.9,35.7],[962.8,37.4],[960.6,38.7],[966.8,38.3],[970.4,38.8],[960.8,39.0],[954.5,40.1],[962.7,40.3],[941.1,41.1],[936.7,41.8],[942.1,44.0],[939.9,45.0],[941.1,45.5],[948.3,45.4],[945.9,45.9],[938.3,45.9],[938.8,45.3],[936.6,43.7],[931.6,41.9],[921.5,41.8],[919.0,43.0],[920.8,43.6],[918.2,44.0],[917.4,45.1],[921.2,45.5],[923.3,47.0],[922.6,48.5],[925.6,49.5],[921.2,48.8],[919.5,49.5],[929.8,50.3],[934.8,49.5],[931.2,50.6],[924.9,50.9],[928.8,51.4],[927.3,51.7],[927.9,52.3],[921.5,50.5],[914.7,50.3],[917.0,49.4],[913.8,49.3]],[[948.2,49.3],[949.3,49.3],[949.7,49.3],[948.2,49.3]],[[959.7,46.5],[960.9,46.6],[959.4,46.4],[959.7,46.5]],[[973.0,29.0],[974.5,29.0],[972.3,29.0],[973.0,29.0]],[[920.2,34.9],[925.6,35.2],[916.4,35.3],[920.2,34.9]],[[912.9,54.6],[915.5,54.9],[916.2,54.9],[915.3,54.9],[912.9,54.6]],[[914.1,55.5],[913.3,55.5],[913.0,55.5],[914.1,55.5]],[[912.6,56.7],[912.2,56.6],[911.9,56.6],[912.3,56.6],[912.6,56.7]],[[922.9,44.0],[922.3,43.9],[923.3,44.1],[922.9,44.0]],[[1019.1,29.3],[1021.7,28.9],[1023.2,28.8],[1019.1,29.3]]],[[[945.1,56.8],[943.9,57.1],[943.5,57.4],[944.3,57.2],[945.1,56.8]]],[[[924.6,68.3],[921.3,70.1],[925.2,69.8],[924.7,69.1],[927.0,68.1],[925.8,68.1],[924.6,68.3]]],[[[930.6,98.7],[929.8,99.4],[930.9,99.4],[931.4,98.6],[930.6,98.7]]],[[[928.7,100.7],[929.7,99.7],[927.6,100.0],[927.2,100.7],[927.8,101.2],[928.7,100.7]]],[[[936.4,102.8],[937.5,102.5],[937.9,102.3],[937.1,102.4],[936.4,102.8]]],[[[932.2,103.2],[930.3,103.9],[932.7,104.5],[934.9,103.2],[933.1,102.9],[932.2,103.2]]],[[[946.7,113.1],[945.1,113.6],[946.7,113.7],[947.7,112.6],[946.7,113.1]]],[[[949.5,113.5],[948.3,113.8],[947.9,114.1],[948.7,113.9],[949.5,113.5]]],[[[948.6,124.0],[949.3,123.3],[948.1,123.4],[947.1,123.8],[948.6,124.0]]],[[[952.4,124.3],[952.7,124.3],[953.2,124.0],[952.5,123.9],[952.4,124.3]]],[[[958.5,128.7],[959.6,128.7],[960.1,128.5],[959.6,127.8],[958.5,128.7]]],[[[960.9,130.5],[961.3,130.3],[960.0,130.0],[959.4,130.1],[959.0,130.5],[960.9,130.5]]],[[[964.1,132.1],[965.9,131.1],[962.9,132.1],[963.4,132.2],[964.1,132.1]]],[[[938.1,137.5],[936.7,137.0],[937.3,137.5],[938.1,137.5]]],[[[960.5,142.1],[959.1,142.1],[960.5,142.6],[960.5,142.1]]],[[[937.2,149.9],[935.5,151.3],[937.5,150.7],[938.4,149.9],[937.9,149.7],[937.2,149.9]]],[[[939.1,152.9],[939.3,152.1],[938.9,152.1],[938.8,152.4],[939.1,152.9]]],[[[937.8,152.6],[937.5,153.4],[938.4,152.5],[937.8,152.6]]],[[[935.0,158.7],[934.4,158.7],[935.1,159.4],[935.0,158.7]]],[[[938.8,159.8],[938.7,158.0],[937.9,158.8],[938.6,160.3],[938.8,159.8]]],[[[932.2,166.4],[930.1,167.5],[933.8,166.6],[933.0,166.4],[932.2,166.4]]],[[[926.1,171.6],[927.4,172.8],[927.1,171.3],[926.4,171.2],[926.1,171.6]]],[[[922.1,172.0],[921.3,172.4],[922.8,172.1],[922.1,172.0]]],[[[926.3,173.2],[923.3,174.0],[926.5,175.5],[928.0,174.0],[927.3,173.5],[926.3,173.2]]],[[[923.8,183.3],[921.9,182.8],[923.9,183.7],[923.8,183.3]]],[[[928.6,203.3],[927.8,204.0],[929.3,203.5],[928.6,203.3]]],[[[929.9,203.7],[928.8,204.4],[930.1,204.5],[930.2,203.8],[929.9,203.7]]],[[[927.4,206.8],[928.7,206.0],[927.4,206.1],[927.4,206.8]]],[[[928.2,206.9],[929.1,206.5],[929.4,206.2],[928.7,206.4],[928.2,206.9]]],[[[927.8,211.0],[926.7,212.1],[926.9,213.3],[927.9,213.0],[927.4,212.1],[928.8,211.2],[928.3,210.9],[927.8,211.0]]],[[[926.2,214.1],[925.4,214.6],[927.7,215.0],[926.7,214.2],[926.2,214.1]]],[[[924.9,215.8],[925.7,215.9],[926.3,215.4],[924.1,215.2],[924.9,215.8]]],[[[927.0,217.5],[926.6,218.4],[927.8,218.1],[927.6,217.2],[927.0,217.5]]],[[[946.0,230.2],[945.4,230.4],[945.2,230.5],[945.9,230.7],[946.0,230.2]]],[[[951.1,239.1],[950.4,239.5],[951.2,239.7],[951.8,239.3],[951.1,239.1]]],[[[950.0,270.4],[949.2,271.7],[951.4,271.0],[951.0,270.3],[950.0,270.4]]],[[[947.7,271.1],[945.2,271.7],[945.5,272.2],[946.9,271.8],[947.7,271.1]]],[[[914.4,280.5],[919.1,280.6],[911.0,285.0],[909.8,286.9],[910.1,288.1],[915.7,288.0],[917.0,287.1],[917.0,287.8],[923.2,287.9],[926.4,288.8],[930.1,288.0],[931.7,286.6],[932.1,287.3],[934.2,285.8],[933.5,288.1],[931.0,289.4],[933.2,288.7],[932.7,289.4],[934.0,289.2],[934.2,289.9],[935.8,288.8],[935.9,287.8],[939.6,286.8],[938.5,288.3],[940.7,287.8],[930.5,293.7],[932.5,294.4],[935.3,293.7],[938.3,290.9],[942.1,288.9],[940.8,290.4],[945.4,285.9],[945.9,289.6],[942.1,294.8],[943.8,294.6],[947.5,292.0],[946.3,293.3],[947.0,293.7],[945.6,296.4],[949.4,296.1],[953.9,289.7],[954.5,286.9],[950.5,289.6],[950.6,288.0],[954.7,284.0],[951.6,284.9],[947.9,289.0],[947.0,286.2],[949.0,284.6],[947.5,284.7],[949.0,284.3],[947.7,283.4],[950.0,283.3],[954.2,281.1],[954.8,280.0],[954.3,279.5],[953.1,280.4],[952.4,279.8],[950.4,281.2],[949.9,280.6],[946.7,281.9],[951.0,279.1],[949.8,278.6],[948.8,279.6],[948.8,278.6],[950.0,277.9],[947.8,278.1],[953.8,274.3],[950.8,272.5],[948.3,273.0],[946.9,274.2],[947.6,272.0],[945.2,273.8],[944.6,273.4],[941.7,274.7],[943.1,271.9],[941.6,273.8],[941.5,272.3],[940.1,273.5],[940.3,272.5],[938.7,272.2],[936.5,272.9],[939.1,270.7],[938.3,270.7],[942.4,268.1],[938.3,268.1],[938.3,267.0],[932.4,271.4],[932.7,269.8],[939.6,263.1],[940.8,261.1],[941.8,261.3],[944.5,258.5],[942.7,258.1],[943.1,257.2],[946.4,256.5],[947.2,255.1],[946.1,254.9],[945.6,255.7],[944.8,254.5],[938.0,257.5],[935.0,261.1],[932.4,262.3],[933.0,263.1],[930.4,264.4],[925.5,270.2],[925.1,272.5],[924.1,272.0],[922.6,273.2],[922.3,274.4],[923.6,274.7],[922.3,276.2],[923.4,276.6],[920.2,276.1],[916.8,279.9],[915.2,279.8],[916.6,278.5],[913.4,280.8],[914.4,280.5]],[[937.0,271.2],[937.5,271.0],[936.9,271.2],[937.0,271.2]],[[941.5,274.8],[941.9,275.5],[940.3,276.1],[941.5,274.8]]],[[[949.2,283.6],[947.7,283.5],[949.3,284.2],[950.1,283.3],[949.2,283.6]]],[[[943.9,288.6],[943.0,290.0],[944.7,287.9],[943.9,288.6]]]]},"type":"Feature","properties":{"status":"normal","iso2":"CA","name":"Canada","id":"Canada"}},{"geometry":{"type":"MultiPolygon","coordinates":[[[[1366.6,671.3],[1368.2,667.8],[1367.8,666.4],[1366.4,666.9],[1364.3,669.8],[1364.9,670.6],[1366.6,671.3]]],[[[1373.6,685.3],[1371.6,688.2],[1372.1,689.5],[1375.1,689.6],[1375.5,690.4],[1386.7,690.2],[1386.7,680.2],[1377.2,680.1],[1375.3,678.4],[1374.1,685.3],[1373.6,685.3]]]]},"type":"Feature","properties":{"status":"nogroup","iso2":"GQ","name":"Equatorial Guinea","id":"Equatorial Guinea"}},{"geometry":{"type":"MultiPolygon","coordinates":[[[[1621.3,341.9],[1622.8,343.3],[1622.1,343.4],[1625.8,345.7],[1626.1,346.2],[1625.1,347.5],[1626.5,349.3],[1630.6,351.6],[1632.7,349.2],[1638.1,355.4],[1638.6,359.2],[1635.1,362.5],[1642.4,356.2],[1644.2,355.8],[1647.4,358.3],[1646.4,359.3],[1647.1,361.6],[1645.8,363.0],[1650.7,366.6],[1652.1,366.7],[1651.9,360.6],[1652.8,360.4],[1652.9,361.6],[1653.7,361.4],[1654.8,351.5],[1657.4,349.9],[1660.5,351.1],[1658.7,348.9],[1654.0,347.3],[1648.1,339.4],[1645.1,337.2],[1641.0,342.7],[1637.8,342.0],[1636.3,339.9],[1630.3,336.4],[1629.2,338.8],[1632.9,342.0],[1632.7,343.3],[1627.6,342.7],[1624.2,340.8],[1621.8,341.5],[1621.3,341.9]]],[[[1621.7,355.6],[1623.7,358.4],[1627.9,361.9],[1632.5,362.8],[1629.1,357.0],[1624.6,356.7],[1623.6,355.3],[1621.7,355.6]]]]},"type":"Feature","properties":{"status":"nogroup","iso2":"AZ","name":"Azerbaijan","id":"Azerbaijan"}},{"geometry":{"type":"Polygon","coordinates":[[[1638.6,359.3],[1635.1,362.5],[1634.5,360.5],[1635.2,359.6],[1633.6,358.2],[1634.0,357.1],[1630.9,356.1],[1627.1,353.1],[1629.2,352.5],[1629.4,351.1],[1630.7,351.5],[1632.7,349.2],[1638.1,355.5],[1638.9,358.4],[1638.6,359.3]]]},"type":"Feature","properties":{"status":"normal","iso2":"","name":"Artsakh","id":"Artsakh"}},{"geometry":{"type":"MultiPolygon","coordinates":[[[[1616.8,358.4],[1619.4,363.6],[1620.0,366.5],[1621.2,367.5],[1619.9,370.9],[1622.3,372.4],[1623.0,374.9],[1624.5,376.2],[1625.4,379.5],[1627.0,381.5],[1627.3,383.3],[1629.9,386.0],[1629.9,387.6],[1633.4,389.0],[1637.3,389.1],[1635.1,391.3],[1636.8,395.1],[1635.2,395.5],[1633.8,397.5],[1634.2,400.0],[1632.7,399.6],[1632.5,400.4],[1633.5,402.8],[1632.7,405.2],[1638.2,410.6],[1638.7,411.9],[1638.0,412.6],[1638.9,413.7],[1641.3,414.2],[1645.4,417.5],[1648.2,418.6],[1651.6,422.9],[1652.2,424.5],[1651.9,429.8],[1654.5,431.2],[1655.0,434.9],[1657.4,437.2],[1658.5,439.4],[1661.5,439.1],[1661.5,436.3],[1662.2,435.9],[1661.6,435.2],[1662.2,435.0],[1663.8,436.0],[1661.8,436.3],[1666.6,439.1],[1670.0,437.7],[1672.0,441.2],[1675.2,444.6],[1675.3,446.7],[1677.4,447.4],[1676.8,448.8],[1678.6,450.3],[1680.6,454.9],[1683.1,457.8],[1686.6,458.3],[1690.4,460.3],[1691.4,461.3],[1691.2,462.2],[1697.6,465.5],[1699.9,467.7],[1703.8,468.0],[1707.4,469.7],[1711.2,467.4],[1713.7,467.2],[1714.0,465.8],[1718.1,463.9],[1721.3,464.0],[1724.3,466.4],[1727.0,474.9],[1730.6,476.5],[1731.0,477.3],[1731.8,476.8],[1733.6,477.9],[1738.4,477.9],[1741.3,479.3],[1744.6,478.9],[1750.9,479.9],[1751.7,479.0],[1753.0,480.5],[1757.9,481.7],[1760.0,480.5],[1760.4,474.5],[1761.5,471.7],[1763.8,470.9],[1764.5,469.3],[1770.2,468.0],[1770.5,463.8],[1767.1,463.0],[1765.4,454.7],[1758.2,451.1],[1749.7,440.6],[1754.7,433.2],[1755.3,429.8],[1754.0,427.6],[1749.2,426.7],[1747.7,425.2],[1743.8,413.1],[1745.0,409.2],[1742.8,408.1],[1741.7,406.0],[1741.7,403.2],[1743.6,401.5],[1742.6,400.1],[1744.3,398.3],[1744.2,394.0],[1744.9,391.6],[1742.1,381.8],[1736.7,381.7],[1733.9,378.7],[1730.0,377.2],[1726.7,374.0],[1720.8,373.2],[1717.6,371.5],[1714.4,370.8],[1712.0,368.4],[1707.7,368.1],[1705.7,368.5],[1705.5,369.5],[1699.4,369.6],[1695.9,372.0],[1694.5,375.1],[1689.4,375.7],[1690.9,379.4],[1690.5,380.6],[1688.0,380.1],[1690.3,379.8],[1687.8,379.7],[1678.0,382.1],[1673.7,382.0],[1666.2,379.1],[1662.2,375.4],[1654.8,373.5],[1652.1,366.7],[1650.2,366.4],[1645.8,363.1],[1647.2,361.6],[1646.4,359.4],[1647.4,358.3],[1644.7,355.9],[1642.6,356.1],[1636.1,361.8],[1633.8,362.7],[1628.2,361.9],[1620.3,355.2],[1619.5,355.6],[1618.8,358.2],[1616.8,358.4]]],[[[1696.9,467.2],[1697.5,467.1],[1696.8,466.9],[1696.0,467.0],[1696.9,467.2]]],[[[1715.5,466.0],[1713.3,468.1],[1711.6,468.4],[1711.7,469.0],[1716.7,467.8],[1718.9,465.8],[1716.3,466.1],[1715.5,466.0]]],[[[1702.6,469.9],[1702.4,469.4],[1701.8,469.7],[1702.6,469.9]]]]},"type":"Feature","properties":{"status":"normal","iso2":"IR","name":"Iran","id":"Iran"}},{"geometry":{"type":"MultiPolygon","coordinates":[[[[2061.3,643.1],[2060.1,644.0],[2061.3,644.5],[2061.6,643.4],[2061.3,643.1]]],[[[2064.7,651.8],[2064.5,653.5],[2065.2,651.9],[2064.7,651.8]]],[[[2063.3,643.4],[2065.4,648.1],[2065.8,654.7],[2067.8,658.6],[2067.8,662.1],[2069.9,664.2],[2069.0,665.2],[2073.4,671.0],[2073.7,674.3],[2077.3,676.7],[2080.2,679.8],[2088.7,685.3],[2090.3,687.5],[2092.8,686.3],[2094.2,686.5],[2094.0,684.8],[2095.4,685.6],[2095.2,686.8],[2096.3,687.0],[2096.4,684.9],[2093.7,678.5],[2090.0,673.8],[2089.2,666.4],[2089.5,659.6],[2086.5,652.6],[2080.7,646.0],[2077.9,644.7],[2078.1,646.6],[2076.6,649.1],[2074.4,647.9],[2072.2,649.7],[2070.8,649.7],[2071.1,645.9],[2068.2,643.1],[2063.8,641.4],[2063.3,643.4]]],[[[2130.6,673.9],[2131.4,673.9],[2131.1,673.2],[2130.6,673.9]]],[[[2107.1,674.4],[2107.6,673.7],[2107.6,673.3],[2107.0,672.9],[2107.1,674.4]]],[[[2095.5,674.2],[2095.1,675.0],[2095.8,674.5],[2095.5,674.2]]],[[[2150.1,677.6],[2150.7,678.1],[2149.9,675.1],[2150.1,677.6]]],[[[2190.6,636.8],[2191.2,636.3],[2191.4,635.7],[2190.7,636.1],[2190.6,636.8]]],[[[2192.2,636.2],[2192.4,637.2],[2193.3,636.1],[2192.4,635.8],[2192.2,636.2]]],[[[2178.9,653.4],[2179.1,653.2],[2178.8,652.6],[2178.5,653.3],[2178.9,653.4]]],[[[2211.7,658.4],[2211.7,657.4],[2211.4,656.5],[2211.5,658.8],[2211.7,658.4]]],[[[2203.4,658.6],[2204.2,658.9],[2204.8,658.8],[2203.4,658.6]]],[[[2198.2,662.9],[2199.9,662.9],[2198.1,662.2],[2198.2,662.9]]],[[[2137.4,681.2],[2136.8,682.9],[2138.4,686.0],[2142.5,690.2],[2144.9,691.4],[2149.1,689.9],[2154.4,690.1],[2156.4,688.9],[2157.6,686.3],[2160.2,685.3],[2162.5,685.4],[2164.6,687.1],[2167.5,688.0],[2170.8,686.4],[2175.3,686.4],[2177.2,681.9],[2177.0,679.5],[2180.0,677.2],[2179.1,673.9],[2181.6,672.3],[2182.6,669.0],[2182.6,664.3],[2184.3,661.0],[2189.0,661.8],[2189.4,660.9],[2194.1,661.5],[2197.1,662.9],[2197.9,662.5],[2197.9,660.7],[2200.1,661.8],[2204.5,661.4],[2205.2,660.2],[2201.9,657.8],[2201.6,656.2],[2207.3,655.7],[2209.5,654.3],[2209.9,653.0],[2208.6,652.0],[2207.2,652.4],[2205.5,650.7],[2204.5,650.9],[2202.6,648.6],[2199.6,649.7],[2199.3,649.1],[2200.7,647.8],[2199.9,646.9],[2196.1,648.0],[2197.0,647.3],[2197.7,643.6],[2195.9,641.6],[2195.1,642.0],[2193.0,638.6],[2190.4,642.1],[2190.2,638.4],[2187.0,644.6],[2185.6,645.8],[2184.2,649.7],[2182.4,651.2],[2181.8,650.5],[2180.4,652.3],[2181.5,655.0],[2180.2,656.3],[2178.5,656.4],[2179.9,661.5],[2178.2,660.2],[2177.5,656.5],[2175.9,658.3],[2176.1,662.0],[2175.4,663.9],[2172.8,662.1],[2171.5,659.6],[2169.8,659.2],[2168.7,663.2],[2163.1,671.3],[2160.0,672.9],[2153.0,674.6],[2150.7,676.7],[2151.4,678.6],[2149.3,678.2],[2149.1,680.4],[2150.6,680.3],[2149.3,681.1],[2149.1,684.6],[2148.3,684.7],[2148.1,685.6],[2150.7,687.4],[2144.3,685.4],[2142.7,683.4],[2142.0,684.3],[2140.0,684.1],[2137.6,682.0],[2137.4,681.2]]]]},"type":"Feature","properties":{"status":"sc","iso2":"MY","name":"Malaysia","id":"Malaysia"}},{"geometry":{"type":"MultiPolygon","coordinates":[[[[2215.8,523.0],[2216.2,522.3],[2216.3,521.8],[2215.8,522.3],[2215.8,523.0]]],[[[2212.8,531.5],[2214.2,532.4],[2213.3,531.3],[2212.8,531.5]]],[[[2217.7,535.8],[2217.9,534.6],[2217.3,536.2],[2217.7,535.8]]],[[[2222.0,569.2],[2223.7,572.2],[2223.4,569.1],[2222.2,569.1],[2222.0,569.2]]],[[[2210.2,579.2],[2211.7,580.7],[2210.8,579.4],[2210.2,579.2]]],[[[2212.2,582.5],[2215.0,585.2],[2218.9,591.8],[2221.0,593.1],[2222.3,589.5],[2220.5,584.3],[2217.7,582.4],[2212.9,582.1],[2212.2,582.5]]],[[[2211.5,593.3],[2210.2,592.3],[2210.4,594.3],[2213.7,595.1],[2213.3,593.9],[2211.5,593.3]]],[[[2213.4,596.9],[2213.3,595.9],[2213.2,595.3],[2213.0,596.1],[2213.4,596.9]]],[[[2211.2,595.8],[2210.3,596.1],[2211.5,597.9],[2211.7,596.9],[2211.2,595.8]]],[[[2210.5,600.1],[2210.3,599.8],[2209.7,600.1],[2210.4,600.5],[2210.5,600.1]]],[[[2212.0,607.2],[2210.7,608.4],[2212.2,607.3],[2212.0,607.2]]],[[[2192.6,625.4],[2192.4,626.9],[2202.6,617.3],[2203.7,613.0],[2206.4,612.1],[2207.3,610.2],[2209.7,608.7],[2207.9,600.4],[2207.5,603.1],[2206.8,603.0],[2208.1,605.9],[2206.2,604.2],[2207.0,606.9],[2206.5,608.5],[2205.7,608.3],[2204.7,609.3],[2204.5,610.7],[2203.5,610.9],[2203.5,612.3],[2203.2,611.7],[2199.0,618.1],[2197.1,619.1],[2193.4,623.5],[2192.6,625.4]]],[[[2191.7,630.9],[2191.2,629.2],[2191.4,631.5],[2191.7,630.9]]],[[[2203.4,638.1],[2203.2,637.9],[2202.6,638.2],[2203.5,638.7],[2203.4,638.1]]],[[[2219.1,643.9],[2219.0,644.6],[2219.2,645.0],[2219.4,644.3],[2219.1,643.9]]],[[[2214.4,655.3],[2217.2,653.5],[2217.1,652.9],[2214.1,654.9],[2214.4,655.3]]],[[[2205.4,560.4],[2206.4,561.6],[2208.9,570.1],[2209.7,571.1],[2209.9,570.4],[2210.4,570.7],[2211.5,573.6],[2213.2,573.7],[2212.6,570.7],[2216.5,572.9],[2213.8,576.1],[2214.2,579.5],[2214.8,578.5],[2215.6,578.6],[2216.5,580.5],[2217.1,579.8],[2217.6,581.1],[2219.3,581.1],[2222.7,578.3],[2227.3,581.6],[2230.1,585.0],[2230.3,583.7],[2227.8,578.4],[2228.8,578.5],[2234.6,583.6],[2235.4,585.9],[2238.8,587.7],[2240.9,586.8],[2239.7,588.8],[2241.6,590.5],[2241.2,586.0],[2240.1,585.2],[2238.9,585.6],[2238.5,583.5],[2236.4,581.4],[2237.5,580.4],[2239.7,580.4],[2239.2,579.6],[2234.0,577.2],[2234.6,579.6],[2233.5,580.2],[2231.6,576.5],[2228.6,575.1],[2227.1,575.6],[2226.7,577.0],[2226.1,576.1],[2226.6,578.1],[2225.1,578.5],[2223.0,577.1],[2221.4,574.3],[2221.0,572.5],[2221.7,571.9],[2218.8,567.0],[2219.1,561.7],[2219.9,560.3],[2223.0,558.4],[2222.6,559.6],[2222.9,559.2],[2224.8,551.6],[2221.3,546.3],[2221.0,543.7],[2221.6,540.8],[2220.8,539.1],[2218.9,540.9],[2216.7,540.8],[2212.7,538.1],[2209.7,538.0],[2208.5,538.9],[2207.9,546.0],[2209.7,560.0],[2208.2,559.7],[2205.8,557.2],[2205.1,558.2],[2205.4,560.4]]],[[[2225.6,571.2],[2225.4,570.9],[2224.8,571.1],[2225.6,571.7],[2225.6,571.2]]],[[[2225.5,577.2],[2223.6,576.1],[2225.8,577.8],[2225.5,577.2]]],[[[2236.1,589.2],[2232.8,585.3],[2233.2,586.7],[2236.1,589.2]]],[[[2228.4,590.8],[2228.3,590.6],[2227.8,590.1],[2228.0,590.8],[2228.4,590.8]]],[[[2238.2,590.3],[2239.7,592.2],[2238.3,589.5],[2238.2,590.3]]],[[[2229.9,590.8],[2229.2,591.4],[2231.0,592.9],[2231.1,591.4],[2230.4,590.9],[2229.9,590.8]]],[[[2226.1,590.8],[2226.4,594.3],[2227.0,589.9],[2225.9,590.1],[2226.1,590.8]]],[[[2235.2,590.1],[2235.8,593.7],[2235.2,595.9],[2237.6,593.5],[2242.0,597.3],[2241.9,595.2],[2237.4,591.0],[2235.2,590.1]]],[[[2226.9,597.9],[2227.3,608.7],[2232.2,606.0],[2233.2,604.0],[2235.6,602.2],[2235.1,599.5],[2233.6,600.1],[2233.0,598.7],[2231.1,599.3],[2226.3,595.7],[2225.5,597.1],[2226.3,597.4],[2226.9,597.9]]],[[[2232.5,608.3],[2233.1,606.9],[2232.4,606.3],[2231.6,607.3],[2231.8,609.0],[2232.5,608.3]]],[[[2232.9,617.4],[2235.1,618.5],[2236.3,620.7],[2238.3,619.4],[2237.0,614.0],[2238.9,606.8],[2238.7,604.8],[2236.0,604.0],[2235.0,604.7],[2233.9,608.2],[2234.2,611.6],[2231.1,613.3],[2231.6,615.4],[2232.9,617.4]]],[[[2236.8,635.2],[2235.5,635.3],[2236.1,636.0],[2236.7,635.6],[2236.8,635.2]]],[[[2229.4,643.0],[2231.0,643.3],[2232.2,641.4],[2229.6,640.9],[2228.4,641.6],[2229.1,642.4],[2229.4,643.0]]],[[[2228.7,646.8],[2229.1,647.0],[2229.6,647.0],[2228.5,646.5],[2228.7,646.8]]],[[[2225.6,647.5],[2223.1,646.5],[2222.1,647.6],[2225.5,647.9],[2225.6,647.5]]],[[[2242.7,580.6],[2242.5,578.5],[2240.8,577.4],[2241.0,581.1],[2241.7,582.0],[2242.3,581.4],[2242.7,580.6]]],[[[2246.3,599.5],[2245.8,598.0],[2244.5,597.9],[2246.0,599.8],[2246.3,599.5]]],[[[2243.8,592.1],[2247.1,595.9],[2249.6,597.2],[2248.4,599.2],[2249.5,600.5],[2246.9,601.1],[2244.8,599.3],[2244.6,600.5],[2245.9,604.4],[2246.5,604.9],[2247.1,604.3],[2248.5,605.9],[2249.1,610.6],[2251.0,612.1],[2250.4,609.9],[2251.8,610.2],[2252.5,609.5],[2250.5,605.4],[2249.7,601.4],[2252.0,602.9],[2255.8,603.5],[2254.0,601.7],[2254.2,600.5],[2252.7,597.2],[2252.9,593.5],[2251.2,592.7],[2250.6,591.0],[2248.6,590.4],[2243.2,590.8],[2243.8,592.1]]],[[[2240.7,602.4],[2239.7,602.1],[2239.4,603.6],[2240.3,603.0],[2240.7,602.4]]],[[[2245.0,606.6],[2245.2,607.4],[2245.7,607.0],[2245.6,606.8],[2245.0,606.6]]],[[[2238.9,611.8],[2238.5,617.0],[2239.5,616.2],[2240.5,611.9],[2242.9,608.4],[2242.6,601.8],[2240.9,606.8],[2238.9,611.8]]],[[[2255.6,612.9],[2255.3,614.0],[2256.2,613.1],[2255.5,608.7],[2254.4,611.4],[2255.2,612.5],[2255.6,612.9]]],[[[2251.7,611.7],[2253.1,613.2],[2252.6,611.9],[2252.2,611.7],[2251.7,611.7]]],[[[2243.3,616.1],[2247.8,614.8],[2246.4,611.3],[2244.5,611.3],[2243.4,612.2],[2242.0,614.0],[2242.6,615.8],[2243.3,616.1]]],[[[2258.4,613.2],[2258.6,614.6],[2259.5,614.6],[2258.7,612.5],[2258.4,613.2]]],[[[2258.5,615.9],[2257.9,614.8],[2258.3,616.3],[2258.5,615.9]]],[[[2242.2,616.3],[2242.4,615.7],[2241.7,616.4],[2242.2,616.3]]],[[[2241.3,620.0],[2240.9,618.5],[2240.2,619.8],[2240.7,620.3],[2241.3,620.0]]],[[[2249.8,619.9],[2248.6,619.3],[2249.7,620.5],[2249.8,619.9]]],[[[2229.4,638.6],[2231.4,638.6],[2232.3,634.8],[2234.2,631.6],[2235.2,632.0],[2236.1,634.5],[2236.5,633.8],[2237.1,634.5],[2238.1,632.3],[2238.0,633.9],[2240.4,635.0],[2240.0,633.3],[2240.8,631.7],[2241.8,631.4],[2246.2,635.0],[2244.9,639.3],[2246.5,644.6],[2252.5,648.3],[2253.5,648.2],[2255.0,646.4],[2255.3,650.2],[2256.4,650.7],[2258.5,646.3],[2255.9,641.3],[2257.4,637.0],[2258.5,635.7],[2259.3,636.6],[2262.2,644.7],[2262.4,641.1],[2261.7,639.4],[2262.7,639.6],[2264.6,636.2],[2264.0,632.4],[2262.8,630.8],[2263.0,628.3],[2261.9,628.0],[2262.6,626.6],[2260.1,624.4],[2261.6,622.4],[2260.3,618.6],[2258.9,618.7],[2257.8,616.7],[2254.2,614.1],[2255.5,621.1],[2253.9,621.2],[2252.9,620.3],[2252.4,622.1],[2250.3,621.1],[2249.6,625.1],[2247.0,624.7],[2245.9,627.9],[2242.0,629.9],[2243.3,628.2],[2242.8,625.9],[2241.9,624.5],[2240.9,624.8],[2239.6,623.5],[2239.3,624.7],[2237.0,625.7],[2235.9,628.4],[2230.8,630.3],[2229.1,637.9],[2229.4,638.6]]],[[[2258.6,639.4],[2258.4,637.1],[2257.8,637.7],[2258.6,639.4]]]]},"type":"Feature","properties":{"status":"normal","iso2":"PH","name":"Philippines","id":"Philippines"}},{"geometry":{"type":"MultiPolygon","coordinates":[[[[1457.7,194.0],[1457.7,194.7],[1458.4,194.1],[1457.7,194.0]]],[[[1450.7,194.9],[1453.0,195.4],[1454.2,196.7],[1456.4,195.3],[1454.3,193.8],[1452.9,194.6],[1450.7,194.9]]],[[[1458.0,198.0],[1459.1,197.6],[1457.6,197.1],[1458.0,198.0]]],[[[1459.3,194.5],[1460.1,194.2],[1459.8,196.2],[1462.1,196.3],[1460.1,196.8],[1460.0,197.9],[1463.9,200.4],[1466.4,199.6],[1465.6,203.4],[1470.6,202.0],[1480.1,206.2],[1482.2,205.5],[1485.3,206.1],[1487.3,203.3],[1484.9,200.6],[1484.2,196.3],[1486.8,192.1],[1488.2,191.6],[1487.3,190.9],[1481.0,190.9],[1471.3,189.4],[1470.6,190.4],[1462.6,191.3],[1463.0,192.2],[1460.8,192.2],[1459.4,193.3],[1459.3,194.5]]],[[[1451.4,203.1],[1453.1,200.8],[1455.6,200.6],[1458.7,198.9],[1455.8,197.7],[1450.1,198.4],[1451.7,201.3],[1451.2,202.9],[1451.4,203.1]]]]},"type":"Feature","properties":{"status":"normal","iso2":"EE","name":"Estonia","id":"Estonia"}},{"geometry":{"type":"MultiPolygon","coordinates":[[[[1171.9,452.1],[1172.2,449.9],[1170.9,449.6],[1171.3,452.6],[1171.9,452.1]]],[[[1197.8,455.8],[1200.6,453.9],[1200.8,450.3],[1196.5,455.9],[1197.1,456.3],[1197.8,455.8]]],[[[1180.6,456.5],[1184.2,451.7],[1178.3,453.7],[1179.8,456.9],[1180.6,456.5]]],[[[1176.0,456.6],[1176.6,455.5],[1175.5,455.1],[1175.7,456.7],[1176.0,456.6]]],[[[1188.5,458.4],[1189.1,455.9],[1187.1,455.6],[1186.2,457.3],[1187.7,459.1],[1188.5,458.4]]],[[[1169.9,459.8],[1170.8,458.3],[1169.5,458.7],[1169.6,459.5],[1169.9,459.8]]],[[[1333.2,353.5],[1336.5,354.5],[1335.0,352.7],[1332.9,353.1],[1333.2,353.5]]],[[[1243.8,328.5],[1244.8,329.3],[1245.8,328.9],[1244.5,330.2],[1244.7,331.3],[1246.7,329.9],[1245.4,331.8],[1247.0,332.3],[1245.4,333.8],[1247.2,332.9],[1245.2,335.3],[1245.2,336.7],[1249.9,334.6],[1250.7,335.4],[1249.8,337.6],[1261.0,336.3],[1261.1,338.5],[1263.3,339.4],[1258.2,344.3],[1258.6,350.0],[1257.1,351.3],[1257.5,353.6],[1256.4,355.7],[1252.9,355.9],[1256.3,361.3],[1253.8,365.8],[1254.7,368.0],[1256.3,368.5],[1253.9,370.6],[1251.9,375.0],[1252.7,377.2],[1256.2,376.6],[1256.6,377.8],[1259.6,380.4],[1259.2,381.6],[1260.6,382.9],[1260.2,383.4],[1261.1,385.4],[1264.6,387.6],[1266.7,386.3],[1268.2,384.0],[1271.6,383.1],[1273.9,381.5],[1285.7,381.4],[1288.1,380.4],[1290.1,380.9],[1293.8,375.5],[1300.0,373.6],[1299.9,371.7],[1301.6,368.3],[1306.8,364.1],[1304.0,359.2],[1304.2,356.2],[1305.4,353.8],[1309.7,348.8],[1312.0,347.3],[1311.4,346.0],[1316.0,343.3],[1321.4,342.0],[1328.0,337.9],[1329.0,336.6],[1328.8,334.2],[1329.9,333.1],[1329.2,332.2],[1327.9,332.0],[1325.2,332.8],[1321.4,332.6],[1319.0,331.2],[1317.3,332.1],[1316.8,330.0],[1312.9,328.6],[1312.1,328.6],[1311.8,330.1],[1306.7,329.8],[1299.9,326.9],[1297.8,327.0],[1297.6,325.1],[1295.0,324.3],[1291.9,324.6],[1287.6,323.7],[1285.9,324.3],[1282.1,323.1],[1275.5,323.8],[1267.5,322.3],[1260.7,322.3],[1258.8,323.1],[1258.1,322.2],[1254.5,320.8],[1251.0,321.9],[1250.1,323.4],[1251.0,323.1],[1250.2,323.7],[1251.0,323.8],[1246.4,324.6],[1243.8,326.2],[1243.2,327.6],[1244.0,328.2],[1243.8,328.5]],[[1259.7,380.3],[1260.1,379.8],[1260.5,379.8],[1259.7,380.3]]],[[[1328.7,353.4],[1324.0,355.5],[1323.0,357.3],[1324.8,357.1],[1325.9,358.4],[1328.4,358.8],[1330.4,355.5],[1328.2,354.8],[1328.3,353.6],[1328.7,353.4]]],[[[1315.5,363.1],[1317.1,361.6],[1316.9,361.0],[1315.2,361.2],[1314.7,362.7],[1315.5,363.1]]],[[[1315.5,364.7],[1316.2,364.4],[1316.3,364.3],[1315.6,364.0],[1315.5,364.7]]],[[[1201.6,449.5],[1203.9,447.9],[1203.8,446.7],[1200.9,449.2],[1201.6,449.5]]]]},"type":"Feature","properties":{"status":"sc","iso2":"ES","name":"Spain","id":"Spain"}},{"geometry":{"type":"MultiPolygon","coordinates":[[[[1368.7,705.1],[1368.9,705.6],[1369.1,704.9],[1368.7,704.3],[1368.7,705.1]]],[[[1367.8,706.7],[1370.2,710.8],[1370.9,711.0],[1371.5,710.1],[1371.1,712.3],[1372.3,711.8],[1373.3,712.9],[1371.1,713.3],[1369.2,710.4],[1371.1,714.7],[1373.3,716.5],[1371.2,715.2],[1373.2,718.8],[1377.4,721.1],[1376.7,721.5],[1374.7,720.5],[1379.8,725.6],[1384.6,732.3],[1385.3,733.0],[1388.1,729.5],[1391.0,731.0],[1391.4,728.0],[1390.0,726.7],[1389.9,723.7],[1388.4,723.4],[1389.0,721.6],[1388.7,719.1],[1392.2,719.9],[1395.0,719.5],[1395.7,718.4],[1395.6,715.3],[1396.4,714.8],[1398.9,716.8],[1399.5,719.5],[1403.3,720.0],[1405.4,717.1],[1406.7,720.8],[1408.8,719.4],[1409.2,716.2],[1410.6,714.2],[1410.1,712.8],[1411.0,711.3],[1410.5,707.7],[1411.1,704.6],[1406.2,700.4],[1407.0,695.3],[1410.2,693.0],[1410.2,690.8],[1407.7,686.8],[1400.9,688.4],[1401.4,679.3],[1387.5,678.8],[1386.7,680.3],[1386.7,690.2],[1373.8,690.1],[1373.5,694.6],[1372.5,693.6],[1371.4,694.2],[1373.6,696.7],[1376.4,697.4],[1375.0,698.6],[1373.6,697.6],[1372.7,698.2],[1371.7,696.6],[1371.1,702.3],[1368.9,706.6],[1367.2,704.4],[1367.5,706.4],[1367.8,706.7]]]]},"type":"Feature","properties":{"status":"nogroup","iso2":"GA","name":"Gabon","id":"Gabon"}},{"geometry":{"type":"MultiPolygon","coordinates":[[[[2076.0,581.7],[2077.0,585.8],[2080.1,591.4],[2081.8,598.3],[2082.9,597.7],[2082.2,598.3],[2083.5,600.1],[2083.6,604.3],[2085.9,604.8],[2086.5,602.8],[2087.4,602.8],[2088.4,605.3],[2087.2,607.1],[2088.1,608.0],[2089.3,607.7],[2089.6,606.6],[2093.7,608.5],[2097.3,607.5],[2098.4,606.6],[2098.9,604.2],[2100.4,604.7],[2103.9,603.8],[2107.2,605.6],[2107.2,603.7],[2105.0,601.8],[2104.1,598.5],[2105.7,597.1],[2108.7,598.1],[2108.2,595.5],[2110.9,595.1],[2116.7,591.2],[2115.8,586.0],[2116.0,582.6],[2113.6,576.6],[2114.5,571.7],[2110.7,574.5],[2109.0,574.4],[2106.8,572.9],[2104.8,573.9],[2103.2,575.1],[2104.4,577.4],[2103.5,578.4],[2101.0,577.0],[2097.9,576.4],[2097.2,574.9],[2096.0,575.5],[2094.3,574.2],[2083.6,574.2],[2080.7,575.8],[2077.2,581.3],[2076.0,581.7]]],[[[2082.9,600.3],[2082.4,600.3],[2083.0,601.1],[2082.9,600.3]]],[[[2085.2,606.6],[2085.2,606.0],[2084.5,605.9],[2085.2,606.6]]],[[[2091.0,608.7],[2089.7,609.4],[2091.5,612.3],[2091.3,609.0],[2091.0,608.7]]]]},"type":"Feature","properties":{"status":"nogroup","iso2":"KH","name":"Cambodia","id":"Cambodia"}},{"geometry":{"type":"MultiPolygon","coordinates":[[[[2204.6,372.2],[2205.1,373.4],[2206.1,373.4],[2204.8,371.9],[2204.6,372.2]]],[[[2209.8,384.1],[2209.3,383.4],[2208.8,383.0],[2209.2,383.8],[2209.8,384.1]]],[[[2205.7,372.7],[2209.8,376.6],[2209.0,377.0],[2209.4,377.9],[2212.0,379.5],[2211.4,380.8],[2208.3,378.6],[2208.4,380.1],[2207.3,379.3],[2207.3,380.1],[2206.3,380.3],[2208.3,382.1],[2208.5,381.4],[2209.4,381.8],[2210.1,383.5],[2210.8,383.5],[2211.5,386.3],[2213.8,387.3],[2213.0,388.4],[2214.5,388.4],[2213.0,391.0],[2214.5,391.2],[2213.5,393.0],[2214.5,395.3],[2213.1,395.1],[2215.2,397.5],[2216.7,397.8],[2215.3,398.3],[2216.7,399.0],[2216.0,398.9],[2216.3,399.6],[2215.2,398.7],[2215.0,399.3],[2217.2,400.3],[2217.6,401.9],[2218.1,402.2],[2218.7,400.2],[2220.1,401.2],[2221.4,398.3],[2222.4,398.9],[2221.6,399.7],[2223.3,400.7],[2222.9,399.9],[2224.0,399.9],[2222.4,398.3],[2223.0,397.3],[2224.7,399.4],[2225.1,398.2],[2223.7,397.3],[2226.3,395.6],[2229.6,397.6],[2229.6,396.3],[2228.8,396.1],[2229.8,395.3],[2229.6,394.6],[2233.0,395.8],[2233.9,395.0],[2234.0,391.5],[2234.7,392.1],[2234.8,391.6],[2234.4,388.8],[2233.5,386.9],[2233.0,387.4],[2232.0,386.0],[2229.3,379.0],[2215.5,365.1],[2214.6,367.4],[2207.8,368.1],[2206.3,370.5],[2206.7,372.7],[2206.1,372.4],[2205.7,372.7]],[[2207.6,373.5],[2207.4,373.4],[2207.2,373.2],[2207.6,373.5]]],[[[2230.6,398.0],[2231.8,397.6],[2231.7,396.8],[2231.1,396.4],[2230.1,397.4],[2230.6,398.0]]],[[[2214.2,397.2],[2214.2,397.7],[2214.9,397.8],[2214.5,397.0],[2214.2,397.2]]],[[[2225.5,396.9],[2226.1,398.3],[2227.5,398.5],[2226.9,397.6],[2225.5,396.9]]],[[[2216.0,400.5],[2214.9,400.0],[2215.0,401.1],[2216.2,400.9],[2216.0,400.5]]],[[[2218.6,401.7],[2219.1,402.2],[2219.6,402.2],[2219.1,401.6],[2218.6,401.7]]],[[[2221.7,408.9],[2219.1,409.9],[2218.7,411.1],[2220.3,411.8],[2222.5,411.0],[2223.5,409.4],[2222.7,408.8],[2221.7,408.9]]]]},"type":"Feature","properties":{"status":"normal","iso2":"KR","name":"Republic of Korea","id":"Republic of Korea"}},{"geometry":{"type":"MultiPolygon","coordinates":[[[[647.2,558.2],[650.0,556.8],[647.7,557.6],[647.2,558.2]]],[[[624.8,574.2],[629.7,577.2],[630.8,579.0],[633.6,578.1],[634.5,579.0],[636.3,579.0],[636.1,582.3],[635.4,583.0],[636.3,583.3],[636.9,582.5],[638.7,583.2],[637.9,584.1],[639.0,586.6],[640.6,586.6],[643.8,583.4],[643.9,580.2],[646.9,579.7],[648.8,577.8],[651.5,579.4],[656.2,575.2],[658.6,570.9],[662.0,572.3],[672.3,569.3],[669.5,566.5],[668.6,566.3],[669.8,567.2],[669.2,567.8],[669.2,566.8],[666.3,565.9],[666.7,567.1],[665.9,566.4],[665.0,564.6],[668.1,565.9],[665.1,562.5],[660.3,561.0],[656.0,561.4],[651.6,560.4],[651.9,561.1],[648.9,562.3],[644.1,562.6],[638.1,561.5],[633.3,563.8],[627.1,568.5],[626.2,570.1],[626.4,572.1],[625.0,573.6],[624.8,574.2]]]]},"type":"Feature","properties":{"status":"nogroup","iso2":"HN","name":"Honduras","id":"Honduras"}},{"geometry":{"type":"MultiPolygon","coordinates":[[[[802.2,1063.0],[802.0,1062.9],[801.5,1063.0],[802.2,1063.4],[802.2,1063.0]]],[[[795.7,1066.0],[797.2,1066.8],[796.2,1065.9],[795.7,1066.0]]],[[[793.6,1060.4],[792.5,1061.2],[790.5,1060.3],[793.1,1070.6],[792.8,1072.2],[793.9,1073.3],[797.2,1074.0],[797.0,1071.8],[797.9,1071.2],[796.4,1069.5],[797.8,1069.5],[795.1,1066.8],[795.8,1066.5],[795.2,1065.4],[796.7,1064.3],[794.1,1060.6],[793.6,1060.4]]],[[[791.5,1076.1],[792.2,1075.5],[791.5,1075.3],[790.8,1075.5],[791.5,1076.1]]],[[[797.0,1078.2],[798.0,1078.6],[798.5,1077.6],[796.4,1078.1],[797.0,1078.2]]],[[[799.7,1078.9],[800.9,1080.3],[800.3,1079.1],[799.7,1078.9]]],[[[798.9,1080.5],[799.7,1080.9],[798.8,1080.0],[798.9,1080.5]]],[[[799.2,1082.0],[799.5,1081.0],[797.9,1080.9],[798.7,1081.8],[799.2,1082.0]]],[[[800.2,1081.5],[800.0,1081.5],[799.5,1081.9],[800.3,1082.0],[800.2,1081.5]]],[[[799.0,1082.5],[799.8,1082.9],[799.9,1082.5],[799.6,1082.3],[799.0,1082.5]]],[[[800.8,1082.7],[800.6,1082.5],[800.0,1082.4],[800.5,1083.1],[800.8,1082.7]]],[[[797.5,1083.4],[797.5,1082.6],[796.0,1083.0],[797.2,1083.8],[797.5,1083.4]]],[[[799.7,1083.9],[800.0,1083.2],[798.5,1082.9],[799.1,1083.7],[799.7,1083.9]]],[[[795.8,1085.0],[797.3,1085.1],[796.2,1084.7],[795.8,1085.0]]],[[[802.4,1085.5],[803.4,1085.3],[802.3,1084.3],[801.8,1085.1],[802.4,1085.5]]],[[[799.1,1086.1],[801.3,1085.0],[798.4,1084.4],[797.8,1084.8],[798.8,1086.0],[799.1,1086.1]]],[[[803.1,1086.3],[803.4,1085.7],[802.6,1085.6],[803.1,1086.3]]],[[[797.1,1085.4],[798.5,1086.5],[798.2,1085.7],[797.1,1085.4]]],[[[800.0,1086.3],[800.8,1086.5],[800.8,1085.7],[800.0,1086.3]]],[[[801.3,1086.1],[802.5,1087.3],[801.8,1086.0],[801.3,1086.1]]],[[[793.1,1086.3],[793.6,1086.8],[793.9,1087.1],[793.8,1086.4],[793.1,1086.3]]],[[[800.1,1087.7],[801.9,1087.2],[800.3,1086.7],[799.1,1087.6],[800.1,1087.7]]],[[[801.2,1089.3],[804.2,1089.5],[802.3,1087.7],[800.2,1088.3],[800.5,1088.9],[801.2,1089.3]]],[[[800.3,1089.6],[799.4,1089.0],[800.3,1090.2],[800.3,1089.6]]],[[[801.7,1090.2],[804.1,1090.6],[801.3,1089.8],[801.7,1090.2]]],[[[799.5,1090.7],[800.3,1091.0],[800.3,1090.5],[800.0,1090.4],[799.5,1090.7]]],[[[803.6,1090.9],[803.3,1090.9],[802.8,1091.2],[803.6,1091.4],[803.6,1090.9]]],[[[801.9,1093.3],[801.7,1092.0],[800.4,1091.8],[801.1,1094.3],[801.6,1093.9],[801.9,1093.3]]],[[[799.3,1093.9],[800.0,1094.0],[799.9,1092.6],[799.2,1093.2],[799.3,1093.9]]],[[[802.8,1094.2],[802.8,1093.9],[802.1,1093.7],[802.3,1094.5],[802.8,1094.2]]],[[[803.8,1078.6],[802.8,1078.4],[803.9,1079.4],[803.8,1078.6]]],[[[804.4,1085.2],[805.7,1085.9],[805.3,1086.6],[806.9,1086.9],[808.4,1085.4],[807.8,1084.6],[808.5,1083.7],[804.9,1082.7],[805.7,1083.9],[804.1,1084.4],[804.4,1085.2]]],[[[803.2,1092.2],[804.4,1092.4],[802.9,1091.6],[802.6,1092.6],[803.2,1092.2]]],[[[806.6,1094.1],[805.9,1091.7],[805.0,1091.9],[805.1,1092.8],[806.6,1094.1]]],[[[804.4,1093.1],[802.8,1092.7],[804.5,1093.5],[804.4,1093.1]]],[[[803.8,1094.0],[804.6,1095.5],[804.2,1094.0],[803.8,1094.0]]],[[[805.7,1096.1],[806.7,1095.1],[805.6,1094.9],[805.4,1095.7],[805.7,1096.1]]],[[[806.4,1096.1],[807.2,1096.4],[806.2,1095.6],[806.4,1096.1]]],[[[805.8,1096.9],[807.3,1097.9],[806.4,1096.5],[805.8,1096.9]]],[[[806.3,1105.7],[806.5,1105.1],[805.8,1105.1],[806.0,1106.0],[806.3,1105.7]]],[[[804.8,1110.7],[804.6,1110.5],[804.0,1110.7],[804.7,1111.3],[804.8,1110.7]]],[[[803.8,1111.2],[803.4,1110.5],[802.9,1111.3],[803.7,1111.7],[803.8,1111.2]]],[[[809.1,1112.4],[810.0,1112.9],[812.6,1112.1],[808.9,1111.8],[809.1,1112.4]]],[[[805.5,1112.0],[805.7,1113.0],[804.5,1112.6],[804.2,1113.4],[806.5,1113.6],[805.7,1111.5],[805.5,1112.0]]],[[[806.1,1113.7],[805.6,1113.5],[804.9,1113.5],[806.4,1114.1],[806.1,1113.7]]],[[[810.3,1115.2],[808.9,1114.4],[810.0,1115.9],[810.3,1115.5],[810.3,1115.2]]],[[[807.7,1115.2],[804.4,1114.1],[807.0,1116.8],[807.7,1116.0],[807.7,1115.2]]],[[[811.9,1116.4],[810.8,1115.6],[812.1,1117.0],[811.9,1116.4]]],[[[801.9,1113.8],[803.9,1116.0],[803.3,1116.4],[804.8,1116.4],[806.8,1119.0],[806.9,1117.6],[805.5,1115.5],[802.5,1113.7],[801.9,1113.8]]],[[[810.5,1117.6],[807.7,1114.3],[808.9,1117.2],[807.7,1116.7],[807.7,1118.0],[810.9,1118.5],[810.5,1117.6]]],[[[803.4,1118.0],[804.8,1118.5],[804.3,1118.9],[805.3,1118.1],[804.4,1116.9],[803.0,1117.3],[803.4,1118.0]]],[[[808.7,1118.9],[807.9,1118.6],[808.2,1119.3],[808.7,1118.9]]],[[[803.8,1119.0],[804.5,1119.7],[806.1,1118.7],[804.3,1119.1],[803.8,1119.0]]],[[[807.8,1120.1],[807.2,1119.0],[807.2,1119.8],[807.8,1120.1]]],[[[807.9,1121.5],[808.7,1121.1],[806.6,1120.0],[807.9,1121.5]]],[[[807.1,1121.0],[804.6,1120.5],[807.9,1122.2],[807.7,1121.6],[807.1,1121.0]]],[[[806.7,1121.6],[806.0,1123.4],[806.9,1123.8],[807.4,1122.0],[806.7,1121.6]]],[[[810.2,1122.5],[809.1,1121.8],[808.4,1122.3],[810.6,1123.9],[810.6,1123.2],[810.2,1122.5]]],[[[808.9,1120.9],[810.2,1121.0],[811.1,1124.4],[809.7,1123.5],[809.9,1124.3],[809.1,1123.9],[809.5,1124.5],[808.2,1124.1],[809.7,1125.5],[807.5,1123.9],[810.5,1127.7],[808.0,1126.7],[808.4,1127.6],[811.6,1129.1],[811.0,1128.2],[812.6,1128.9],[811.5,1126.5],[812.6,1124.9],[813.1,1125.5],[812.3,1126.1],[813.2,1126.9],[812.4,1127.4],[814.7,1129.3],[813.9,1129.9],[816.1,1129.9],[815.5,1129.3],[816.2,1129.4],[816.2,1128.7],[815.2,1127.7],[815.9,1127.5],[815.1,1126.8],[814.7,1127.3],[814.0,1123.5],[811.2,1119.3],[811.1,1119.9],[810.4,1118.8],[809.5,1119.0],[808.8,1120.7],[808.9,1120.9]]],[[[810.7,1130.3],[813.0,1131.6],[811.2,1131.1],[811.6,1132.4],[812.9,1132.8],[812.7,1133.5],[815.0,1131.1],[814.0,1131.4],[813.6,1130.5],[812.2,1130.1],[810.7,1130.3]]],[[[772.5,858.9],[777.3,884.4],[777.3,896.4],[776.7,898.3],[775.7,898.2],[775.4,901.0],[777.4,902.9],[777.4,912.2],[779.2,917.9],[777.8,920.7],[779.1,927.0],[778.4,933.9],[778.9,937.3],[778.1,940.6],[778.5,944.3],[777.0,949.6],[780.2,956.5],[780.0,960.0],[778.5,961.5],[778.4,963.0],[784.3,979.2],[784.8,983.1],[784.0,986.1],[785.5,990.0],[784.2,993.8],[784.9,1001.2],[783.3,1006.4],[783.3,1016.6],[782.2,1016.2],[783.0,1019.7],[782.0,1020.9],[780.1,1020.4],[780.1,1021.2],[784.3,1031.5],[788.8,1039.3],[789.0,1043.4],[787.8,1044.4],[787.6,1045.9],[789.6,1055.7],[791.2,1057.9],[793.1,1058.6],[792.7,1059.6],[794.3,1060.3],[796.2,1060.1],[796.9,1057.8],[800.8,1059.2],[801.3,1057.2],[801.7,1057.7],[801.8,1058.7],[799.4,1061.1],[800.4,1062.1],[801.8,1061.7],[803.7,1065.6],[802.0,1064.1],[800.6,1064.1],[803.2,1066.5],[801.3,1066.7],[803.4,1070.5],[802.6,1071.0],[802.4,1074.3],[804.1,1076.9],[805.1,1076.7],[804.1,1078.8],[804.4,1079.8],[803.7,1080.0],[806.3,1082.1],[808.9,1082.2],[809.3,1083.3],[808.5,1086.3],[805.8,1087.5],[806.6,1089.1],[806.2,1089.8],[811.0,1091.2],[810.2,1091.5],[808.0,1090.1],[806.6,1091.7],[807.0,1094.1],[809.2,1093.2],[807.6,1094.3],[808.2,1098.6],[809.2,1096.7],[808.0,1100.8],[807.4,1100.7],[807.6,1098.4],[806.0,1097.3],[806.9,1098.6],[802.4,1097.8],[805.4,1096.8],[804.7,1096.0],[804.5,1096.6],[803.4,1094.5],[801.7,1094.8],[802.1,1095.7],[799.5,1094.5],[797.2,1095.0],[799.0,1096.1],[798.3,1096.3],[799.0,1096.9],[799.9,1095.7],[800.3,1097.6],[798.7,1097.8],[798.8,1098.9],[797.0,1099.6],[796.3,1102.4],[798.4,1104.1],[797.9,1102.4],[796.7,1102.4],[800.2,1099.9],[801.3,1102.5],[805.0,1103.7],[803.5,1103.2],[805.3,1102.8],[808.9,1104.9],[807.5,1105.3],[808.3,1105.8],[808.9,1105.0],[809.3,1106.0],[808.7,1106.9],[807.5,1106.5],[807.0,1108.1],[810.4,1109.9],[809.5,1110.1],[809.7,1110.8],[806.8,1109.3],[806.4,1110.6],[812.0,1111.6],[812.8,1110.4],[817.5,1113.0],[814.4,1112.2],[816.1,1114.0],[817.2,1113.6],[817.4,1114.8],[811.2,1113.0],[810.2,1113.0],[811.3,1114.4],[808.9,1112.9],[808.2,1113.5],[812.4,1115.6],[812.2,1116.1],[814.2,1116.3],[814.6,1117.9],[812.5,1117.2],[811.7,1117.9],[814.6,1119.2],[812.3,1119.6],[813.6,1122.6],[816.0,1125.6],[815.8,1121.9],[817.3,1121.7],[816.6,1122.1],[817.8,1124.1],[816.9,1124.2],[816.8,1125.1],[820.6,1127.4],[818.0,1126.1],[816.5,1126.3],[816.5,1127.0],[818.0,1127.4],[817.2,1127.9],[817.5,1128.8],[818.8,1129.4],[819.8,1128.8],[820.4,1129.9],[817.2,1129.2],[817.3,1129.7],[818.7,1131.1],[821.8,1132.2],[817.3,1130.6],[815.9,1131.3],[822.1,1134.1],[820.7,1133.8],[821.3,1134.5],[819.8,1133.8],[822.9,1136.7],[824.0,1133.4],[824.0,1134.4],[825.2,1135.0],[824.3,1135.6],[824.7,1136.7],[824.0,1136.3],[824.4,1137.0],[822.2,1137.7],[824.2,1139.7],[824.0,1139.2],[826.5,1139.8],[828.9,1143.4],[825.9,1141.2],[826.7,1142.9],[828.3,1144.3],[829.8,1144.0],[831.1,1146.0],[829.6,1145.0],[830.1,1145.8],[832.8,1147.8],[830.9,1144.2],[833.1,1147.1],[833.8,1145.7],[830.9,1143.4],[835.4,1144.9],[836.1,1144.4],[837.5,1146.0],[837.0,1146.6],[839.4,1150.1],[837.2,1150.2],[838.0,1148.2],[835.6,1146.2],[836.3,1148.2],[834.8,1148.5],[834.7,1147.5],[832.4,1148.2],[830.0,1146.7],[832.7,1150.2],[833.2,1152.6],[834.1,1151.2],[835.4,1152.1],[835.1,1150.6],[836.6,1150.6],[835.8,1150.7],[836.6,1151.1],[835.4,1152.6],[836.2,1153.0],[834.7,1153.0],[836.9,1153.9],[836.3,1154.8],[838.0,1155.5],[838.7,1154.9],[838.0,1153.2],[839.2,1152.1],[837.7,1152.2],[838.1,1151.2],[840.5,1150.8],[839.8,1151.3],[840.6,1151.8],[842.5,1150.7],[846.2,1151.4],[846.9,1151.8],[843.0,1151.8],[840.1,1153.4],[839.9,1152.7],[839.1,1152.7],[838.7,1154.5],[841.1,1156.5],[837.3,1156.1],[841.4,1158.7],[844.7,1159.3],[842.5,1157.9],[842.7,1156.4],[844.2,1156.5],[842.0,1155.5],[845.3,1155.3],[847.8,1152.6],[850.1,1153.9],[849.7,1155.6],[848.1,1156.6],[848.2,1159.0],[846.6,1156.8],[845.6,1158.5],[845.7,1157.4],[844.2,1157.1],[844.2,1158.4],[847.9,1160.8],[854.1,1161.8],[854.7,1160.6],[851.4,1152.7],[858.2,1150.7],[859.4,1148.3],[864.9,1149.2],[853.8,1146.4],[841.1,1146.2],[836.4,1142.9],[836.4,1141.0],[833.8,1135.6],[830.8,1134.9],[828.9,1135.8],[827.9,1135.5],[823.7,1130.9],[821.1,1126.3],[820.9,1124.1],[822.2,1123.8],[823.0,1121.5],[824.8,1120.0],[823.8,1117.2],[825.1,1115.3],[821.8,1111.5],[822.2,1108.1],[823.8,1106.4],[822.3,1103.4],[823.1,1101.2],[820.0,1097.3],[821.1,1095.6],[819.0,1092.9],[821.0,1091.2],[820.8,1089.4],[818.8,1087.7],[814.6,1086.3],[819.1,1085.8],[819.8,1083.5],[818.7,1082.7],[814.7,1082.0],[812.9,1076.3],[810.5,1073.9],[811.1,1072.3],[807.9,1070.4],[805.8,1064.2],[807.7,1062.8],[805.5,1060.1],[804.6,1055.6],[802.2,1051.9],[802.6,1047.8],[801.3,1045.7],[802.0,1045.6],[802.2,1044.8],[800.5,1042.0],[801.8,1041.4],[801.2,1035.6],[803.6,1032.9],[799.2,1025.5],[796.7,1016.5],[797.1,1014.6],[798.5,1014.0],[800.2,1011.2],[799.3,1007.2],[797.0,1003.5],[798.2,1003.0],[798.3,997.6],[799.9,995.0],[798.7,991.9],[798.5,987.5],[795.9,986.0],[796.0,983.3],[791.7,977.1],[792.0,975.5],[789.9,973.0],[788.6,970.0],[789.7,967.3],[789.5,961.7],[790.7,962.1],[791.6,960.6],[788.6,952.9],[790.0,950.0],[789.7,945.9],[792.3,940.9],[793.9,934.3],[796.4,933.5],[797.4,932.2],[794.6,927.8],[795.5,924.8],[793.2,918.9],[793.1,917.1],[794.2,916.4],[792.6,913.0],[794.7,910.2],[800.4,907.0],[801.6,898.0],[800.6,896.6],[796.9,897.0],[795.5,895.9],[791.2,883.3],[788.2,879.5],[788.0,877.1],[786.3,875.7],[785.6,873.0],[787.4,871.8],[786.0,869.7],[786.9,866.8],[783.4,862.8],[781.2,857.0],[781.3,855.0],[779.7,854.2],[777.6,850.4],[775.2,852.3],[775.3,856.3],[771.7,857.7],[772.2,858.1],[772.5,858.9]],[[833.6,1142.9],[831.0,1142.4],[831.4,1141.7],[835.7,1143.9],[833.6,1142.9]],[[812.4,1109.2],[812.6,1109.6],[812.4,1109.1],[812.4,1109.2]]],[[[812.1,1116.4],[813.1,1117.0],[813.6,1117.2],[813.0,1116.6],[812.1,1116.4]]],[[[815.4,1126.7],[816.1,1126.1],[815.4,1125.5],[814.6,1125.2],[815.4,1126.7]]],[[[816.7,1134.1],[817.2,1133.0],[816.5,1133.4],[816.7,1134.1]]],[[[812.8,1134.6],[812.5,1135.4],[814.1,1136.5],[813.4,1134.7],[814.5,1134.1],[812.3,1134.2],[812.8,1134.6]]],[[[821.4,1136.2],[819.2,1134.1],[817.8,1134.1],[819.4,1136.0],[821.7,1137.0],[821.4,1136.2]]],[[[816.1,1136.0],[815.2,1135.4],[816.2,1136.7],[816.1,1136.0]]],[[[818.2,1136.5],[817.0,1135.5],[816.3,1136.0],[818.7,1137.3],[818.2,1136.5]]],[[[817.6,1138.2],[819.3,1138.4],[819.4,1139.2],[821.4,1138.5],[818.7,1136.1],[819.4,1137.7],[817.1,1137.3],[817.6,1138.2]]],[[[822.7,1140.1],[823.2,1139.9],[822.1,1138.6],[821.3,1137.8],[822.7,1140.1]]],[[[820.4,1139.2],[821.7,1140.0],[820.3,1138.9],[820.4,1139.2]]],[[[824.7,1141.4],[825.0,1140.4],[824.1,1140.6],[824.7,1141.4]]],[[[826.5,1140.8],[825.7,1140.4],[826.6,1141.4],[826.5,1140.8]]],[[[819.2,1142.2],[820.7,1142.0],[820.7,1141.1],[821.5,1141.6],[819.9,1140.0],[818.7,1141.0],[819.4,1141.5],[819.2,1142.2]]],[[[823.3,1140.9],[824.7,1142.0],[823.8,1140.9],[823.3,1140.9]]],[[[818.4,1142.9],[818.4,1141.0],[817.2,1140.6],[817.3,1142.5],[818.2,1143.3],[818.4,1142.9]]],[[[825.6,1143.8],[826.7,1144.8],[827.3,1144.5],[825.3,1142.8],[825.6,1143.8]]],[[[828.1,1144.4],[827.6,1144.2],[826.9,1144.0],[828.4,1145.0],[828.1,1144.4]]],[[[820.5,1145.2],[819.8,1144.2],[820.4,1145.5],[820.5,1145.2]]],[[[825.9,1145.2],[823.5,1144.3],[826.5,1146.2],[826.3,1145.7],[825.9,1145.2]]],[[[820.9,1145.8],[822.0,1147.5],[822.0,1145.0],[820.7,1143.9],[821.0,1145.4],[820.9,1145.8]]],[[[828.6,1145.9],[829.1,1146.6],[829.4,1146.3],[829.2,1146.0],[828.6,1145.9]]],[[[823.1,1146.7],[822.2,1145.5],[822.7,1147.7],[823.1,1146.7]]],[[[823.4,1147.1],[824.2,1146.7],[824.5,1146.3],[823.7,1146.4],[823.4,1147.1]]],[[[829.7,1147.1],[826.9,1146.0],[830.5,1148.4],[830.2,1147.7],[829.7,1147.1]]],[[[828.8,1148.0],[829.4,1148.2],[829.6,1148.3],[829.5,1147.8],[828.8,1148.0]]],[[[826.7,1147.9],[828.5,1149.8],[829.5,1149.1],[827.1,1147.6],[825.8,1147.8],[826.7,1147.9]]],[[[824.3,1148.6],[822.8,1148.4],[824.5,1148.8],[824.3,1148.6]]],[[[830.5,1149.8],[831.0,1149.6],[830.1,1148.7],[828.2,1148.2],[830.5,1149.8]]],[[[832.0,1151.7],[831.6,1150.4],[830.5,1150.2],[831.8,1152.2],[832.0,1151.7]]],[[[834.3,1146.7],[834.4,1145.7],[833.8,1147.0],[834.3,1146.7]]],[[[834.3,1153.9],[835.7,1154.5],[834.9,1153.7],[833.4,1154.0],[834.3,1153.9]]],[[[826.2,1152.9],[836.3,1157.5],[838.9,1157.5],[827.5,1153.0],[826.2,1152.9]]],[[[832.0,1157.5],[832.5,1157.1],[832.8,1156.9],[832.1,1157.0],[832.0,1157.5]]],[[[837.5,1158.2],[836.4,1158.2],[837.0,1158.9],[835.4,1158.6],[837.7,1158.7],[837.5,1158.2]]],[[[835.6,1159.7],[836.1,1159.0],[835.3,1159.0],[835.3,1159.2],[835.6,1159.7]]],[[[853.1,1167.0],[853.6,1167.8],[851.3,1167.0],[852.5,1168.5],[855.8,1168.2],[855.8,1167.4],[857.4,1168.7],[858.0,1168.0],[858.7,1169.4],[861.7,1168.7],[860.4,1169.9],[863.5,1169.1],[863.6,1169.8],[865.7,1169.9],[865.2,1169.0],[869.6,1170.5],[866.9,1170.6],[867.1,1171.6],[873.7,1170.3],[872.3,1169.4],[874.5,1170.4],[865.7,1152.2],[864.5,1151.4],[862.0,1152.0],[859.6,1150.6],[858.3,1153.3],[854.7,1152.9],[856.9,1154.2],[856.5,1155.0],[855.3,1154.6],[856.0,1157.0],[857.7,1158.2],[863.3,1157.6],[863.8,1159.1],[860.5,1160.9],[860.6,1162.4],[862.7,1164.0],[870.5,1166.9],[868.6,1167.9],[867.7,1166.1],[864.2,1165.7],[865.4,1167.0],[863.4,1165.5],[862.4,1165.5],[862.7,1166.4],[859.7,1165.0],[858.1,1162.7],[859.5,1162.8],[856.9,1159.9],[857.3,1162.0],[855.8,1162.1],[858.7,1164.7],[857.0,1164.6],[863.5,1167.6],[859.8,1166.6],[860.4,1168.0],[859.9,1168.0],[858.6,1165.7],[857.6,1166.9],[852.6,1166.9],[853.1,1167.0]]],[[[838.1,1159.0],[841.1,1160.4],[838.4,1159.7],[837.4,1160.3],[839.6,1160.8],[840.9,1163.0],[843.3,1161.8],[844.4,1162.0],[843.7,1162.8],[844.5,1163.3],[843.0,1163.8],[844.5,1164.2],[847.1,1163.0],[846.5,1162.2],[847.2,1161.9],[846.9,1161.3],[844.1,1159.6],[843.3,1160.3],[842.1,1159.3],[841.8,1160.0],[839.6,1158.2],[839.6,1159.0],[838.1,1159.0]]],[[[840.7,1163.6],[841.6,1164.2],[841.2,1163.4],[840.1,1163.7],[840.7,1163.6]]],[[[850.8,1164.1],[851.8,1164.1],[851.1,1162.6],[849.4,1162.1],[847.7,1163.0],[851.4,1165.7],[850.3,1163.7],[850.8,1164.1]]],[[[859.8,1164.0],[860.5,1164.3],[860.5,1163.6],[860.2,1163.6],[859.8,1164.0]]],[[[853.1,1162.9],[851.3,1162.9],[853.0,1165.0],[853.6,1164.0],[855.1,1165.8],[856.7,1165.2],[853.9,1163.2],[853.1,1162.9]]],[[[847.5,1163.7],[846.8,1164.8],[847.5,1165.1],[848.1,1163.9],[847.5,1163.7]]],[[[860.0,1164.9],[861.4,1165.3],[860.5,1164.7],[860.0,1164.9]]],[[[847.4,1166.0],[848.1,1166.6],[848.9,1166.0],[848.0,1165.8],[847.4,1166.0]]],[[[850.3,1166.1],[850.1,1166.0],[849.5,1166.2],[850.2,1166.7],[850.3,1166.1]]],[[[862.7,1169.9],[861.7,1170.1],[861.2,1170.4],[862.0,1170.4],[862.7,1169.9]]],[[[859.4,1170.9],[859.6,1170.3],[856.7,1170.1],[857.2,1170.8],[858.8,1170.4],[859.4,1170.9]]],[[[885.7,1171.7],[886.1,1171.8],[886.8,1171.8],[885.4,1171.2],[885.7,1171.7]]],[[[864.1,1172.3],[865.1,1172.2],[862.3,1171.3],[863.6,1170.4],[859.8,1170.9],[863.9,1172.9],[864.1,1172.3]]],[[[881.0,1173.6],[882.6,1173.7],[882.9,1173.0],[884.7,1174.1],[885.5,1172.4],[880.8,1170.6],[877.0,1171.5],[877.9,1171.6],[879.1,1173.1],[881.4,1173.5],[881.0,1173.6]]],[[[889.6,1173.1],[889.3,1172.8],[888.8,1172.9],[889.3,1173.6],[889.6,1173.1]]],[[[886.9,1173.2],[886.3,1173.7],[887.7,1173.9],[887.2,1173.2],[886.9,1173.2]]],[[[867.7,1172.9],[869.8,1173.1],[871.1,1174.7],[873.3,1174.8],[871.2,1173.2],[871.8,1172.8],[871.0,1172.4],[871.7,1172.4],[874.7,1173.6],[875.2,1175.0],[879.1,1175.3],[881.6,1176.6],[879.6,1174.7],[875.9,1173.4],[878.6,1173.4],[872.9,1171.6],[876.6,1171.9],[875.9,1170.8],[866.9,1172.3],[867.7,1172.9]]],[[[867.2,1173.9],[867.4,1174.1],[868.0,1174.3],[867.7,1173.7],[867.2,1173.9]]],[[[883.4,1176.3],[883.9,1175.7],[883.2,1175.6],[883.2,1175.8],[883.4,1176.3]]],[[[885.1,1177.3],[886.6,1177.7],[885.6,1176.5],[885.1,1177.3]]],[[[885.3,1178.6],[885.4,1178.1],[883.9,1178.3],[884.5,1178.3],[885.3,1178.6]]]]},"type":"Feature","properties":{"status":"nogroup","iso2":"CL","name":"Chile","id":"Chile"}},{"geometry":{"type":"MultiPolygon","coordinates":[[[[1907.0,620.3],[1908.4,621.4],[1907.3,620.3],[1907.0,620.3]]],[[[1907.9,632.5],[1909.5,642.9],[1912.5,647.4],[1914.7,647.7],[1918.1,646.5],[1923.3,642.3],[1924.3,639.2],[1924.2,636.0],[1919.6,625.4],[1918.1,625.2],[1918.0,623.5],[1913.6,617.0],[1911.0,614.6],[1910.0,614.3],[1912.1,616.1],[1909.1,614.1],[1908.1,614.6],[1913.3,617.3],[1909.8,616.4],[1908.3,623.9],[1908.1,629.9],[1907.5,627.2],[1907.1,629.7],[1907.9,632.5]]]]},"type":"Feature","properties":{"status":"nogroup","iso2":"LK","name":"Sri Lanka","id":"Sri Lanka"}},{"geometry":{"type":"Polygon","coordinates":[[[1555.1,425.7],[1553.3,427.9],[1555.2,425.7],[1553.7,428.8],[1559.4,443.9],[1562.3,431.0],[1562.7,422.6],[1562.2,426.5],[1558.7,427.6],[1558.5,426.3],[1560.3,423.9],[1558.5,423.5],[1558.2,420.5],[1559.6,417.5],[1562.5,419.0],[1562.9,413.0],[1562.2,411.0],[1561.1,412.7],[1558.5,412.8],[1555.9,423.9],[1555.1,425.7]]]},"type":"Feature","properties":{"status":"normal","iso2":"IL","name":"Israel","id":"Israel"}},{"geometry":{"type":"MultiPolygon","coordinates":[[[[1479.9,347.9],[1480.0,346.7],[1478.8,346.4],[1479.3,348.2],[1479.9,347.9]]],[[[1446.3,357.1],[1446.0,355.2],[1444.7,354.9],[1445.8,357.3],[1447.9,358.3],[1446.6,357.5],[1446.3,357.1]]],[[[1473.6,360.7],[1473.3,360.4],[1472.8,360.4],[1473.5,361.1],[1473.6,360.7]]],[[[1448.2,356.5],[1449.2,358.8],[1452.6,362.0],[1453.7,361.0],[1455.5,361.8],[1452.5,362.6],[1454.8,365.3],[1455.7,367.7],[1457.0,366.3],[1458.8,367.5],[1464.0,367.4],[1464.6,366.5],[1465.9,367.8],[1466.4,367.4],[1470.2,368.8],[1467.9,370.7],[1460.8,367.3],[1457.5,369.0],[1455.6,371.1],[1459.7,375.3],[1459.5,378.5],[1460.5,380.3],[1461.8,380.9],[1461.9,379.2],[1462.9,378.8],[1465.6,383.4],[1467.2,380.4],[1470.8,383.7],[1467.2,374.0],[1469.7,375.0],[1470.5,376.2],[1472.5,375.3],[1469.0,371.1],[1472.0,370.3],[1471.9,371.2],[1472.5,370.4],[1473.2,370.6],[1476.4,373.3],[1476.2,368.9],[1475.6,367.9],[1470.7,365.5],[1470.4,364.5],[1469.3,364.6],[1465.6,362.6],[1467.4,362.5],[1468.9,361.4],[1467.5,360.4],[1467.7,358.6],[1469.5,359.4],[1469.0,360.9],[1470.3,359.8],[1465.8,353.2],[1465.2,349.2],[1467.4,347.8],[1466.7,349.0],[1469.7,351.0],[1471.3,353.5],[1473.0,353.6],[1471.0,352.0],[1470.9,350.7],[1475.1,353.1],[1473.2,349.9],[1477.8,351.8],[1475.5,349.4],[1473.8,349.3],[1473.1,346.5],[1475.4,346.7],[1477.7,344.9],[1479.9,345.8],[1482.1,344.7],[1488.0,345.9],[1489.0,346.7],[1490.8,345.2],[1491.3,342.2],[1492.8,341.2],[1492.4,339.6],[1491.5,338.7],[1489.1,338.3],[1489.1,341.4],[1483.7,342.1],[1479.6,341.3],[1478.0,339.7],[1476.7,339.5],[1472.6,341.4],[1466.3,341.6],[1465.0,343.0],[1461.6,343.1],[1457.5,345.1],[1453.4,345.5],[1454.0,348.1],[1449.4,353.2],[1449.9,354.7],[1449.2,354.8],[1449.2,355.6],[1447.5,355.9],[1448.2,356.5]]],[[[1478.8,362.5],[1480.3,363.7],[1478.8,362.0],[1478.8,362.5]]],[[[1451.8,363.2],[1451.4,364.5],[1452.0,365.1],[1452.2,363.1],[1451.8,363.2]]],[[[1473.5,366.7],[1476.0,366.9],[1478.1,369.6],[1480.1,370.2],[1477.6,367.9],[1476.4,364.6],[1473.0,363.7],[1470.5,361.4],[1468.1,363.1],[1471.1,363.7],[1473.0,366.3],[1473.5,366.7]]],[[[1451.2,369.2],[1453.3,369.5],[1451.2,366.3],[1450.0,368.3],[1450.2,369.0],[1451.0,368.6],[1451.2,369.2]]],[[[1481.7,370.4],[1481.0,370.9],[1483.0,373.0],[1483.1,371.9],[1482.0,370.9],[1481.7,370.4]]],[[[1454.0,372.5],[1452.2,371.3],[1453.7,373.3],[1454.0,372.5]]],[[[1472.8,372.6],[1472.7,372.3],[1472.0,372.3],[1472.5,373.1],[1472.8,372.6]]],[[[1478.3,374.4],[1478.9,373.1],[1478.2,373.8],[1478.3,374.4]]],[[[1481.2,379.0],[1481.6,379.7],[1482.0,379.3],[1481.8,379.1],[1481.2,379.0]]],[[[1479.0,382.0],[1480.5,381.0],[1479.0,381.2],[1479.0,382.0]]],[[[1469.0,384.7],[1469.5,386.2],[1469.9,385.2],[1469.3,384.3],[1469.0,384.7]]],[[[1474.8,391.9],[1474.1,391.5],[1474.3,394.1],[1481.5,395.0],[1483.8,396.8],[1492.7,396.0],[1493.7,395.3],[1493.1,394.1],[1489.8,394.9],[1489.2,393.3],[1483.0,392.6],[1479.5,393.0],[1477.8,391.9],[1478.4,391.2],[1476.1,391.5],[1475.1,390.4],[1475.0,391.5],[1474.8,391.9]]],[[[1486.4,348.8],[1485.3,348.8],[1485.7,349.4],[1486.4,349.6],[1486.4,348.8]]],[[[1482.6,354.1],[1484.8,354.5],[1485.2,353.0],[1482.8,353.1],[1482.6,354.1]]],[[[1492.9,361.7],[1494.0,361.5],[1492.1,359.1],[1488.7,359.7],[1489.4,360.6],[1491.2,360.6],[1490.5,361.1],[1492.7,362.0],[1492.9,361.7]]],[[[1489.6,366.5],[1490.2,369.0],[1490.9,365.9],[1489.6,365.2],[1488.8,365.8],[1489.3,366.1],[1489.6,366.5]]],[[[1496.2,373.4],[1497.6,372.2],[1494.6,372.3],[1495.4,373.0],[1496.2,373.4]]],[[[1483.5,373.6],[1485.0,374.2],[1483.3,373.1],[1483.5,373.6]]],[[[1491.1,374.4],[1492.9,373.0],[1490.4,374.5],[1491.1,374.4]]],[[[1485.9,375.4],[1486.4,374.8],[1485.7,374.6],[1485.6,374.9],[1485.9,375.4]]],[[[1485.3,378.8],[1485.1,377.7],[1484.6,378.5],[1485.0,379.1],[1485.3,378.8]]],[[[1487.2,379.3],[1487.4,377.4],[1486.2,378.3],[1486.9,379.6],[1487.2,379.3]]],[[[1497.7,379.6],[1498.2,378.9],[1497.5,378.8],[1497.4,379.1],[1497.7,379.6]]],[[[1489.4,380.9],[1490.7,380.1],[1491.3,379.8],[1490.1,380.1],[1489.4,380.9]]],[[[1498.2,381.1],[1500.4,379.9],[1498.0,380.5],[1497.9,381.7],[1498.2,381.1]]],[[[1486.5,381.6],[1486.2,381.3],[1485.6,381.4],[1486.4,382.0],[1486.5,381.6]]],[[[1505.5,387.1],[1506.9,383.7],[1503.6,385.8],[1504.2,388.3],[1505.0,387.6],[1505.5,387.1]]],[[[1500.1,392.0],[1500.0,389.1],[1499.7,392.7],[1500.1,392.0]]]]},"type":"Feature","properties":{"status":"normal","iso2":"GR","name":"Greece","id":"Greece"}},{"geometry":{"type":"MultiPolygon","coordinates":[[[[609.1,696.7],[609.3,696.0],[608.7,696.0],[609.1,696.7]]],[[[608.4,701.8],[607.7,700.7],[606.1,700.6],[608.2,702.3],[608.4,701.8]]],[[[601.7,703.1],[602.0,701.7],[600.6,701.4],[601.3,703.3],[601.7,703.1]]],[[[601.1,699.1],[604.2,704.4],[602.1,705.6],[601.7,707.1],[603.1,707.9],[605.3,707.5],[606.8,705.8],[605.4,702.7],[602.8,698.8],[600.5,698.9],[601.1,699.1]]],[[[610.9,705.3],[610.9,703.5],[609.4,703.5],[608.8,704.6],[610.2,705.7],[610.9,705.3]]],[[[616.4,707.3],[618.0,706.0],[618.0,704.9],[616.3,706.3],[616.3,707.2],[616.4,707.3]]],[[[609.5,710.6],[610.0,710.0],[609.4,709.7],[609.3,710.6],[609.5,710.6]]],[[[682.2,718.4],[687.4,722.6],[689.4,719.1],[690.0,720.4],[689.3,721.0],[690.1,721.0],[690.2,717.4],[691.1,716.4],[690.5,718.3],[691.2,721.7],[690.1,725.7],[689.2,727.3],[687.0,728.2],[688.5,732.4],[686.2,734.0],[687.0,735.7],[686.4,737.1],[689.1,736.2],[691.1,737.7],[692.9,737.7],[695.1,741.4],[697.4,741.8],[700.0,737.8],[702.4,729.2],[702.9,728.7],[703.2,729.3],[705.0,725.9],[707.0,724.3],[715.0,721.1],[721.1,714.9],[724.3,706.9],[725.7,707.4],[725.1,703.5],[722.6,699.9],[725.1,700.0],[721.4,698.2],[718.2,695.5],[716.7,695.7],[716.3,697.0],[709.8,695.8],[707.0,692.0],[703.1,690.6],[698.3,686.6],[696.9,689.3],[695.5,689.0],[692.0,691.2],[690.9,690.9],[688.5,692.3],[688.7,697.5],[685.6,702.4],[686.0,703.8],[687.1,704.4],[685.6,704.7],[684.7,706.5],[682.4,707.6],[683.4,710.4],[682.8,712.8],[683.6,716.0],[683.2,717.5],[682.1,717.9],[682.2,718.4]]],[[[690.5,721.8],[690.7,721.0],[690.5,720.4],[690.3,721.1],[690.5,721.8]]],[[[688.9,722.2],[687.4,723.5],[687.9,725.2],[690.2,722.5],[689.4,722.1],[688.9,722.2]]]]},"type":"Feature","properties":{"status":"nogroup","iso2":"EC","name":"Ecuador","id":"Ecuador"}},{"geometry":{"type":"MultiPolygon","coordinates":[[[[1273.0,104.7],[1278.3,103.3],[1279.1,102.3],[1273.4,104.2],[1273.0,104.7]]],[[[1382.2,147.9],[1381.4,148.4],[1383.0,147.9],[1382.2,147.9]]],[[[1382.1,148.3],[1384.3,148.2],[1382.8,148.1],[1382.1,148.3]]],[[[1384.4,149.9],[1383.6,150.0],[1384.4,150.6],[1384.4,149.9]]],[[[1384.1,151.4],[1385.0,151.4],[1383.4,150.4],[1383.7,151.2],[1384.1,151.4]]],[[[1367.0,157.6],[1369.9,157.2],[1369.0,157.0],[1367.0,157.6]]],[[[1368.4,159.7],[1371.5,158.3],[1369.2,158.1],[1366.9,159.3],[1367.5,159.6],[1368.4,159.7]]],[[[1365.5,159.5],[1363.8,160.1],[1366.1,160.1],[1365.5,159.5]]],[[[1364.6,161.6],[1366.1,161.6],[1365.4,161.2],[1365.0,161.3],[1364.6,161.6]]],[[[1361.8,163.0],[1363.3,162.7],[1362.6,162.0],[1362.5,162.7],[1361.7,162.4],[1361.8,163.0]]],[[[1353.0,167.5],[1352.3,167.4],[1352.2,168.8],[1352.9,168.1],[1353.0,167.5]]],[[[1351.8,168.4],[1350.3,168.3],[1351.3,169.0],[1351.8,168.4]]],[[[1347.6,170.6],[1346.8,170.6],[1347.6,171.1],[1347.6,170.6]]],[[[1346.7,177.6],[1345.9,176.9],[1345.9,177.6],[1346.1,177.8],[1346.7,177.6]]],[[[1347.0,183.7],[1346.1,183.0],[1346.3,184.5],[1347.0,184.2],[1347.0,183.7]]],[[[1349.9,186.1],[1348.5,186.6],[1349.8,186.9],[1350.3,186.1],[1349.9,186.1]]],[[[1348.1,187.4],[1349.3,188.4],[1348.3,186.7],[1348.1,187.4]]],[[[1347.1,188.2],[1347.1,189.5],[1348.3,188.9],[1347.3,187.9],[1347.1,188.2]]],[[[1347.1,192.4],[1347.7,193.2],[1347.4,191.2],[1347.1,192.4]]],[[[1407.5,118.3],[1409.9,117.2],[1410.9,115.8],[1408.6,116.3],[1407.0,118.2],[1407.5,118.3]]],[[[1404.3,118.2],[1404.0,118.2],[1403.5,118.6],[1404.3,118.6],[1404.3,118.2]]],[[[1404.0,120.8],[1406.9,119.9],[1406.3,118.6],[1404.9,117.7],[1404.7,119.2],[1403.6,118.9],[1401.3,120.2],[1405.1,119.8],[1403.6,120.2],[1404.0,120.8]]],[[[1405.9,122.4],[1407.6,121.8],[1406.9,122.6],[1408.4,122.8],[1409.6,121.5],[1409.8,122.3],[1410.9,121.1],[1413.0,120.8],[1413.5,119.4],[1411.7,118.7],[1408.9,121.0],[1410.0,119.2],[1409.2,119.6],[1409.5,118.3],[1408.5,118.0],[1408.1,119.8],[1405.8,120.9],[1405.2,122.9],[1405.9,122.4]]],[[[1403.6,121.4],[1404.4,121.0],[1402.4,121.0],[1403.2,121.4],[1403.6,121.4]]],[[[1412.3,121.9],[1411.5,121.2],[1410.9,121.7],[1411.7,122.1],[1412.3,121.9]]],[[[1402.4,123.5],[1405.2,121.6],[1403.7,122.3],[1402.8,121.8],[1400.7,123.3],[1401.5,123.5],[1402.4,123.5]]],[[[1400.4,122.7],[1400.2,122.6],[1399.7,122.5],[1400.3,123.1],[1400.4,122.7]]],[[[1396.9,123.9],[1396.4,124.6],[1400.1,123.1],[1398.6,122.6],[1396.5,123.5],[1396.9,123.9]]],[[[1395.3,124.9],[1396.2,124.1],[1395.0,124.2],[1394.8,124.9],[1395.3,124.9]]],[[[1408.3,124.8],[1407.6,125.1],[1408.6,125.1],[1409.8,124.9],[1408.3,124.8]]],[[[1393.8,124.7],[1392.9,125.7],[1394.0,125.6],[1394.4,124.3],[1393.8,124.7]]],[[[1404.6,125.7],[1406.1,125.4],[1404.9,125.3],[1404.6,125.7]]],[[[1400.2,131.9],[1400.7,131.3],[1399.9,131.3],[1400.2,131.9]]],[[[1390.9,138.7],[1391.2,139.5],[1392.1,139.2],[1391.1,138.6],[1390.9,138.7]]],[[[1390.5,140.9],[1393.1,140.1],[1390.9,140.3],[1390.5,140.9]]],[[[1387.1,142.7],[1388.1,142.9],[1387.9,142.3],[1387.5,142.3],[1387.1,142.7]]],[[[1386.7,146.6],[1385.7,147.2],[1387.2,146.6],[1386.7,146.6]]],[[[1384.6,150.9],[1384.9,151.0],[1385.4,150.8],[1384.7,150.5],[1384.6,150.9]]],[[[1460.3,102.9],[1461.4,103.8],[1463.7,103.4],[1463.7,102.5],[1462.0,102.1],[1459.9,102.7],[1460.3,102.9]]],[[[1452.1,103.4],[1453.6,103.8],[1452.6,103.1],[1452.1,103.4]]],[[[1443.8,106.6],[1446.9,106.6],[1450.0,104.7],[1445.9,105.4],[1446.5,105.8],[1441.9,105.9],[1443.4,106.4],[1442.8,107.0],[1443.8,106.6]]],[[[1453.2,105.9],[1450.9,105.7],[1452.6,106.7],[1453.2,106.3],[1453.2,105.9]]],[[[1448.7,108.4],[1451.0,107.1],[1450.6,106.0],[1446.9,107.5],[1448.4,107.8],[1448.7,108.4]]],[[[1445.5,108.5],[1447.5,108.7],[1444.6,107.9],[1445.5,108.5]]],[[[1426.4,109.0],[1427.1,109.5],[1426.5,108.6],[1426.4,109.0]]],[[[1428.9,108.7],[1430.9,110.0],[1432.0,109.7],[1430.3,108.9],[1428.9,108.7]]],[[[1434.3,110.1],[1435.9,108.9],[1433.5,109.4],[1433.8,109.9],[1434.3,110.1]]],[[[1424.4,110.5],[1425.4,110.0],[1425.9,109.7],[1424.4,109.7],[1424.4,110.5]]],[[[1436.4,110.7],[1437.5,110.5],[1435.8,110.5],[1436.4,110.7]]],[[[1430.3,110.5],[1428.9,111.5],[1431.0,110.5],[1430.3,110.5]]],[[[1435.3,111.8],[1435.8,111.1],[1434.8,111.8],[1435.3,111.8]]],[[[1425.2,111.4],[1424.3,111.5],[1424.9,111.9],[1424.4,112.6],[1424.0,111.8],[1421.5,113.7],[1424.6,113.7],[1426.1,111.8],[1429.9,110.5],[1427.5,109.9],[1425.1,110.5],[1425.2,111.4]]],[[[1415.5,115.7],[1416.3,115.6],[1415.5,116.0],[1416.3,116.4],[1414.8,116.9],[1415.4,117.1],[1420.8,116.5],[1420.2,116.1],[1421.2,114.7],[1418.9,113.6],[1419.0,114.2],[1416.5,114.1],[1418.0,114.6],[1414.7,115.0],[1415.3,115.0],[1415.5,115.7]]],[[[1416.9,119.0],[1418.0,118.9],[1416.4,118.7],[1416.9,119.0]]],[[[1414.8,119.7],[1416.3,119.6],[1415.3,119.2],[1414.8,119.7]]],[[[1367.1,161.5],[1367.8,161.6],[1366.4,162.1],[1368.6,162.9],[1367.7,163.5],[1368.5,163.8],[1364.9,162.3],[1368.1,165.3],[1365.0,163.2],[1360.0,162.9],[1358.7,163.4],[1360.3,164.3],[1358.9,164.6],[1362.7,164.5],[1361.2,165.0],[1362.6,165.2],[1361.7,166.2],[1363.3,166.1],[1354.7,166.0],[1357.1,166.8],[1354.5,167.0],[1357.6,167.0],[1361.0,168.4],[1359.4,168.5],[1359.6,169.8],[1358.3,169.9],[1358.7,168.4],[1356.6,167.4],[1355.9,168.0],[1356.2,169.3],[1354.6,168.0],[1353.1,168.7],[1354.8,170.1],[1350.2,169.4],[1349.7,170.6],[1347.7,169.0],[1349.3,170.5],[1347.8,171.1],[1349.1,171.5],[1345.9,171.7],[1348.0,172.0],[1346.6,172.9],[1347.0,173.5],[1349.1,173.5],[1346.7,173.9],[1349.1,173.8],[1348.4,174.6],[1350.0,174.9],[1347.1,175.1],[1347.1,176.0],[1350.1,175.6],[1347.1,176.1],[1347.8,176.8],[1347.1,177.0],[1348.6,177.7],[1352.4,177.1],[1354.9,177.6],[1356.7,175.9],[1356.6,176.8],[1360.8,177.2],[1359.1,178.0],[1359.4,178.9],[1358.1,178.9],[1358.1,178.1],[1356.8,177.4],[1347.1,178.0],[1347.6,178.7],[1346.5,179.0],[1346.8,179.7],[1349.3,179.5],[1348.6,179.9],[1348.6,181.2],[1346.1,180.1],[1347.0,181.0],[1346.0,181.0],[1348.0,181.9],[1350.7,180.5],[1350.7,181.2],[1348.4,182.1],[1349.8,182.9],[1348.4,182.3],[1347.3,183.4],[1348.7,185.1],[1350.2,183.4],[1349.9,184.8],[1351.1,186.2],[1354.4,183.2],[1359.1,182.5],[1357.4,183.2],[1355.5,185.3],[1356.0,183.0],[1353.9,184.2],[1353.1,185.0],[1353.7,185.6],[1350.4,187.8],[1353.1,188.1],[1348.4,190.4],[1349.0,188.8],[1347.6,190.5],[1348.9,192.1],[1349.6,191.3],[1348.9,190.9],[1349.8,190.4],[1349.8,192.0],[1351.3,191.7],[1350.4,191.1],[1350.9,190.8],[1352.7,190.6],[1351.7,191.5],[1353.9,189.8],[1355.4,189.9],[1353.8,190.0],[1353.4,190.7],[1355.0,190.0],[1352.2,191.7],[1355.3,191.8],[1351.5,193.6],[1352.3,195.1],[1355.7,194.0],[1352.6,194.9],[1353.4,195.6],[1349.3,194.3],[1350.0,194.8],[1349.2,196.3],[1352.2,199.4],[1356.8,200.4],[1355.6,201.2],[1356.6,201.9],[1362.2,202.2],[1368.5,199.5],[1371.3,197.3],[1370.9,196.5],[1372.8,196.2],[1372.3,195.5],[1374.3,194.6],[1373.8,193.4],[1376.5,194.6],[1379.0,192.3],[1379.0,193.0],[1379.1,191.3],[1378.2,190.0],[1379.2,189.5],[1380.0,190.0],[1380.4,187.2],[1381.2,187.7],[1380.4,189.1],[1381.2,192.1],[1384.6,193.7],[1385.9,195.2],[1386.8,194.9],[1388.2,187.4],[1391.3,186.1],[1392.3,183.2],[1390.6,178.9],[1392.9,177.9],[1393.9,175.7],[1389.7,172.5],[1390.0,168.3],[1388.9,164.4],[1389.6,162.8],[1388.7,160.6],[1389.5,158.0],[1393.9,154.9],[1400.5,154.2],[1400.6,152.3],[1397.7,150.7],[1402.7,144.9],[1402.6,139.0],[1407.7,137.9],[1407.6,136.2],[1413.0,131.7],[1411.1,129.3],[1415.7,125.4],[1417.5,124.6],[1421.7,124.7],[1422.4,123.5],[1422.1,121.5],[1422.8,121.0],[1432.8,122.1],[1433.7,121.5],[1432.2,121.0],[1434.0,118.9],[1433.0,117.7],[1437.9,117.2],[1437.7,116.4],[1439.3,115.8],[1441.5,116.3],[1445.5,119.5],[1447.7,120.3],[1451.1,120.4],[1454.0,119.0],[1459.9,120.6],[1461.8,118.8],[1463.8,118.0],[1464.1,114.5],[1465.2,112.2],[1473.4,110.0],[1482.3,113.1],[1482.5,114.6],[1480.8,116.7],[1482.4,117.5],[1483.9,115.5],[1487.6,114.4],[1487.8,113.0],[1490.9,113.9],[1491.7,112.7],[1490.3,111.7],[1489.2,112.5],[1486.1,111.1],[1485.8,111.8],[1487.3,111.6],[1487.4,112.8],[1484.4,112.5],[1485.3,111.7],[1483.6,111.0],[1484.1,110.5],[1478.9,109.7],[1480.8,109.2],[1485.9,109.9],[1491.5,107.8],[1489.6,106.8],[1486.2,106.7],[1486.7,106.2],[1485.7,105.6],[1481.7,105.7],[1481.5,104.6],[1479.6,104.1],[1477.7,105.3],[1477.1,106.4],[1477.7,106.9],[1476.1,108.4],[1476.7,106.9],[1473.8,107.0],[1476.2,105.9],[1472.9,106.0],[1475.2,105.3],[1473.7,104.9],[1476.9,103.8],[1474.1,102.5],[1469.7,103.9],[1472.0,104.7],[1469.6,105.1],[1470.5,106.3],[1469.1,106.2],[1469.6,107.0],[1466.7,107.8],[1466.9,106.2],[1466.1,105.5],[1467.0,105.0],[1466.9,103.5],[1462.4,106.3],[1460.0,109.5],[1458.4,109.5],[1459.8,107.7],[1458.9,106.9],[1462.9,104.1],[1459.8,103.7],[1460.1,104.5],[1457.2,103.6],[1455.8,103.8],[1456.0,104.5],[1454.1,104.6],[1456.3,105.4],[1454.2,106.0],[1454.5,106.9],[1452.0,107.0],[1449.9,108.5],[1450.5,108.6],[1449.0,108.8],[1449.8,109.1],[1449.1,109.7],[1450.7,110.5],[1448.3,110.6],[1447.6,109.4],[1444.5,110.0],[1447.1,108.9],[1444.1,108.6],[1444.9,109.5],[1443.7,108.4],[1441.6,108.3],[1441.1,109.1],[1439.6,108.2],[1439.3,108.9],[1437.8,108.8],[1442.2,109.7],[1441.7,110.0],[1442.9,110.9],[1442.0,110.6],[1442.7,111.5],[1442.0,111.6],[1443.4,112.3],[1438.6,110.7],[1438.4,111.6],[1436.9,111.9],[1436.8,110.9],[1435.1,112.5],[1436.5,114.1],[1434.3,113.5],[1431.6,115.6],[1433.6,112.5],[1433.3,110.7],[1431.1,111.9],[1431.2,113.3],[1429.6,114.7],[1430.0,111.8],[1427.1,112.3],[1426.1,113.5],[1427.7,113.8],[1426.2,114.2],[1426.8,114.8],[1423.5,114.0],[1426.4,115.6],[1424.4,115.2],[1423.6,116.1],[1423.3,114.7],[1422.0,114.7],[1421.0,115.7],[1421.5,116.7],[1418.8,117.9],[1419.5,118.5],[1419.1,119.3],[1417.4,119.4],[1419.0,120.0],[1414.7,120.0],[1412.8,121.4],[1420.5,122.0],[1417.5,122.4],[1418.0,123.1],[1412.0,122.3],[1414.6,123.8],[1411.4,122.6],[1412.2,123.1],[1411.4,123.3],[1413.1,123.6],[1411.9,124.0],[1414.4,124.4],[1412.8,124.4],[1413.0,125.1],[1412.2,124.9],[1413.0,125.5],[1411.5,124.9],[1412.6,126.0],[1411.7,125.7],[1410.4,123.4],[1406.4,124.8],[1409.6,124.8],[1410.2,125.0],[1409.7,125.5],[1403.9,126.2],[1405.4,126.8],[1403.9,127.7],[1408.1,126.7],[1409.6,127.4],[1406.6,127.2],[1406.1,127.7],[1407.0,128.1],[1406.2,128.3],[1409.9,128.2],[1408.5,128.9],[1408.6,129.7],[1404.5,128.3],[1403.2,128.9],[1404.4,129.4],[1401.7,130.2],[1406.7,130.4],[1408.0,130.7],[1407.7,131.5],[1403.4,130.7],[1401.2,131.8],[1402.8,132.3],[1396.9,133.1],[1399.2,134.0],[1395.3,134.6],[1396.4,135.0],[1394.9,135.1],[1395.5,135.7],[1398.0,135.4],[1395.7,136.5],[1394.0,136.1],[1394.6,136.8],[1394.1,137.5],[1396.5,137.7],[1392.2,139.7],[1394.1,140.1],[1395.1,141.3],[1392.5,140.7],[1391.8,141.8],[1392.3,142.6],[1390.5,142.8],[1392.8,144.1],[1391.4,144.4],[1390.1,143.6],[1389.1,145.1],[1389.3,145.8],[1390.8,145.2],[1390.5,145.9],[1391.2,146.2],[1390.6,146.4],[1393.5,145.4],[1390.8,147.0],[1388.3,147.0],[1390.1,146.8],[1389.3,146.2],[1384.6,148.3],[1386.3,148.3],[1384.0,148.8],[1384.8,149.0],[1384.1,149.4],[1387.4,149.0],[1385.1,150.0],[1386.5,150.7],[1385.6,151.3],[1386.4,151.6],[1383.9,152.6],[1384.3,151.8],[1382.2,150.6],[1376.6,155.4],[1377.3,155.4],[1374.2,157.0],[1374.9,157.2],[1374.3,157.8],[1377.4,156.9],[1375.7,157.6],[1377.9,158.9],[1381.9,157.3],[1382.4,156.0],[1380.9,156.4],[1384.8,154.4],[1384.1,155.0],[1385.6,155.1],[1383.5,156.4],[1384.6,157.0],[1380.6,158.8],[1382.1,158.6],[1381.4,158.8],[1381.7,159.5],[1378.4,159.5],[1377.3,159.9],[1378.0,160.3],[1375.7,160.5],[1376.3,159.3],[1374.8,158.3],[1372.0,159.3],[1373.5,159.3],[1372.0,159.9],[1373.6,160.0],[1371.3,160.6],[1371.5,159.7],[1369.6,159.9],[1368.4,161.1],[1370.6,161.3],[1366.6,161.3],[1367.1,161.5]],[[1360.6,176.1],[1362.2,174.7],[1361.0,176.2],[1362.3,176.9],[1360.9,177.2],[1360.6,176.6],[1360.6,176.1]],[[1396.3,138.2],[1400.4,137.4],[1397.1,138.9],[1396.3,138.2]],[[1391.0,148.3],[1389.1,147.9],[1390.6,148.1],[1391.0,148.3]],[[1377.2,155.7],[1378.1,155.9],[1376.7,155.8],[1377.2,155.7]],[[1364.9,164.7],[1365.8,165.2],[1364.6,164.9],[1363.4,165.0],[1364.9,164.7]],[[1350.3,171.5],[1354.9,171.8],[1352.5,172.5],[1352.6,171.9],[1351.2,171.9],[1350.3,171.5]],[[1355.6,171.7],[1357.0,171.7],[1357.4,171.8],[1355.6,171.7]],[[1350.1,174.9],[1351.4,174.8],[1350.4,174.9],[1350.1,174.9]],[[1427.2,114.9],[1428.8,115.2],[1428.2,116.0],[1428.1,115.3],[1427.2,114.9]]]]},"type":"Feature","properties":{"status":"normal","iso2":"NO","name":"Norway","id":"Norway"}},{"geometry":{"type":"MultiPolygon","coordinates":[[[[1427.3,39.8],[1428.0,39.5],[1425.8,39.3],[1427.3,39.8]]],[[[1416.3,42.2],[1416.9,41.7],[1415.6,41.5],[1414.7,41.9],[1416.3,42.2]]],[[[1381.2,45.2],[1380.2,44.9],[1379.6,45.1],[1381.2,45.2]]],[[[1422.8,47.6],[1425.1,47.5],[1423.8,47.3],[1422.8,47.6]]],[[[1426.3,49.8],[1428.5,49.3],[1425.5,49.5],[1426.3,49.8]]],[[[1385.7,53.5],[1383.0,52.6],[1380.7,50.6],[1379.2,50.6],[1381.2,52.6],[1387.1,54.6],[1385.7,53.5]]],[[[1381.4,46.2],[1380.0,46.5],[1382.6,49.0],[1384.8,48.5],[1384.2,47.8],[1386.5,48.5],[1384.8,49.3],[1386.3,50.1],[1382.5,50.1],[1385.3,52.2],[1390.4,52.8],[1387.1,53.2],[1390.6,54.6],[1394.6,54.5],[1398.8,53.5],[1397.3,52.8],[1397.6,51.7],[1400.7,51.9],[1401.7,50.8],[1402.4,51.7],[1401.5,52.4],[1402.8,53.1],[1409.3,51.9],[1407.1,53.2],[1411.2,53.4],[1405.5,53.6],[1396.4,55.5],[1397.1,56.2],[1394.4,55.6],[1393.2,56.4],[1396.2,57.7],[1410.5,56.5],[1410.3,57.3],[1399.2,58.2],[1406.9,59.6],[1401.3,58.8],[1395.6,59.2],[1396.6,60.6],[1399.3,61.6],[1408.5,62.5],[1403.7,63.2],[1408.7,65.2],[1411.3,64.5],[1410.8,63.6],[1412.4,62.8],[1412.1,62.1],[1413.8,60.1],[1417.2,58.7],[1417.5,56.2],[1420.8,55.2],[1420.0,54.8],[1420.6,54.4],[1420.2,53.1],[1430.6,51.9],[1432.2,50.7],[1417.9,48.0],[1418.6,47.2],[1416.3,45.9],[1413.5,47.0],[1413.1,46.1],[1414.3,45.0],[1406.5,43.4],[1404.6,44.9],[1408.2,50.3],[1404.4,48.8],[1403.5,46.9],[1399.8,44.9],[1395.9,46.4],[1396.2,48.0],[1392.4,46.8],[1392.8,46.0],[1388.8,46.1],[1395.7,45.1],[1394.6,44.3],[1387.1,44.7],[1386.8,45.5],[1384.5,44.5],[1382.7,45.2],[1383.2,45.8],[1380.9,46.1],[1381.4,46.2]]],[[[1423.4,80.0],[1424.2,79.0],[1421.9,79.1],[1423.4,80.0]]],[[[1478.8,43.1],[1488.2,42.3],[1480.5,42.5],[1478.8,43.1]]],[[[1461.1,42.6],[1460.4,42.9],[1461.9,42.7],[1461.1,42.6]]],[[[1414.9,44.2],[1421.8,45.3],[1434.9,44.8],[1426.8,45.4],[1428.9,46.0],[1422.6,45.9],[1427.3,47.2],[1437.9,47.2],[1437.1,47.7],[1441.7,48.9],[1450.9,47.5],[1452.7,46.7],[1452.0,46.0],[1458.2,44.4],[1456.0,42.6],[1443.6,41.4],[1440.6,42.7],[1438.1,42.7],[1439.2,41.3],[1436.8,40.6],[1436.6,41.4],[1435.6,41.4],[1434.8,43.7],[1431.6,42.9],[1431.9,42.4],[1427.9,42.3],[1423.2,40.7],[1421.5,40.9],[1423.1,41.4],[1422.1,42.0],[1419.2,41.6],[1421.4,42.6],[1420.7,43.0],[1413.5,42.6],[1418.2,43.4],[1417.3,43.6],[1414.9,44.2]]],[[[1465.6,50.6],[1471.2,50.3],[1465.7,49.9],[1463.3,50.8],[1464.2,50.8],[1465.6,50.6]]],[[[1457.9,52.1],[1458.6,51.6],[1457.1,51.1],[1456.4,51.4],[1457.9,52.1]]],[[[1425.8,53.0],[1430.6,54.7],[1435.0,54.4],[1436.3,53.6],[1434.1,52.2],[1429.2,52.2],[1425.8,53.0]]],[[[1432.0,59.6],[1439.4,58.8],[1437.9,60.1],[1439.4,60.7],[1449.4,57.7],[1447.3,56.8],[1444.1,56.9],[1441.0,56.0],[1442.5,55.0],[1441.0,54.6],[1433.2,54.8],[1430.1,55.2],[1433.1,56.3],[1432.1,58.2],[1430.2,59.4],[1432.0,59.6]]]]},"type":"Feature","properties":{"status":"nogroup","iso2":"SJ","name":"Svalbard","id":"Svalbard"}},{"geometry":{"type":"Polygon","coordinates":[[[1500.7,284.9],[1500.3,283.9],[1497.8,283.2],[1494.7,280.8],[1489.4,281.6],[1488.1,282.7],[1490.9,284.1],[1499.3,295.3],[1500.0,297.5],[1499.6,302.9],[1500.9,306.5],[1502.7,305.7],[1505.1,301.4],[1506.1,297.5],[1506.7,297.2],[1507.2,298.5],[1508.2,297.8],[1511.5,298.7],[1512.9,298.3],[1507.0,295.1],[1505.2,292.6],[1503.2,286.6],[1501.5,285.7],[1500.7,284.9]]]},"type":"Feature","properties":{"status":"nogroup","iso2":"MD","name":"Moldova","id":"Moldova"}},{"geometry":{"type":"Polygon","coordinates":[[[1500.5,284.4],[1503.2,286.6],[1505.2,292.6],[1507.0,295.1],[1511.7,297.0],[1511.0,294.5],[1508.2,293.0],[1508.5,290.9],[1507.4,290.7],[1504.7,285.2],[1500.9,283.7],[1500.5,284.4]]]},"type":"Feature","properties":{"status":"nogroup","iso2":"","name":"Transnistria","id":"Transnistria"}},{"geometry":{"type":"MultiPolygon","coordinates":[[[[1462.5,276.4],[1460.1,275.7],[1457.9,281.3],[1462.8,284.3],[1463.2,285.3],[1465.3,284.3],[1470.7,285.5],[1473.7,285.3],[1477.4,287.1],[1480.1,285.5],[1485.0,284.9],[1486.2,283.3],[1488.8,282.6],[1489.4,281.7],[1494.6,280.8],[1498.1,283.4],[1500.6,284.4],[1501.6,283.7],[1504.7,285.2],[1507.5,290.8],[1508.4,290.9],[1508.3,292.9],[1511.1,294.7],[1511.9,296.2],[1511.3,297.1],[1512.9,298.2],[1511.7,298.7],[1508.2,297.8],[1507.3,298.5],[1506.8,297.2],[1505.4,297.9],[1505.0,301.7],[1502.6,305.4],[1500.9,306.3],[1503.9,308.2],[1509.3,306.6],[1511.2,308.4],[1511.6,307.3],[1510.5,306.1],[1511.0,305.3],[1510.1,305.3],[1510.4,304.2],[1511.3,304.6],[1513.5,302.9],[1512.7,304.2],[1515.5,301.4],[1513.2,298.8],[1514.5,299.1],[1515.7,301.1],[1518.2,297.1],[1521.5,296.6],[1522.7,295.1],[1522.6,296.6],[1524.7,296.4],[1525.0,294.4],[1526.4,296.7],[1530.0,296.3],[1526.4,297.7],[1522.5,297.0],[1525.8,298.3],[1524.4,299.2],[1529.2,300.8],[1534.1,300.6],[1536.1,301.2],[1537.5,299.9],[1540.4,300.3],[1540.7,299.4],[1541.9,300.9],[1542.2,300.2],[1543.4,300.4],[1542.7,301.2],[1543.2,302.1],[1544.5,300.4],[1544.6,301.5],[1546.1,302.9],[1545.6,300.0],[1547.4,298.9],[1547.3,297.8],[1548.3,298.7],[1546.5,301.2],[1551.4,296.6],[1556.5,295.3],[1558.1,296.0],[1559.0,294.6],[1562.8,292.8],[1566.9,292.7],[1566.6,288.9],[1569.5,287.5],[1570.3,286.1],[1576.8,285.4],[1577.5,283.0],[1576.2,281.9],[1576.8,281.3],[1575.1,279.3],[1577.0,278.2],[1575.0,276.6],[1577.0,275.0],[1576.9,271.3],[1574.6,271.6],[1570.1,269.0],[1568.1,269.3],[1564.1,267.8],[1562.4,268.9],[1557.7,264.4],[1552.5,266.2],[1548.7,264.4],[1545.7,264.8],[1543.3,259.4],[1540.8,258.0],[1535.6,257.5],[1534.5,254.3],[1536.5,253.4],[1531.6,248.5],[1522.3,248.6],[1521.0,250.8],[1513.6,250.9],[1511.5,253.5],[1511.4,257.4],[1508.8,255.7],[1503.9,256.5],[1501.1,254.7],[1499.9,255.2],[1499.6,256.3],[1498.4,255.0],[1493.7,254.7],[1493.2,255.4],[1489.9,254.6],[1488.1,253.3],[1480.5,252.0],[1471.7,252.2],[1468.5,254.6],[1466.0,254.4],[1465.6,255.4],[1466.5,257.7],[1469.7,260.9],[1468.5,261.5],[1469.5,263.1],[1461.4,270.9],[1461.5,275.1],[1462.4,275.9],[1462.5,276.4]]],[[[1568.2,288.3],[1567.5,288.6],[1567.2,289.0],[1568.2,288.3]]]]},"type":"Feature","properties":{"status":"normal","iso2":"UA","name":"Ukraine","id":"Ukraine"}},{"geometry":{"type":"MultiPolygon","coordinates":[[[[1602.7,563.2],[1604.0,564.1],[1606.4,564.2],[1604.3,563.4],[1603.5,561.6],[1603.0,563.4],[1602.7,563.2]]],[[[1576.4,567.9],[1577.1,576.9],[1578.0,575.4],[1581.1,575.4],[1582.7,574.3],[1585.2,577.0],[1587.6,570.2],[1592.2,574.0],[1594.6,573.8],[1596.2,571.9],[1597.7,574.1],[1599.2,573.4],[1604.9,574.2],[1610.0,577.0],[1613.3,581.7],[1616.1,583.6],[1620.9,589.4],[1621.7,591.7],[1623.0,591.3],[1625.2,591.9],[1625.8,590.4],[1627.7,589.0],[1626.9,587.6],[1625.8,587.9],[1622.0,584.3],[1620.9,581.3],[1616.4,578.0],[1612.4,572.7],[1609.7,571.7],[1607.6,569.5],[1604.9,569.6],[1602.5,565.3],[1601.7,565.4],[1601.9,568.0],[1601.4,568.4],[1597.4,560.0],[1595.3,551.7],[1591.8,543.3],[1589.4,546.6],[1584.3,549.2],[1583.3,551.5],[1580.1,552.2],[1579.7,559.0],[1577.0,567.3],[1576.4,567.9]]]]},"type":"Feature","properties":{"status":"nogroup","iso2":"ER","name":"Eritrea","id":"Eritrea"}},{"geometry":{"type":"MultiPolygon","coordinates":[[[[312.0,161.7],[312.0,162.6],[312.6,161.9],[311.9,163.4],[320.9,160.6],[315.5,159.5],[313.4,160.7],[312.0,161.7]],[[317.0,161.6],[316.4,161.6],[317.1,161.5],[317.0,161.6]]],[[[298.0,187.2],[299.6,188.4],[300.8,187.5],[304.4,187.2],[307.7,183.8],[303.4,183.5],[297.4,184.7],[296.3,185.1],[296.1,186.4],[298.0,187.2]]],[[[321.4,197.3],[323.4,195.9],[318.8,197.9],[320.1,197.8],[321.4,197.3]]],[[[349.2,210.7],[345.8,212.1],[348.9,211.8],[351.0,210.6],[350.2,210.1],[353.4,209.5],[352.7,210.5],[356.5,209.4],[355.2,209.0],[356.7,208.6],[356.5,207.8],[360.1,207.8],[360.1,207.1],[358.9,206.8],[363.2,206.8],[365.5,205.5],[364.0,205.5],[365.8,203.3],[364.3,203.2],[362.2,204.5],[363.5,203.4],[361.9,202.4],[361.6,203.4],[359.1,204.7],[357.8,204.7],[358.6,203.4],[357.0,203.6],[353.0,208.1],[353.4,205.5],[350.3,205.7],[347.4,207.4],[345.5,210.6],[348.6,209.6],[346.4,210.1],[347.5,209.4],[349.4,209.5],[347.8,210.3],[350.9,209.2],[348.7,210.5],[349.4,210.4],[349.2,210.7]]],[[[343.0,213.7],[342.0,214.4],[343.2,214.3],[344.2,213.6],[343.0,213.7]]],[[[324.2,213.8],[323.5,214.3],[324.3,214.2],[325.0,213.8],[324.2,213.8]]],[[[344.3,214.1],[343.6,214.5],[344.4,214.4],[345.1,214.1],[344.3,214.1]]],[[[338.3,215.4],[342.0,213.8],[339.0,214.6],[338.3,215.4]]],[[[327.8,219.6],[327.3,220.4],[328.8,219.2],[328.3,219.3],[327.8,219.6]]],[[[294.5,223.1],[293.9,223.5],[295.3,223.1],[295.0,223.0],[294.5,223.1]]],[[[292.8,224.4],[293.5,223.9],[292.4,224.5],[292.8,224.4]]],[[[290.8,224.1],[291.6,223.4],[288.8,225.4],[290.5,225.2],[292.0,223.7],[291.5,224.0],[290.8,224.1]]],[[[296.0,226.1],[297.6,224.8],[296.8,225.1],[295.3,226.3],[296.0,226.1]]],[[[293.8,225.9],[295.4,224.5],[290.0,227.7],[292.9,226.2],[293.8,225.9]]],[[[296.8,226.2],[295.4,227.2],[296.2,226.8],[296.8,226.2]]],[[[276.3,228.0],[277.8,226.9],[276.2,227.5],[276.3,228.0]]],[[[256.5,231.0],[258.1,231.6],[262.3,229.9],[268.2,228.9],[269.7,229.3],[270.0,226.5],[262.3,227.5],[256.6,230.5],[256.5,231.0]]],[[[270.2,231.6],[270.8,231.2],[269.4,231.6],[270.2,231.6]]],[[[248.6,234.0],[250.5,232.5],[249.3,232.9],[248.9,233.4],[248.6,234.0]]],[[[244.9,234.6],[248.1,233.9],[247.3,233.8],[247.5,233.2],[245.2,234.0],[244.9,234.6]]],[[[251.7,234.0],[251.0,234.3],[251.8,234.3],[252.4,233.9],[251.7,234.0]]],[[[249.5,234.1],[249.3,234.1],[248.9,234.4],[249.6,234.6],[249.5,234.1]]],[[[240.6,237.3],[242.4,236.2],[241.1,236.6],[240.6,237.3]]],[[[230.9,240.4],[238.5,238.1],[239.9,237.0],[238.4,237.3],[241.6,236.1],[242.3,234.9],[239.3,236.3],[240.5,234.8],[238.0,235.4],[236.2,236.5],[237.5,237.3],[226.5,240.7],[228.1,241.1],[230.9,240.4]]],[[[214.2,244.6],[228.6,239.0],[226.1,238.7],[221.7,241.2],[214.2,244.6]]],[[[111.1,507.8],[110.5,506.6],[107.8,508.1],[108.4,509.3],[109.6,509.7],[110.4,508.9],[111.1,507.8]]],[[[103.8,510.5],[105.2,508.5],[103.8,510.1],[103.8,510.5]]],[[[121.1,513.3],[120.0,511.5],[117.8,512.9],[120.6,515.1],[121.3,514.7],[121.1,513.3]]],[[[127.9,516.6],[128.1,515.8],[125.5,515.5],[124.1,516.5],[127.1,516.9],[127.9,516.6]]],[[[126.6,518.4],[125.3,518.1],[126.1,519.5],[126.8,518.7],[126.6,518.4]]],[[[131.9,520.4],[132.8,519.6],[132.3,518.4],[128.5,517.3],[128.2,518.4],[129.7,520.9],[131.9,520.4]]],[[[130.8,533.3],[132.2,534.8],[139.0,530.8],[139.3,529.9],[137.9,526.4],[133.2,524.1],[133.0,526.1],[130.9,528.1],[131.2,531.4],[130.8,533.3]]],[[[360.7,158.7],[361.7,158.2],[359.4,158.7],[360.7,158.7]]],[[[274.6,227.1],[277.9,224.5],[277.3,226.5],[280.2,226.0],[287.8,221.7],[289.9,222.4],[286.2,223.8],[292.1,223.0],[293.7,222.0],[293.4,222.8],[299.8,220.2],[301.4,220.5],[299.1,222.1],[299.8,222.1],[303.4,219.9],[308.6,219.1],[312.6,217.2],[311.0,218.6],[314.7,216.8],[314.1,216.6],[314.4,215.9],[312.4,216.4],[314.7,215.2],[320.1,213.5],[322.8,213.6],[325.6,211.7],[326.5,212.2],[331.2,210.7],[334.5,209.4],[335.8,208.2],[335.1,208.0],[337.6,207.0],[356.3,201.0],[356.9,201.5],[359.3,199.9],[357.8,200.3],[358.3,200.0],[368.4,196.3],[370.0,194.6],[368.7,193.8],[366.0,194.0],[366.9,193.0],[373.5,189.9],[379.2,188.9],[380.0,188.0],[379.2,187.7],[384.8,186.3],[385.6,184.9],[384.6,184.1],[387.3,184.5],[399.7,179.0],[409.9,175.7],[410.0,176.5],[411.2,176.6],[417.4,174.6],[418.6,174.8],[414.0,175.9],[411.5,177.3],[414.5,179.7],[411.2,178.9],[408.3,179.2],[407.7,178.3],[398.8,180.8],[396.4,183.3],[388.8,187.1],[387.1,188.7],[388.3,189.3],[391.9,188.5],[382.4,191.7],[382.0,192.6],[386.6,192.7],[386.5,191.9],[388.4,192.0],[393.2,190.0],[392.6,190.8],[396.4,188.9],[393.5,190.7],[398.6,188.4],[399.1,189.1],[400.2,187.6],[401.8,187.3],[401.1,188.6],[405.2,185.7],[404.0,187.4],[406.4,186.2],[405.8,186.6],[408.1,187.1],[411.4,186.1],[413.7,184.8],[413.0,185.2],[413.7,184.4],[412.5,184.6],[416.7,183.1],[417.5,182.0],[413.0,182.7],[416.6,181.8],[418.1,180.5],[414.9,181.0],[426.2,176.4],[422.3,178.5],[421.7,179.9],[426.3,177.4],[424.1,179.3],[432.7,177.6],[433.2,177.9],[429.0,179.5],[432.0,179.9],[427.8,180.9],[431.6,180.6],[429.4,181.5],[433.2,181.2],[430.2,182.8],[432.4,183.7],[439.9,180.8],[434.5,184.1],[436.7,185.1],[437.5,186.4],[445.1,185.5],[451.4,186.6],[454.2,185.7],[452.2,187.5],[456.5,188.6],[465.0,186.6],[466.6,188.0],[464.8,187.9],[462.8,189.5],[464.5,187.3],[464.0,186.8],[459.0,190.5],[460.9,191.4],[461.6,192.7],[464.1,193.0],[462.9,193.6],[464.3,194.3],[464.4,196.9],[465.3,197.3],[464.8,198.1],[467.0,200.7],[469.7,199.2],[470.6,199.2],[470.3,200.0],[472.4,199.1],[473.0,197.6],[471.3,197.5],[472.8,196.7],[472.0,197.0],[472.2,195.6],[469.2,195.8],[472.0,194.2],[472.8,195.0],[473.5,194.4],[473.9,196.4],[476.5,194.9],[476.3,195.6],[477.9,195.4],[475.7,196.4],[473.2,199.3],[476.3,199.0],[475.8,200.4],[477.2,200.3],[482.0,193.2],[482.8,193.4],[483.4,192.1],[485.5,190.8],[482.7,193.8],[481.7,196.3],[482.4,196.0],[480.2,199.4],[481.0,199.7],[480.6,200.5],[482.6,200.5],[487.3,198.2],[484.2,199.7],[482.2,201.8],[482.5,202.4],[484.6,201.4],[482.7,202.8],[482.3,204.1],[484.3,203.1],[486.1,203.6],[483.3,203.5],[482.9,204.4],[483.5,206.0],[481.7,204.9],[481.9,205.9],[480.2,207.8],[482.5,207.7],[479.7,208.1],[478.7,209.0],[481.6,210.0],[480.4,211.4],[482.0,212.2],[480.1,213.6],[480.9,213.9],[480.7,215.6],[480.1,214.7],[478.5,217.0],[479.7,217.3],[480.9,215.9],[482.8,217.0],[480.0,217.3],[474.3,222.1],[476.9,221.3],[478.5,219.5],[482.0,218.7],[475.7,223.2],[476.3,224.0],[478.1,222.5],[476.8,224.0],[479.5,221.8],[478.5,223.3],[476.5,224.3],[478.7,223.5],[477.4,224.6],[478.9,224.6],[482.6,221.3],[483.0,219.8],[482.2,219.0],[485.6,217.7],[483.8,218.9],[483.0,221.4],[480.5,224.2],[482.0,224.3],[478.3,225.0],[479.2,225.6],[483.0,224.2],[478.2,226.4],[476.4,228.6],[478.6,227.2],[477.9,228.5],[484.9,224.7],[491.4,217.8],[490.3,217.6],[487.3,214.6],[484.6,213.7],[486.2,210.4],[485.6,209.7],[486.8,207.7],[488.7,198.0],[487.4,195.5],[487.9,193.3],[486.7,191.8],[488.2,189.0],[486.7,188.2],[481.1,189.4],[475.5,192.8],[468.1,195.1],[469.6,192.2],[467.5,186.0],[470.1,183.8],[463.7,184.8],[458.6,184.2],[544.3,113.1],[542.4,113.1],[538.4,110.2],[535.6,109.6],[524.2,110.5],[522.5,109.3],[515.3,109.1],[507.7,106.9],[494.4,107.4],[493.0,107.0],[494.6,106.4],[490.0,106.4],[493.1,106.2],[491.7,105.9],[494.7,104.3],[489.8,103.9],[483.0,104.8],[481.7,104.1],[484.0,103.4],[483.7,102.6],[482.3,102.9],[483.0,102.2],[474.0,105.0],[474.7,103.8],[479.8,102.6],[479.5,101.8],[476.9,101.2],[478.5,100.4],[463.3,104.6],[455.6,104.9],[457.2,104.3],[451.8,105.4],[449.9,106.1],[450.8,106.1],[450.9,106.8],[447.2,108.7],[447.6,107.9],[446.9,107.9],[450.2,106.2],[439.9,108.5],[435.5,109.2],[436.8,108.2],[435.2,108.5],[419.1,115.1],[418.2,115.4],[419.7,114.6],[408.6,117.8],[397.1,119.0],[387.9,122.6],[389.4,122.9],[390.2,124.3],[392.4,125.1],[393.6,126.5],[393.8,128.9],[392.1,131.7],[396.2,132.5],[399.6,131.3],[397.3,132.6],[398.9,132.0],[401.7,132.9],[398.4,134.3],[397.6,135.7],[402.0,135.1],[405.4,135.3],[405.1,135.9],[401.9,137.2],[396.0,136.1],[395.5,135.6],[397.0,133.9],[395.8,133.1],[394.6,134.2],[395.2,136.0],[393.1,137.5],[395.8,137.0],[397.6,137.7],[395.5,139.1],[396.3,138.3],[394.9,138.0],[390.8,139.7],[385.3,140.0],[385.9,139.4],[380.4,139.4],[378.9,138.5],[385.5,135.5],[383.3,135.4],[371.8,137.2],[369.7,138.4],[370.5,138.9],[363.0,139.2],[359.2,140.8],[350.6,142.3],[350.3,143.0],[351.5,144.4],[355.7,144.7],[357.6,145.8],[351.9,146.3],[353.4,145.5],[351.6,146.5],[351.3,148.7],[349.5,150.1],[353.3,151.4],[362.9,150.7],[366.0,151.9],[367.3,151.3],[366.5,150.6],[367.4,150.5],[367.9,151.2],[367.2,152.6],[372.1,150.7],[383.7,148.0],[382.6,148.3],[382.8,149.3],[381.6,150.2],[376.0,151.9],[376.4,152.6],[375.4,154.5],[369.9,158.3],[361.2,159.6],[362.0,158.8],[353.7,161.9],[346.8,163.1],[349.6,161.6],[347.8,161.0],[345.1,161.5],[343.9,162.1],[344.0,162.9],[341.8,162.9],[339.1,164.2],[337.2,166.0],[340.4,164.9],[336.7,166.5],[336.4,167.3],[335.1,167.8],[335.7,166.8],[334.0,166.8],[321.7,172.3],[321.0,172.9],[321.7,173.2],[319.0,173.4],[318.3,174.4],[319.7,174.7],[317.6,175.7],[317.1,177.9],[321.7,175.7],[319.9,176.8],[319.5,177.3],[320.5,177.1],[319.9,178.0],[318.1,179.3],[323.0,179.6],[327.0,178.7],[326.3,179.1],[327.0,179.3],[324.8,179.8],[325.9,180.5],[324.3,181.6],[322.4,181.7],[323.5,180.3],[318.3,182.0],[321.1,180.6],[319.7,180.0],[320.1,179.3],[318.7,179.4],[312.6,182.5],[314.1,182.5],[312.9,183.7],[314.5,183.9],[313.8,185.3],[314.5,186.4],[312.9,187.8],[316.6,187.7],[324.4,186.4],[326.9,184.1],[333.7,180.7],[333.9,181.3],[335.1,180.9],[328.2,184.1],[327.0,185.3],[328.4,184.8],[325.9,187.1],[324.3,190.3],[320.2,192.1],[319.0,193.7],[321.2,193.5],[318.8,194.5],[317.0,196.4],[313.6,197.4],[315.3,197.8],[327.5,194.2],[328.2,194.4],[327.7,195.2],[328.6,195.4],[328.1,196.3],[331.2,195.3],[330.4,195.8],[331.1,196.3],[330.4,198.7],[331.4,199.2],[334.8,196.1],[340.5,193.0],[341.5,194.8],[340.4,194.2],[338.3,195.0],[336.8,197.1],[340.2,197.2],[351.1,193.2],[339.2,198.9],[338.0,200.7],[332.4,204.2],[330.4,206.5],[332.1,206.1],[331.5,206.4],[330.1,206.7],[330.2,205.9],[327.6,206.6],[320.3,209.7],[317.4,212.1],[314.7,212.0],[302.5,216.2],[298.5,218.4],[297.4,220.4],[296.6,219.4],[293.8,220.9],[295.6,218.7],[288.8,219.7],[273.5,225.5],[269.6,228.2],[271.9,227.5],[272.9,226.0],[273.7,227.2],[274.6,227.1]],[[421.0,178.1],[419.4,178.6],[420.0,178.2],[421.0,178.1]],[[451.6,106.8],[453.2,106.7],[451.0,106.8],[451.6,106.8]],[[320.7,177.7],[321.4,177.8],[320.0,178.0],[320.3,177.8],[320.7,177.7]],[[338.9,200.6],[339.5,201.1],[338.0,200.7],[338.9,200.6]]],[[[420.6,180.0],[421.2,179.1],[419.5,180.2],[420.6,180.0]]],[[[391.4,183.7],[393.7,182.7],[392.9,182.8],[391.4,183.7]]],[[[424.1,184.0],[423.5,184.5],[428.0,183.3],[425.9,182.8],[424.4,183.6],[425.0,183.7],[424.1,184.0]]],[[[417.4,183.8],[419.1,182.5],[415.9,185.1],[417.4,183.8]]],[[[414.7,186.4],[412.2,188.1],[420.7,184.8],[421.4,183.5],[416.3,186.0],[414.7,186.4]]],[[[412.3,186.1],[413.6,185.3],[413.0,185.5],[411.3,186.3],[412.3,186.1]]],[[[412.7,186.2],[414.3,185.3],[411.9,186.4],[412.7,186.2]]],[[[432.3,187.9],[435.9,186.4],[435.6,186.4],[433.7,187.1],[432.3,187.9]]],[[[373.4,191.4],[372.7,191.7],[373.6,191.7],[374.2,191.2],[373.4,191.4]]],[[[390.3,191.5],[389.6,191.9],[390.4,191.8],[391.2,191.4],[390.3,191.5]]],[[[376.7,194.8],[376.1,195.1],[377.6,194.8],[377.1,194.7],[376.7,194.8]]],[[[371.8,197.7],[370.9,198.6],[373.2,197.6],[372.5,197.5],[371.8,197.7]]],[[[365.5,202.2],[368.3,200.7],[367.6,201.4],[370.6,200.3],[371.2,201.0],[372.7,199.5],[370.4,199.8],[370.2,199.1],[369.0,199.0],[364.0,201.3],[364.5,202.5],[365.5,202.2]]],[[[363.0,202.2],[363.7,202.0],[363.3,201.3],[362.2,202.0],[363.0,202.2]]],[[[359.9,203.2],[361.0,203.4],[360.6,202.7],[359.7,203.0],[359.9,203.2]]],[[[463.6,209.0],[462.2,210.6],[465.0,209.5],[465.6,207.9],[464.8,208.2],[463.6,209.0]]],[[[463.7,213.8],[465.9,213.0],[463.6,214.8],[463.0,217.1],[467.8,212.5],[470.7,207.4],[468.8,206.6],[466.8,207.4],[466.6,209.1],[464.0,211.7],[464.7,212.0],[464.2,212.8],[464.9,212.6],[464.2,213.1],[463.7,213.8]]],[[[465.9,219.6],[466.3,219.2],[465.8,219.3],[465.3,219.6],[465.9,219.6]]],[[[463.4,219.2],[462.8,220.0],[464.0,219.1],[463.4,219.2]]],[[[466.9,220.7],[468.5,220.3],[466.7,220.2],[466.5,221.0],[466.9,220.7]]],[[[463.8,223.1],[464.6,222.3],[463.1,223.0],[463.8,223.1]]],[[[463.4,223.7],[462.5,224.8],[464.8,223.4],[464.0,223.4],[463.4,223.7]]],[[[464.6,224.9],[465.2,224.0],[463.4,225.1],[464.6,224.9]]],[[[466.5,226.0],[465.8,226.5],[466.9,226.3],[467.1,225.1],[466.5,226.0]]],[[[463.4,227.1],[463.1,228.8],[464.1,229.4],[465.8,224.7],[464.6,225.4],[463.4,227.1]]],[[[465.3,227.6],[465.1,228.7],[466.2,227.6],[465.7,227.3],[465.3,227.6]]],[[[438.7,404.9],[440.2,404.3],[438.0,404.1],[437.9,404.8],[438.7,404.9]]],[[[436.6,405.3],[436.6,404.4],[435.2,404.8],[436.0,405.5],[436.6,405.3]]],[[[443.8,413.6],[444.2,415.0],[444.1,414.0],[443.8,413.6]]],[[[445.8,420.2],[446.8,420.5],[445.1,419.2],[445.8,420.2]]],[[[465.9,204.6],[466.0,207.2],[467.9,206.3],[468.5,204.3],[471.8,206.8],[473.8,204.7],[471.8,204.5],[470.6,203.1],[473.8,204.1],[473.8,203.3],[475.8,202.4],[474.1,201.5],[471.0,202.8],[473.7,200.9],[471.0,200.6],[469.2,201.5],[469.1,200.9],[467.7,202.0],[467.8,203.4],[466.6,202.8],[467.2,201.7],[465.8,202.6],[465.7,203.9],[465.9,204.6]]],[[[474.2,206.4],[475.7,206.1],[470.4,210.1],[477.6,207.3],[477.0,206.7],[478.4,206.0],[479.3,203.0],[480.4,202.0],[479.5,205.6],[482.0,201.2],[479.0,201.1],[479.3,199.7],[478.7,199.9],[477.8,201.1],[478.6,201.0],[475.7,204.0],[474.2,206.4]]],[[[471.2,207.9],[471.8,207.2],[470.9,207.2],[471.2,207.9]]],[[[465.7,218.1],[469.9,215.4],[471.1,213.7],[472.3,213.7],[472.0,215.1],[475.9,214.1],[476.4,212.1],[477.6,213.2],[477.2,214.6],[478.7,214.2],[479.6,212.2],[478.7,212.3],[479.0,210.6],[474.5,210.2],[474.3,211.4],[473.5,211.7],[474.4,211.7],[473.0,213.0],[470.9,213.3],[472.4,211.4],[471.9,211.0],[471.8,211.6],[470.0,211.8],[468.9,213.0],[469.6,213.2],[468.4,214.0],[469.0,214.8],[465.9,216.9],[465.1,218.5],[465.7,218.1]]],[[[475.5,215.1],[474.6,215.7],[474.8,216.7],[477.6,214.9],[475.5,215.1]]],[[[478.2,216.3],[478.6,215.9],[475.7,217.1],[476.1,219.2],[478.7,217.5],[477.4,216.8],[478.2,216.3]]],[[[469.0,219.7],[469.0,220.3],[469.8,219.7],[467.3,221.6],[469.5,221.5],[468.1,222.6],[468.2,223.9],[466.1,223.8],[465.3,224.4],[467.6,224.5],[467.9,225.4],[468.6,224.7],[467.3,226.8],[468.1,227.0],[467.1,228.7],[467.9,229.2],[471.2,226.6],[469.7,226.8],[472.7,225.0],[471.2,224.9],[472.5,224.0],[471.0,223.5],[472.4,223.0],[470.2,223.1],[472.1,222.4],[473.3,223.0],[474.1,219.3],[472.4,218.2],[473.6,215.9],[470.5,216.4],[469.9,216.8],[471.3,217.4],[467.9,218.3],[466.9,219.4],[471.1,217.8],[469.1,219.6],[469.0,219.7]]],[[[475.1,224.5],[475.2,223.3],[474.0,225.3],[475.1,224.5]]],[[[474.8,225.3],[474.0,226.5],[475.6,226.2],[476.1,224.8],[475.5,224.7],[474.8,225.3]]],[[[474.6,227.0],[473.8,227.5],[474.9,227.6],[475.7,226.8],[474.6,227.0]]],[[[481.6,227.6],[482.7,226.6],[480.9,227.3],[479.8,228.5],[481.6,227.6]]],[[[487.1,279.3],[486.6,279.9],[487.9,279.7],[487.9,278.9],[487.1,279.3]]],[[[486.1,280.5],[485.4,280.0],[485.5,281.1],[486.1,280.5]]],[[[487.5,283.2],[487.8,284.1],[488.4,283.0],[487.9,282.8],[487.5,283.2]]],[[[486.6,284.3],[487.9,281.6],[486.2,283.5],[486.6,285.5],[487.1,284.4],[486.6,284.3]]],[[[712.1,284.4],[709.8,286.3],[715.7,283.5],[714.4,283.6],[712.1,284.4]]],[[[483.8,290.0],[484.0,288.9],[483.3,289.5],[483.0,290.3],[483.8,290.0]]],[[[711.1,292.8],[711.1,293.4],[717.2,289.3],[712.6,290.2],[710.9,291.6],[711.6,292.2],[711.1,292.8]]],[[[740.0,302.0],[740.3,301.6],[740.0,300.9],[738.5,302.2],[740.0,302.0]]],[[[725.4,304.8],[725.5,303.8],[724.7,305.3],[725.4,304.8]]],[[[709.7,311.4],[713.6,307.8],[709.6,310.9],[709.7,311.4]]],[[[786.9,347.7],[790.0,347.8],[789.3,347.7],[798.8,346.0],[803.2,343.8],[798.0,345.0],[801.0,343.1],[797.3,344.6],[791.2,345.1],[788.0,346.6],[786.9,347.7]]],[[[785.9,347.9],[785.4,348.6],[786.2,348.2],[786.7,347.5],[785.9,347.9]]],[[[432.9,370.5],[434.4,371.5],[436.0,369.1],[437.4,369.7],[436.0,371.2],[435.6,374.9],[434.3,373.4],[434.8,371.9],[433.4,373.0],[432.6,377.3],[435.1,380.3],[432.4,384.8],[436.4,395.4],[434.8,400.1],[441.6,401.5],[444.3,404.0],[447.5,404.7],[447.7,407.0],[449.8,407.6],[452.8,411.2],[452.4,417.6],[470.5,415.9],[469.1,417.7],[492.8,427.7],[513.0,427.8],[513.2,424.0],[527.3,424.2],[532.6,431.9],[535.4,434.0],[535.5,440.3],[536.3,442.7],[542.8,447.8],[544.2,448.1],[545.5,447.5],[548.9,442.7],[550.7,441.5],[553.8,441.0],[558.9,441.6],[562.2,446.1],[564.1,454.0],[567.8,460.9],[567.4,465.0],[568.8,469.9],[574.2,473.3],[577.5,473.6],[579.8,475.1],[582.0,474.2],[582.2,473.6],[581.5,474.2],[580.9,472.8],[580.9,466.1],[582.6,463.0],[580.5,463.1],[580.7,461.8],[582.3,462.5],[583.9,461.0],[583.3,462.9],[586.1,458.5],[584.0,460.8],[584.2,458.1],[583.3,458.0],[586.7,457.1],[587.4,455.7],[586.1,455.8],[588.6,455.2],[589.9,452.6],[591.0,453.5],[592.6,453.0],[591.7,451.9],[592.4,450.9],[592.8,451.6],[593.1,450.3],[594.7,451.6],[596.1,451.1],[594.3,452.5],[602.1,448.6],[606.4,444.8],[605.5,443.3],[605.8,442.0],[606.7,442.3],[608.0,441.3],[607.2,443.5],[609.5,443.2],[606.8,444.9],[614.3,442.1],[614.2,440.7],[615.5,439.5],[614.3,441.5],[617.9,441.4],[619.1,438.7],[618.4,441.1],[623.4,443.1],[627.3,443.0],[627.4,441.7],[629.5,440.9],[629.2,441.6],[630.6,441.6],[631.5,443.3],[633.2,443.1],[632.4,445.9],[633.3,445.6],[635.2,446.9],[638.1,445.6],[640.2,447.0],[641.3,445.0],[640.9,443.3],[641.6,443.3],[646.4,447.0],[645.3,448.7],[646.7,447.7],[647.5,448.2],[648.6,446.7],[644.8,443.0],[647.5,440.9],[647.7,440.0],[646.7,439.3],[645.1,440.4],[644.6,439.4],[646.2,438.2],[641.7,438.8],[640.9,438.2],[641.4,437.1],[643.2,436.1],[646.9,437.9],[652.5,435.8],[653.9,436.5],[657.6,436.0],[659.5,433.1],[659.9,436.1],[659.3,437.3],[661.8,437.0],[663.3,435.3],[663.5,436.1],[662.3,436.8],[663.4,436.6],[666.7,434.3],[667.1,435.5],[665.2,436.1],[670.9,434.9],[672.5,435.9],[670.0,435.9],[673.3,437.5],[674.9,437.8],[674.4,437.0],[676.5,436.9],[675.4,437.9],[676.7,438.6],[675.8,438.6],[677.1,440.7],[676.9,442.1],[681.1,441.4],[686.6,438.5],[689.1,439.8],[691.6,444.8],[694.2,447.1],[694.7,448.4],[694.5,451.4],[691.7,457.9],[692.4,459.4],[693.3,458.1],[693.0,456.5],[693.9,457.8],[694.7,457.6],[693.8,459.7],[691.9,461.1],[693.2,465.5],[694.3,466.6],[694.4,465.6],[695.8,465.7],[695.1,468.9],[695.8,469.3],[696.7,468.4],[695.3,469.6],[696.1,470.6],[696.2,473.6],[698.7,475.7],[701.1,480.4],[699.8,479.7],[699.5,480.9],[702.9,481.3],[705.0,480.7],[703.6,482.7],[706.2,479.9],[705.5,480.2],[708.4,474.1],[710.1,467.1],[708.0,450.6],[709.2,452.4],[708.7,455.3],[709.2,457.9],[709.4,451.8],[707.3,443.7],[706.9,434.6],[708.3,430.0],[710.0,428.7],[708.7,427.7],[710.0,427.9],[710.8,426.9],[710.3,426.0],[712.0,425.1],[711.3,424.3],[712.7,424.1],[712.4,423.4],[716.1,420.6],[716.2,418.0],[716.7,419.5],[717.0,418.9],[718.3,419.4],[717.9,419.2],[718.7,418.6],[717.9,418.3],[718.6,418.1],[717.9,417.9],[720.7,417.5],[723.1,416.2],[723.5,414.8],[724.4,415.3],[728.2,413.0],[734.0,406.9],[739.8,405.4],[741.1,403.6],[741.0,405.0],[743.2,402.0],[745.9,400.4],[746.4,398.9],[746.7,399.7],[748.6,398.6],[751.4,398.6],[754.0,397.6],[755.2,396.2],[751.4,396.7],[750.3,396.0],[750.1,395.4],[752.6,395.9],[754.1,393.9],[751.2,391.7],[754.1,392.7],[754.9,391.6],[754.8,392.5],[757.5,393.0],[759.5,391.0],[760.5,391.0],[761.3,388.9],[761.1,388.1],[759.9,388.6],[758.5,390.5],[759.2,387.8],[754.9,388.1],[755.7,385.0],[755.2,386.5],[755.9,387.4],[757.7,386.8],[757.2,386.0],[758.5,386.7],[758.4,386.0],[759.5,386.4],[759.5,385.4],[760.3,385.8],[760.9,385.2],[761.3,386.7],[761.1,382.4],[761.8,382.0],[762.5,388.7],[762.3,380.0],[760.7,379.4],[760.0,380.2],[758.6,380.1],[758.1,377.9],[754.7,376.0],[758.1,377.2],[759.5,379.2],[760.6,378.1],[759.6,376.3],[760.6,376.5],[760.5,375.6],[762.0,375.2],[759.7,372.2],[759.0,369.9],[761.1,373.0],[762.5,372.5],[763.1,371.1],[761.5,369.1],[757.2,367.0],[760.4,362.5],[760.4,363.6],[758.0,366.6],[759.2,366.5],[760.3,367.8],[760.5,367.1],[763.0,369.6],[763.4,368.5],[762.2,365.4],[762.5,364.4],[762.4,366.2],[763.4,367.4],[764.1,362.4],[765.6,360.8],[764.9,359.4],[765.7,359.8],[766.4,358.5],[767.2,358.9],[769.5,356.9],[770.3,356.7],[769.6,357.5],[771.1,356.7],[769.8,357.8],[770.5,358.4],[767.2,359.6],[766.8,360.8],[767.4,360.9],[765.4,362.5],[767.0,362.7],[765.1,363.9],[766.7,365.3],[765.3,365.0],[764.6,367.0],[765.7,368.3],[767.1,367.3],[766.3,368.8],[767.1,369.2],[766.1,370.9],[767.7,370.6],[763.9,375.0],[763.5,377.5],[773.3,366.6],[772.9,365.3],[773.7,363.7],[772.7,357.4],[773.8,355.5],[776.8,353.9],[773.0,357.0],[773.9,358.8],[776.2,360.3],[775.4,362.2],[776.1,362.1],[782.1,356.9],[784.9,353.1],[784.2,354.5],[786.8,349.4],[785.6,348.9],[785.4,348.1],[789.4,345.4],[796.0,342.6],[800.1,342.1],[800.8,341.3],[806.1,341.3],[808.9,338.0],[809.3,338.7],[810.6,338.0],[809.4,340.2],[814.2,338.2],[813.4,339.7],[818.3,338.7],[819.2,337.2],[818.9,335.5],[818.1,335.1],[819.1,336.6],[818.5,337.7],[816.1,338.2],[815.2,337.0],[814.9,334.3],[813.4,332.9],[816.7,330.6],[816.1,329.4],[816.9,327.6],[823.3,321.0],[825.2,319.9],[824.8,320.9],[825.7,320.3],[825.9,321.2],[827.5,318.2],[826.7,320.3],[827.7,318.9],[827.7,319.7],[828.5,319.0],[828.5,320.1],[832.1,318.0],[835.8,313.8],[835.7,315.6],[836.6,316.7],[836.8,315.3],[837.8,314.6],[838.1,315.2],[839.7,314.4],[840.1,315.9],[843.0,313.7],[843.3,314.4],[848.7,312.2],[849.0,311.3],[848.3,311.5],[849.1,309.3],[847.7,309.0],[847.4,308.2],[848.2,305.3],[846.7,303.7],[850.2,295.1],[850.5,292.0],[849.0,290.3],[843.7,291.4],[843.1,289.5],[841.9,289.6],[835.1,295.3],[829.3,303.0],[825.2,306.9],[823.6,308.0],[823.3,307.3],[820.6,308.0],[819.0,310.3],[795.3,310.6],[783.7,316.4],[782.3,318.3],[783.9,318.7],[780.7,322.7],[774.9,324.9],[770.9,325.2],[766.8,323.9],[761.5,324.5],[759.9,327.0],[761.0,328.5],[752.7,333.5],[740.9,337.7],[736.4,340.0],[727.3,340.7],[726.7,340.5],[729.0,340.0],[725.0,338.6],[724.8,337.9],[731.0,332.5],[732.5,330.3],[733.4,330.2],[733.4,331.1],[735.2,329.8],[737.9,320.5],[737.6,318.6],[736.6,318.1],[731.5,321.2],[728.7,321.6],[729.4,319.7],[735.7,315.1],[737.1,310.2],[738.3,308.8],[737.5,307.2],[730.9,303.6],[728.1,305.3],[727.7,306.3],[728.5,306.8],[724.8,308.0],[722.1,311.8],[721.6,312.1],[722.5,310.6],[721.1,311.7],[723.1,308.6],[716.2,313.1],[714.8,315.9],[712.3,318.1],[710.2,322.6],[710.0,324.1],[710.8,325.1],[708.8,330.2],[704.0,336.0],[700.3,338.3],[697.1,338.9],[696.1,337.4],[696.4,333.7],[699.5,325.1],[709.5,311.7],[707.8,311.6],[703.9,314.1],[705.5,311.6],[708.4,310.1],[716.2,303.0],[715.6,304.5],[719.2,302.9],[717.3,304.9],[721.7,302.3],[727.6,301.1],[729.7,301.4],[731.3,302.9],[733.1,301.6],[737.2,302.0],[737.7,301.7],[736.1,300.0],[736.8,297.9],[732.2,297.6],[733.3,295.2],[725.6,296.0],[720.7,297.8],[717.3,297.3],[713.7,294.0],[711.5,294.5],[712.0,293.9],[710.0,295.1],[710.8,293.5],[710.4,291.4],[704.3,294.4],[696.2,296.7],[692.6,296.4],[694.8,293.8],[688.3,295.8],[685.7,295.7],[685.1,295.3],[685.9,294.7],[696.1,289.1],[707.6,284.7],[700.7,284.0],[700.2,283.0],[694.4,284.3],[691.8,282.1],[690.2,282.7],[689.5,280.4],[687.3,279.6],[682.1,280.5],[681.0,279.4],[677.6,278.8],[677.1,277.8],[678.1,274.3],[677.0,272.9],[676.2,273.1],[675.8,276.5],[490.8,276.7],[490.1,278.2],[490.7,278.6],[489.7,280.2],[487.8,281.0],[488.6,282.1],[488.1,285.0],[485.7,287.1],[484.5,289.5],[480.6,292.1],[478.6,292.6],[478.2,291.9],[480.8,290.3],[480.1,291.7],[482.3,290.4],[483.2,289.0],[482.8,288.4],[485.5,285.6],[480.4,288.6],[479.6,290.0],[481.0,289.5],[478.9,289.8],[484.7,286.0],[485.4,283.6],[484.3,284.7],[474.5,281.6],[473.6,282.0],[469.6,293.5],[470.2,292.8],[471.7,293.5],[469.2,294.5],[468.8,295.6],[470.4,296.0],[469.4,296.1],[467.2,298.4],[467.9,296.8],[466.9,299.1],[471.4,300.2],[466.2,300.6],[463.5,304.3],[463.2,306.0],[461.7,306.9],[451.4,321.3],[448.7,323.8],[449.5,323.4],[449.3,323.9],[447.4,324.8],[444.3,328.2],[441.6,333.8],[440.2,340.3],[432.4,350.7],[433.6,354.9],[430.8,362.4],[433.0,369.1],[432.4,368.9],[431.5,370.2],[432.1,369.9],[432.9,370.5]],[[730.1,409.9],[730.0,410.0],[729.9,410.1],[730.1,409.9]],[[758.8,375.2],[759.1,375.7],[758.5,374.9],[758.8,375.2]],[[788.7,345.1],[789.5,341.8],[789.4,343.4],[788.7,345.1]]],[[[762.0,393.1],[762.9,389.7],[762.0,392.7],[760.2,394.2],[761.3,394.1],[762.0,393.1]]],[[[708.3,431.3],[707.6,432.3],[707.5,432.8],[708.3,431.3]]],[[[649.2,438.4],[648.4,438.8],[649.2,439.1],[649.2,438.4]]],[[[680.2,442.6],[681.5,441.7],[678.5,442.6],[679.2,442.8],[680.2,442.6]]],[[[628.5,442.7],[627.4,443.1],[628.8,443.7],[629.7,443.2],[629.2,442.8],[628.5,442.7]]],[[[605.5,446.2],[606.8,445.2],[605.9,445.5],[603.9,447.1],[605.5,446.2]]],[[[708.4,453.9],[708.7,451.8],[708.4,454.7],[708.4,453.9]]],[[[589.5,455.1],[589.5,455.6],[591.5,454.3],[592.4,453.5],[589.5,455.1]]],[[[2424.6,157.2],[2429.3,160.2],[2435.0,159.6],[2441.2,161.9],[2434.4,157.7],[2427.5,158.0],[2424.6,157.2]]],[[[2456.8,183.6],[2450.5,182.3],[2457.4,184.0],[2456.8,183.6]]],[[[2501.7,208.8],[2500.8,209.1],[2502.2,209.6],[2502.2,209.0],[2501.7,208.8]]],[[[2435.9,244.5],[2437.4,244.6],[2432.6,242.9],[2430.7,243.8],[2434.8,245.2],[2435.1,244.6],[2435.9,244.5]]],[[[2542.4,247.0],[2542.9,246.1],[2541.4,245.9],[2542.1,246.9],[2542.4,247.0]]],[[[2441.8,247.5],[2440.5,248.1],[2442.8,248.5],[2442.4,247.8],[2441.8,247.5]]],[[[2533.7,249.4],[2534.1,248.5],[2532.5,248.6],[2533.3,249.4],[2533.7,249.4]]],[[[2521.1,250.7],[2517.8,251.3],[2524.6,250.4],[2523.1,249.5],[2523.2,248.7],[2521.6,248.2],[2521.0,249.0],[2522.0,250.0],[2521.1,250.7]]],[[[2524.9,250.4],[2529.4,251.3],[2532.3,250.7],[2528.2,250.4],[2524.9,250.4]]],[[[2470.2,252.2],[2471.0,252.9],[2471.9,251.9],[2471.1,250.9],[2470.3,251.8],[2470.2,252.2]]],[[[2485.5,251.6],[2484.3,251.8],[2485.9,252.5],[2485.9,251.9],[2485.5,251.6]]],[[[2478.2,251.7],[2477.9,251.8],[2477.6,252.0],[2478.3,252.3],[2478.2,251.7]]],[[[2514.2,252.8],[2514.9,253.0],[2513.4,253.0],[2514.1,252.9],[2514.2,252.8]]],[[[2511.8,252.8],[2513.3,253.7],[2512.4,252.6],[2511.8,252.8]]],[[[2505.9,253.9],[2508.0,253.6],[2506.2,252.2],[2506.9,253.0],[2504.6,253.9],[2505.4,254.3],[2505.9,253.9]]],[[[2509.4,253.4],[2510.5,254.9],[2512.6,253.5],[2509.2,251.7],[2510.4,253.2],[2508.9,253.1],[2509.4,253.4]]],[[[2501.9,252.3],[2500.2,252.7],[2504.1,254.8],[2503.4,253.3],[2504.0,252.8],[2501.9,252.3]]],[[[2481.5,254.6],[2488.7,256.7],[2482.9,254.6],[2481.5,254.6]]],[[[837.9,315.5],[837.9,316.8],[839.3,315.4],[838.4,315.2],[837.9,315.5]]],[[[835.9,316.4],[835.1,317.3],[835.9,316.5],[835.9,316.4]]],[[[808.9,339.7],[808.6,340.6],[809.2,339.2],[808.9,339.7]]],[[[813.5,340.5],[811.6,341.5],[813.3,341.4],[813.8,340.5],[813.5,340.5]]],[[[816.3,342.3],[817.0,342.4],[817.2,341.1],[815.5,342.1],[816.3,342.3]]],[[[805.8,543.0],[807.4,541.0],[806.7,539.7],[798.5,538.7],[795.3,539.8],[795.9,543.5],[804.8,543.6],[805.8,543.0]]],[[[808.1,542.5],[809.1,542.2],[809.5,541.9],[808.8,541.9],[808.1,542.5]]],[[[812.4,546.0],[814.8,545.3],[812.5,545.5],[812.4,546.0]]],[[[2402.7,568.4],[2402.9,567.5],[2402.8,567.0],[2402.4,567.7],[2402.7,568.4]]],[[[2397.3,584.5],[2398.5,581.3],[2397.5,581.7],[2396.8,583.5],[2397.3,584.5]]],[[[2733.0,823.3],[2733.6,822.7],[2734.0,822.3],[2733.3,822.7],[2733.0,823.3]]]]},"type":"Feature","properties":{"status":"sc","iso2":"US","name":"United States of America","id":"United States of America"}},{"geometry":{"type":"Polygon","coordinates":[[[1631.2,262.7],[1634.2,267.7],[1632.6,269.1],[1630.8,269.0],[1625.7,264.5],[1623.6,265.0],[1623.5,267.8],[1621.3,270.7],[1621.5,272.9],[1623.6,275.4],[1621.6,278.2],[1621.6,281.0],[1625.1,282.7],[1627.4,287.2],[1630.3,286.5],[1634.3,288.1],[1640.3,295.0],[1637.4,296.2],[1642.8,298.9],[1642.4,298.4],[1643.8,297.8],[1642.9,296.9],[1644.4,297.7],[1644.1,296.9],[1646.5,297.0],[1654.1,292.5],[1661.0,294.7],[1664.5,293.7],[1666.8,294.3],[1669.7,299.7],[1668.3,305.4],[1671.9,307.4],[1661.4,306.8],[1658.8,308.4],[1657.5,311.4],[1661.8,314.5],[1658.9,314.6],[1654.4,313.3],[1653.1,313.7],[1652.5,314.7],[1657.7,317.9],[1661.6,323.1],[1662.5,325.7],[1664.6,325.7],[1666.8,328.4],[1672.8,329.7],[1672.8,330.5],[1672.2,330.1],[1672.8,331.8],[1671.8,334.9],[1672.6,338.1],[1677.0,334.1],[1682.9,333.5],[1688.0,335.5],[1693.7,341.2],[1698.2,341.9],[1691.3,310.4],[1707.8,305.5],[1708.4,303.0],[1710.9,302.5],[1712.1,303.6],[1709.2,304.4],[1709.5,306.0],[1714.5,308.8],[1715.5,307.3],[1713.5,305.4],[1715.0,305.6],[1716.6,307.2],[1716.2,309.4],[1725.6,314.1],[1735.3,322.8],[1742.3,322.1],[1750.9,322.7],[1754.8,321.2],[1756.0,321.5],[1762.9,327.5],[1765.3,327.6],[1766.4,334.5],[1767.6,335.8],[1770.2,336.6],[1773.3,342.8],[1775.5,343.5],[1782.0,343.0],[1783.4,344.2],[1784.0,346.8],[1788.0,347.9],[1787.1,345.5],[1789.6,342.7],[1789.7,341.0],[1795.1,337.7],[1796.9,335.3],[1798.6,335.2],[1801.6,333.6],[1800.1,333.0],[1801.4,329.8],[1806.9,328.9],[1817.9,332.2],[1816.8,329.7],[1816.9,327.5],[1820.5,325.1],[1831.0,329.2],[1832.1,329.0],[1832.7,327.9],[1837.2,328.3],[1840.2,327.6],[1852.4,328.5],[1856.7,330.0],[1859.3,331.9],[1862.4,332.5],[1865.5,335.1],[1863.5,329.8],[1865.7,328.4],[1864.2,327.5],[1866.5,325.8],[1860.8,317.0],[1859.7,312.5],[1856.0,311.7],[1855.6,310.8],[1865.5,307.7],[1868.6,308.9],[1872.8,309.1],[1872.7,306.9],[1869.7,305.2],[1870.4,291.9],[1876.3,293.4],[1881.0,293.3],[1883.1,294.5],[1886.9,292.6],[1887.4,290.9],[1884.3,285.5],[1884.2,282.3],[1889.1,280.0],[1889.2,275.9],[1892.3,275.6],[1886.3,271.7],[1885.8,269.8],[1883.0,272.1],[1876.3,271.0],[1872.9,267.0],[1868.1,265.6],[1864.0,261.6],[1860.3,259.7],[1857.9,259.6],[1852.7,262.0],[1850.8,261.4],[1848.6,261.9],[1846.4,260.1],[1844.6,260.0],[1844.1,258.1],[1841.3,257.3],[1839.8,257.8],[1840.1,259.7],[1838.4,260.9],[1838.7,261.6],[1837.7,261.2],[1816.9,241.9],[1803.2,233.9],[1805.0,233.5],[1804.6,231.9],[1805.2,231.0],[1797.0,234.1],[1796.7,235.4],[1793.0,237.3],[1792.5,239.1],[1788.9,237.8],[1786.3,239.4],[1784.4,237.6],[1785.1,236.3],[1786.7,236.0],[1785.7,234.2],[1784.2,235.3],[1779.3,233.7],[1778.4,234.5],[1779.9,235.0],[1778.3,235.6],[1777.6,234.4],[1778.0,233.7],[1774.9,231.7],[1775.6,233.2],[1773.6,232.9],[1771.9,233.9],[1769.0,233.4],[1767.9,232.6],[1768.7,232.0],[1768.4,229.2],[1766.3,228.0],[1763.6,224.5],[1762.0,224.1],[1759.7,225.3],[1755.9,223.8],[1751.0,223.1],[1751.6,223.8],[1749.8,223.7],[1749.7,224.6],[1747.5,225.8],[1748.3,226.1],[1746.8,226.9],[1737.8,229.2],[1731.6,229.7],[1730.4,230.5],[1730.0,232.1],[1728.7,231.7],[1719.0,233.1],[1717.9,234.1],[1715.3,234.3],[1714.9,235.6],[1712.7,234.5],[1710.6,235.2],[1706.9,234.5],[1704.7,235.3],[1706.2,237.0],[1705.0,237.7],[1709.4,238.9],[1707.2,240.4],[1714.3,242.7],[1712.4,243.5],[1707.1,243.2],[1706.0,245.7],[1709.0,248.6],[1703.2,251.8],[1707.6,254.4],[1715.9,257.5],[1715.2,258.2],[1715.3,261.1],[1713.8,262.1],[1709.1,262.4],[1706.3,260.7],[1705.4,263.2],[1703.5,263.7],[1703.2,262.8],[1697.8,261.6],[1694.4,258.4],[1692.9,259.1],[1691.0,258.8],[1690.9,260.5],[1689.3,260.7],[1686.5,258.9],[1684.5,259.0],[1683.7,259.9],[1682.0,259.3],[1680.2,262.2],[1678.4,263.3],[1670.0,259.4],[1671.2,262.5],[1670.5,263.7],[1669.8,261.0],[1666.1,258.5],[1663.4,257.6],[1661.1,255.7],[1655.3,255.3],[1653.6,253.1],[1650.8,254.1],[1650.0,255.7],[1648.0,255.6],[1647.1,254.2],[1643.3,253.3],[1643.8,254.7],[1642.5,254.7],[1641.5,257.1],[1635.9,258.9],[1635.7,261.1],[1632.4,262.7],[1631.2,262.7]]]},"type":"Feature","properties":{"status":"nogroup","iso2":"KZ","name":"Kazakhstan","id":"Kazakhstan"}},{"geometry":{"type":"MultiPolygon","coordinates":[[[[775.1,1303.0],[793.4,1304.2],[793.1,1305.0],[800.2,1305.6],[803.1,1304.9],[810.7,1305.6],[811.3,1305.3],[810.6,1305.0],[812.6,1304.0],[807.5,1303.6],[811.0,1302.9],[810.1,1302.8],[804.0,1303.2],[805.0,1301.9],[806.8,1301.8],[803.5,1300.6],[800.7,1300.8],[800.7,1302.9],[796.5,1301.0],[798.8,1302.9],[797.5,1302.9],[795.6,1302.0],[795.4,1300.8],[791.5,1300.0],[791.2,1301.4],[794.3,1302.5],[791.3,1302.0],[790.4,1302.6],[788.5,1301.7],[788.0,1302.5],[784.8,1300.9],[775.6,1302.3],[775.1,1303.0]]],[[[803.3,1306.2],[801.6,1306.8],[804.1,1306.4],[803.3,1306.2]]],[[[791.8,1307.5],[795.8,1307.8],[798.3,1306.6],[790.4,1305.6],[788.4,1306.6],[791.8,1307.5]]],[[[768.8,1309.9],[772.5,1310.1],[769.3,1308.7],[767.5,1308.7],[768.0,1309.4],[768.8,1309.9]]],[[[667.6,1312.8],[663.0,1311.2],[656.9,1310.4],[653.8,1310.9],[658.2,1313.4],[661.2,1313.5],[672.4,1316.5],[680.2,1316.7],[673.4,1313.4],[669.6,1313.7],[668.8,1313.5],[671.7,1313.1],[668.1,1313.1],[667.6,1312.8]]],[[[766.1,1315.7],[748.7,1310.4],[746.0,1310.3],[745.1,1311.2],[745.6,1312.7],[748.2,1314.3],[760.1,1317.5],[766.3,1317.9],[767.5,1316.9],[766.9,1316.2],[766.1,1315.7]]],[[[679.5,1313.8],[684.1,1314.8],[688.1,1317.8],[689.8,1318.2],[701.3,1317.0],[705.3,1315.4],[703.1,1314.2],[679.2,1313.0],[679.5,1313.8]]],[[[715.1,1316.9],[719.2,1316.7],[718.8,1315.1],[717.1,1314.8],[713.8,1316.1],[714.3,1316.6],[715.1,1316.9]]],[[[716.2,1317.9],[717.3,1317.7],[717.8,1317.4],[716.9,1317.3],[716.2,1317.9]]],[[[637.7,1318.8],[639.0,1318.4],[637.0,1318.6],[637.7,1318.8]]],[[[658.6,1317.5],[662.7,1319.2],[666.1,1319.4],[665.4,1318.3],[661.3,1317.3],[658.6,1317.5]]],[[[642.2,1319.1],[647.2,1319.3],[643.8,1317.8],[640.6,1317.9],[640.7,1318.7],[642.2,1319.1]]],[[[593.8,1325.7],[595.0,1325.9],[595.8,1325.9],[594.7,1325.6],[593.8,1325.7]]],[[[583.4,1326.8],[586.4,1326.9],[583.6,1326.1],[582.0,1326.4],[583.4,1326.8]]],[[[584.8,1330.1],[580.8,1329.8],[586.6,1331.0],[584.8,1330.1]]],[[[584.6,1333.3],[587.4,1333.6],[583.1,1332.9],[584.6,1333.3]]],[[[589.7,1333.1],[587.4,1333.1],[590.9,1333.7],[589.7,1333.1]]],[[[571.5,1333.9],[575.4,1333.6],[572.0,1333.4],[571.5,1333.9]]],[[[581.4,1334.3],[584.4,1334.1],[581.6,1333.5],[579.4,1334.0],[581.4,1334.3]]],[[[593.6,1335.4],[595.6,1334.9],[591.8,1334.8],[593.6,1335.4]]],[[[585.0,1335.0],[581.4,1335.2],[586.6,1335.5],[585.0,1335.0]]],[[[573.6,1335.1],[583.8,1336.2],[576.0,1334.8],[573.6,1335.1]]],[[[594.5,1336.7],[593.9,1336.6],[593.0,1336.7],[595.0,1337.2],[594.5,1336.7]]],[[[591.9,1336.5],[588.1,1335.8],[585.6,1336.5],[590.4,1338.0],[594.5,1338.3],[593.5,1337.3],[591.9,1336.5]]],[[[577.8,1337.7],[582.0,1337.7],[577.4,1336.8],[575.9,1337.4],[577.8,1337.7]]],[[[586.8,1337.4],[584.3,1337.5],[588.2,1337.7],[586.8,1337.4]]],[[[589.9,1338.5],[588.7,1338.2],[588.2,1338.3],[589.9,1338.5]]],[[[558.0,1348.9],[540.7,1343.6],[537.8,1343.4],[536.8,1344.3],[537.3,1345.9],[540.0,1347.5],[551.8,1350.6],[558.1,1351.0],[559.3,1350.1],[558.8,1349.4],[558.0,1348.9]]],[[[959.7,1231.5],[954.9,1230.8],[954.9,1231.6],[953.6,1232.3],[957.0,1232.0],[960.1,1232.9],[961.0,1231.9],[960.2,1231.9],[959.7,1231.5]]],[[[953.2,1233.4],[953.6,1232.7],[952.1,1233.2],[952.9,1233.6],[953.2,1233.4]]],[[[947.2,1235.4],[947.8,1234.1],[946.3,1235.7],[947.2,1235.4]]],[[[950.5,1237.5],[951.2,1237.0],[949.6,1236.9],[950.1,1237.6],[950.5,1237.5]]],[[[955.3,1243.2],[955.7,1242.6],[954.9,1242.6],[955.0,1243.4],[955.3,1243.2]]],[[[954.3,1246.0],[955.1,1244.1],[952.0,1243.1],[952.7,1246.4],[953.4,1246.7],[954.3,1246.0]]],[[[948.7,1248.7],[952.0,1246.9],[949.7,1247.0],[949.9,1246.1],[948.6,1245.8],[949.3,1245.1],[946.9,1244.8],[944.7,1247.9],[948.4,1249.2],[948.7,1248.7]]],[[[950.9,1249.2],[950.7,1248.3],[949.2,1249.3],[950.6,1249.7],[950.9,1249.2]]],[[[939.9,1256.3],[940.4,1254.7],[939.4,1254.2],[938.5,1255.6],[939.0,1257.0],[939.9,1256.3]]],[[[937.7,1259.5],[936.5,1258.8],[937.3,1260.4],[937.7,1259.5]]],[[[935.2,1263.2],[936.2,1264.7],[936.8,1264.4],[936.4,1263.7],[935.2,1263.2]]],[[[933.6,1271.0],[934.4,1269.4],[936.0,1269.1],[934.6,1268.3],[935.6,1266.6],[933.7,1264.9],[933.3,1262.4],[931.0,1264.0],[929.5,1269.4],[932.4,1271.2],[933.6,1271.0]]],[[[954.4,1270.4],[955.4,1270.1],[956.0,1269.9],[955.1,1269.9],[954.4,1270.4]]],[[[940.6,1271.2],[941.1,1270.0],[938.2,1270.3],[940.1,1271.5],[940.6,1271.2]]],[[[942.5,1271.6],[942.3,1271.4],[941.7,1271.7],[942.5,1272.2],[942.5,1271.6]]],[[[919.8,1284.9],[922.5,1285.8],[924.5,1285.2],[920.7,1283.9],[919.5,1284.5],[919.8,1284.9]]],[[[906.9,1288.4],[911.6,1288.8],[913.3,1287.5],[909.3,1286.1],[906.5,1286.3],[906.3,1288.0],[906.9,1288.4]]],[[[917.5,1299.8],[920.5,1301.7],[927.8,1303.0],[929.3,1301.9],[927.0,1300.5],[931.4,1301.4],[934.6,1299.4],[938.1,1301.2],[943.5,1302.1],[938.8,1303.2],[942.9,1303.8],[946.5,1303.1],[945.9,1304.2],[944.3,1304.8],[933.9,1304.4],[934.8,1305.7],[937.6,1306.3],[953.4,1306.0],[955.6,1305.6],[955.4,1304.6],[957.6,1303.2],[957.1,1299.8],[950.1,1292.5],[942.5,1287.9],[936.8,1283.3],[933.4,1282.3],[931.6,1279.7],[929.0,1278.7],[923.6,1279.5],[921.4,1281.2],[922.1,1282.6],[926.8,1285.4],[927.6,1287.4],[931.1,1289.2],[927.2,1291.5],[937.5,1293.7],[939.5,1294.7],[940.0,1295.9],[937.1,1294.9],[934.8,1295.9],[928.4,1295.3],[927.0,1296.1],[931.5,1297.3],[925.8,1297.1],[927.3,1299.2],[922.1,1297.7],[921.3,1297.9],[923.2,1299.6],[918.2,1299.1],[917.5,1299.8]]],[[[918.6,1292.4],[916.9,1292.1],[916.7,1293.0],[914.2,1292.6],[913.3,1293.6],[909.3,1293.9],[907.7,1295.1],[909.7,1295.9],[912.8,1295.8],[920.2,1294.6],[921.9,1293.7],[919.3,1292.0],[918.6,1292.4]]],[[[903.4,1304.5],[907.7,1305.8],[910.0,1305.0],[905.6,1303.7],[901.6,1304.3],[903.4,1304.5]]],[[[816.9,1305.9],[816.5,1306.5],[820.3,1306.1],[817.4,1305.5],[816.9,1305.9]]],[[[827.0,1306.3],[828.0,1305.8],[826.5,1305.9],[827.0,1306.3]]],[[[836.5,1306.1],[839.7,1307.8],[841.1,1309.7],[842.4,1309.3],[842.3,1307.8],[840.3,1305.8],[836.4,1305.8],[836.5,1306.1]]],[[[826.3,1307.6],[825.3,1307.9],[826.9,1307.7],[826.3,1307.6]]],[[[849.5,1307.8],[847.3,1307.7],[846.3,1308.9],[849.3,1309.2],[850.3,1308.2],[849.5,1307.8]]],[[[924.2,1307.4],[923.5,1308.2],[925.1,1308.7],[923.0,1309.8],[924.3,1311.0],[931.9,1313.1],[934.4,1312.4],[932.2,1311.1],[931.9,1309.0],[930.8,1308.3],[924.7,1307.4],[924.2,1307.4]]],[[[934.8,1310.9],[935.8,1311.6],[936.5,1310.4],[936.0,1309.8],[934.8,1310.2],[934.8,1310.9]]],[[[912.6,1311.4],[915.1,1311.0],[912.4,1310.1],[911.3,1310.4],[911.8,1311.0],[912.6,1311.4]]],[[[1038.3,1216.6],[1042.7,1217.5],[1040.8,1216.0],[1036.9,1215.7],[1037.4,1216.2],[1038.3,1216.6]]],[[[1045.4,1217.7],[1046.8,1217.1],[1044.6,1217.2],[1045.4,1217.7]]],[[[982.0,1220.7],[983.4,1221.6],[986.2,1220.1],[981.7,1219.9],[982.0,1220.7]]],[[[989.8,1221.2],[990.6,1221.6],[989.7,1220.7],[989.8,1221.2]]],[[[967.2,1229.2],[968.0,1228.8],[967.5,1228.0],[969.1,1228.5],[971.7,1227.0],[967.8,1226.7],[965.8,1227.6],[964.9,1229.0],[967.2,1229.2]]],[[[963.7,1229.5],[965.2,1230.0],[966.0,1229.5],[964.7,1229.1],[963.7,1229.5]]],[[[962.8,1230.8],[963.4,1230.6],[961.2,1230.1],[962.8,1230.8]]],[[[961.8,1230.9],[960.4,1231.3],[962.0,1231.1],[961.8,1230.9]]],[[[958.1,1234.6],[958.8,1234.4],[957.3,1234.2],[958.5,1235.1],[958.1,1234.6]]],[[[985.3,1235.5],[983.8,1234.8],[982.4,1235.4],[984.6,1236.3],[985.4,1235.8],[985.3,1235.5]]],[[[985.2,1238.4],[988.0,1237.4],[992.4,1237.3],[987.6,1235.9],[984.8,1236.5],[984.1,1237.8],[985.2,1238.4]]],[[[987.9,1239.5],[989.1,1238.6],[988.1,1238.0],[986.5,1238.8],[987.9,1239.5]]],[[[961.2,1240.9],[960.1,1240.1],[961.2,1241.7],[961.2,1240.9]]],[[[981.3,1242.0],[982.7,1241.3],[978.9,1241.3],[979.5,1241.6],[981.3,1242.0]]],[[[977.5,1244.0],[979.1,1245.6],[980.8,1246.0],[983.3,1245.5],[983.9,1243.9],[980.7,1242.1],[979.7,1243.3],[977.6,1241.2],[975.8,1243.2],[976.8,1243.6],[977.5,1244.0]]],[[[984.8,1246.9],[985.4,1245.6],[983.1,1246.2],[983.5,1246.9],[984.8,1246.9]]],[[[973.2,1251.1],[972.2,1251.5],[974.4,1251.9],[973.7,1251.3],[973.2,1251.1]]],[[[981.0,1278.1],[981.7,1278.4],[982.1,1277.9],[981.5,1277.8],[981.0,1278.1]]],[[[979.9,1284.1],[977.6,1281.6],[975.5,1281.2],[979.8,1285.5],[979.9,1284.1]]],[[[984.2,1287.5],[985.0,1287.5],[984.9,1287.1],[984.4,1286.9],[984.2,1287.5]]],[[[989.5,1290.9],[988.8,1291.7],[989.8,1292.2],[991.6,1291.5],[990.4,1291.0],[989.5,1290.9]]],[[[1279.1,1292.3],[1278.4,1292.6],[1279.2,1292.7],[1279.9,1292.5],[1279.1,1292.3]]],[[[992.8,1293.8],[991.8,1293.8],[992.5,1294.8],[994.4,1295.1],[993.5,1294.1],[992.8,1293.8]]],[[[1213.3,1319.0],[1217.7,1319.8],[1220.1,1321.5],[1221.4,1321.3],[1218.2,1318.6],[1218.2,1316.4],[1214.1,1318.4],[1213.3,1319.0]]],[[[1139.6,1346.3],[1145.6,1346.0],[1128.9,1345.1],[1123.6,1345.7],[1132.1,1345.8],[1139.6,1346.3]]],[[[992.3,1351.3],[999.4,1346.3],[999.9,1345.1],[997.0,1344.7],[990.1,1346.2],[985.1,1348.0],[983.5,1349.5],[985.6,1351.5],[988.8,1352.2],[991.3,1351.8],[992.3,1351.3]]],[[[1080.5,1355.5],[1074.7,1356.2],[1072.8,1357.3],[1072.4,1358.4],[1075.0,1359.5],[1080.9,1359.9],[1110.4,1357.9],[1119.2,1356.8],[1120.7,1355.7],[1118.3,1354.8],[1121.6,1354.5],[1122.5,1353.5],[1120.6,1351.3],[1114.5,1350.2],[1117.6,1349.6],[1116.2,1348.1],[1109.8,1348.2],[1107.8,1347.2],[1108.7,1346.5],[1114.0,1346.2],[1114.0,1345.1],[1112.0,1343.8],[1105.8,1342.2],[1096.2,1341.6],[1090.1,1342.6],[1085.3,1344.7],[1084.2,1346.3],[1084.2,1348.3],[1086.6,1351.9],[1081.5,1355.1],[1080.5,1355.5]]],[[[1014.8,1356.9],[1020.1,1357.5],[1027.6,1357.0],[1040.0,1359.1],[1043.9,1358.5],[1045.1,1357.0],[1042.8,1353.5],[1039.0,1352.1],[1035.9,1352.9],[1036.2,1355.0],[1033.5,1355.9],[1021.8,1356.0],[1011.8,1354.9],[1012.9,1356.1],[1014.8,1356.9]]],[[[1887.6,1247.0],[1892.2,1247.5],[1893.6,1246.0],[1891.2,1243.6],[1888.4,1243.2],[1887.3,1244.4],[1888.0,1246.6],[1887.6,1247.0]]],[[[1914.2,1252.7],[1915.4,1253.9],[1916.3,1253.8],[1916.0,1251.5],[1914.1,1251.6],[1913.8,1252.5],[1914.2,1252.7]]],[[[1899.0,1255.6],[1902.4,1255.2],[1903.1,1253.8],[1900.8,1253.3],[1896.8,1255.0],[1897.6,1255.4],[1899.0,1255.6]]],[[[1850.6,1255.8],[1852.2,1256.2],[1850.8,1255.6],[1850.6,1255.8]]],[[[1898.2,1256.8],[1899.2,1256.7],[1899.6,1256.4],[1898.2,1256.8]]],[[[1896.0,1259.0],[1897.0,1258.4],[1895.6,1258.8],[1896.0,1259.0]]],[[[1873.0,1259.9],[1874.4,1258.8],[1871.7,1258.8],[1871.2,1259.7],[1873.0,1259.9]]],[[[2249.6,1259.7],[2248.6,1259.7],[2248.1,1261.0],[2249.0,1260.6],[2249.6,1259.7]]],[[[2249.0,1262.5],[2248.2,1263.2],[2249.7,1262.6],[2249.0,1262.5]]],[[[1885.6,1263.4],[1887.0,1262.3],[1884.7,1263.5],[1885.6,1263.4]]],[[[2251.7,1268.6],[2252.0,1268.0],[2251.0,1268.0],[2249.5,1269.8],[2250.7,1269.5],[2251.7,1268.6]]],[[[2182.7,1280.5],[2183.5,1280.1],[2182.6,1279.8],[2181.6,1280.6],[2182.7,1280.5]]],[[[2184.3,1281.0],[2186.0,1280.7],[2184.3,1280.6],[2184.3,1281.0]]],[[[1407.7,1288.8],[1410.1,1288.6],[1411.6,1287.5],[1407.5,1287.1],[1406.5,1287.4],[1406.7,1288.3],[1407.7,1288.8]]],[[[1391.2,1288.8],[1393.8,1288.7],[1392.9,1287.8],[1390.4,1287.9],[1390.6,1288.5],[1391.2,1288.8]]],[[[1304.3,1291.0],[1307.2,1290.2],[1304.5,1289.9],[1304.1,1290.7],[1304.3,1291.0]]],[[[1288.1,1291.5],[1289.5,1291.6],[1289.7,1290.8],[1287.1,1291.0],[1288.1,1291.5]]],[[[1340.6,1291.4],[1340.6,1290.4],[1338.7,1290.3],[1338.0,1291.1],[1339.2,1292.0],[1340.6,1291.4]]],[[[1335.1,1291.7],[1334.5,1292.5],[1335.2,1291.9],[1335.1,1291.7]]],[[[1308.8,1294.6],[1311.0,1293.1],[1305.5,1291.9],[1303.4,1292.4],[1303.7,1293.4],[1307.5,1295.0],[1308.8,1294.6]]],[[[1325.6,1295.1],[1326.3,1295.2],[1326.3,1294.6],[1325.6,1295.1]]],[[[2214.6,1312.7],[2217.9,1310.9],[2213.2,1312.3],[2213.9,1312.7],[2214.6,1312.7]]],[[[941.6,1269.9],[942.3,1269.3],[945.1,1269.7],[943.4,1270.3],[944.3,1272.4],[942.6,1272.8],[947.2,1274.8],[944.9,1275.4],[946.2,1275.8],[945.9,1276.9],[948.0,1278.8],[945.7,1279.3],[949.7,1280.4],[950.7,1281.3],[948.2,1283.0],[943.8,1282.3],[943.4,1283.1],[941.1,1283.4],[944.8,1285.3],[945.9,1287.9],[950.7,1290.1],[957.4,1295.3],[959.8,1298.9],[964.3,1301.0],[967.0,1304.8],[965.0,1307.7],[957.8,1310.1],[941.9,1311.9],[937.0,1313.6],[930.9,1313.4],[923.4,1314.6],[921.5,1314.2],[922.3,1313.2],[921.4,1312.7],[912.1,1313.4],[909.1,1311.6],[897.9,1309.2],[900.9,1311.3],[897.2,1311.6],[900.1,1313.6],[895.7,1315.2],[876.5,1313.1],[869.2,1309.1],[869.2,1310.2],[866.8,1310.8],[856.3,1310.0],[855.1,1309.7],[855.7,1308.9],[854.7,1308.4],[855.4,1307.9],[854.8,1307.3],[847.9,1306.2],[850.9,1307.8],[851.5,1309.6],[847.1,1310.0],[845.0,1311.0],[834.7,1310.2],[827.5,1311.1],[822.3,1310.2],[815.3,1311.0],[805.7,1309.9],[806.2,1309.2],[803.3,1308.6],[783.0,1309.2],[780.8,1308.8],[781.6,1308.5],[779.4,1307.1],[777.0,1306.9],[775.0,1307.9],[781.8,1311.2],[796.8,1311.6],[803.8,1313.1],[798.4,1314.2],[784.4,1312.9],[786.7,1314.9],[793.7,1316.0],[799.2,1319.1],[804.6,1319.0],[806.4,1319.8],[805.7,1320.3],[808.0,1320.9],[805.6,1321.2],[806.1,1321.5],[812.4,1322.3],[813.8,1323.9],[807.5,1324.6],[794.6,1322.7],[784.5,1323.0],[776.2,1324.6],[765.0,1323.5],[759.5,1324.6],[756.1,1323.7],[756.5,1322.9],[755.6,1322.5],[757.2,1321.1],[752.1,1317.7],[744.2,1317.2],[747.4,1319.0],[746.7,1319.1],[747.0,1319.5],[749.9,1320.6],[745.3,1321.8],[742.5,1320.5],[738.2,1320.3],[739.0,1318.7],[735.6,1318.3],[735.0,1316.6],[729.0,1315.0],[726.7,1316.3],[730.5,1318.9],[724.8,1318.6],[717.5,1319.5],[713.0,1318.1],[710.5,1318.5],[711.6,1319.2],[710.6,1319.8],[707.6,1320.4],[668.7,1320.1],[656.2,1321.4],[643.7,1320.7],[636.5,1321.4],[628.1,1319.4],[619.2,1320.9],[620.2,1322.1],[619.1,1322.8],[610.5,1323.1],[608.6,1325.8],[598.5,1325.6],[597.4,1325.8],[598.3,1326.3],[597.6,1326.6],[592.7,1326.7],[591.5,1327.1],[592.3,1327.8],[584.9,1329.2],[587.0,1330.5],[593.7,1331.6],[592.9,1331.8],[588.7,1331.9],[576.3,1329.8],[572.8,1331.2],[575.8,1332.4],[586.2,1332.2],[597.9,1334.0],[595.9,1334.5],[602.0,1335.9],[596.6,1335.5],[603.1,1338.1],[602.2,1338.5],[595.7,1337.0],[596.6,1337.6],[591.7,1338.8],[592.5,1339.5],[588.2,1339.4],[591.4,1340.2],[588.9,1340.7],[574.6,1338.0],[571.8,1337.8],[572.7,1338.4],[568.7,1338.7],[564.2,1336.9],[550.8,1336.0],[549.1,1336.6],[551.2,1337.2],[549.4,1337.9],[541.0,1336.2],[545.9,1338.5],[549.2,1341.3],[552.0,1342.3],[561.1,1343.8],[572.5,1342.7],[575.4,1343.3],[576.9,1344.5],[570.3,1345.9],[572.3,1346.8],[628.6,1353.5],[643.0,1356.6],[644.2,1357.6],[640.4,1360.4],[641.1,1362.1],[607.7,1359.8],[599.9,1360.7],[602.6,1362.1],[616.1,1362.9],[618.1,1363.7],[617.7,1364.2],[618.3,1364.6],[622.2,1365.8],[640.1,1368.4],[640.9,1368.8],[641.7,1371.3],[651.1,1375.2],[672.9,1378.0],[720.6,1379.3],[726.7,1380.1],[725.9,1380.4],[726.6,1381.0],[720.7,1381.4],[686.6,1380.1],[683.4,1380.7],[682.2,1381.3],[682.8,1381.8],[681.8,1381.9],[665.9,1381.4],[646.5,1382.0],[585.2,1378.4],[620.5,1389.9],[641.2,1395.8],[646.7,1396.7],[2107.1,1396.7],[2133.9,1389.6],[2168.0,1378.3],[2137.3,1377.9],[2125.9,1376.5],[2127.6,1376.1],[2121.9,1376.3],[2109.1,1374.6],[2103.3,1375.0],[2098.8,1374.3],[2102.2,1373.3],[2092.3,1372.3],[2082.8,1372.7],[2090.5,1371.7],[2092.2,1370.7],[2085.1,1370.4],[2089.6,1369.4],[2086.5,1369.5],[2085.6,1369.1],[2086.4,1368.9],[2083.1,1368.3],[2084.6,1367.6],[2078.7,1366.8],[2081.4,1366.2],[2079.7,1364.9],[2080.3,1364.5],[2078.5,1364.3],[2079.4,1363.7],[2072.8,1362.9],[2083.5,1361.7],[2084.3,1361.2],[2077.7,1361.1],[2081.9,1359.5],[2079.5,1358.8],[2085.9,1358.0],[2081.0,1357.6],[2086.1,1357.7],[2087.7,1356.5],[2077.6,1357.2],[2076.1,1356.3],[2090.1,1354.8],[2091.8,1353.9],[2084.6,1354.2],[2097.3,1351.6],[2100.4,1349.6],[2099.8,1349.1],[2101.4,1348.7],[2111.8,1347.5],[2115.2,1347.9],[2123.8,1346.2],[2136.3,1345.2],[2140.8,1346.0],[2141.3,1345.1],[2136.8,1344.3],[2140.0,1342.1],[2136.4,1343.3],[2135.2,1343.1],[2136.8,1342.2],[2132.6,1342.8],[2136.7,1341.7],[2138.9,1340.2],[2139.1,1339.7],[2135.1,1339.9],[2139.0,1338.5],[2140.7,1335.7],[2137.6,1335.2],[2143.4,1333.8],[2143.0,1333.0],[2145.5,1332.5],[2148.4,1330.5],[2147.0,1330.1],[2151.9,1328.9],[2156.1,1326.7],[2159.1,1323.5],[2167.8,1322.4],[2169.1,1321.1],[2172.5,1320.0],[2174.4,1320.6],[2179.4,1319.8],[2183.0,1316.6],[2189.3,1316.4],[2190.3,1315.7],[2188.7,1315.1],[2191.3,1314.4],[2196.7,1313.8],[2205.3,1311.5],[2206.5,1312.0],[2205.8,1312.7],[2206.4,1312.8],[2210.0,1311.8],[2211.4,1312.4],[2216.7,1309.6],[2220.9,1308.7],[2229.3,1305.1],[2231.5,1303.8],[2228.5,1304.3],[2232.9,1302.2],[2239.1,1300.8],[2241.5,1299.1],[2242.3,1297.2],[2242.2,1296.6],[2238.3,1299.2],[2233.0,1295.6],[2232.4,1294.3],[2233.5,1293.9],[2233.3,1293.0],[2228.1,1292.5],[2230.5,1292.0],[2225.4,1292.5],[2223.0,1291.4],[2217.5,1291.1],[2212.3,1292.3],[2211.4,1291.7],[2211.1,1289.5],[2206.7,1290.6],[2209.0,1289.0],[2206.9,1289.8],[2206.1,1289.1],[2202.9,1289.3],[2201.3,1287.7],[2202.4,1287.4],[2201.6,1285.4],[2198.7,1284.6],[2197.6,1282.6],[2193.8,1282.2],[2194.0,1279.9],[2187.3,1281.9],[2180.2,1281.0],[2178.9,1279.4],[2183.1,1277.5],[2180.8,1275.6],[2179.7,1275.7],[2179.1,1277.4],[2175.8,1279.6],[2173.3,1279.9],[2168.7,1278.7],[2160.7,1279.9],[2160.8,1279.1],[2164.6,1276.0],[2159.4,1276.1],[2158.5,1275.0],[2153.2,1275.5],[2152.2,1273.8],[2154.7,1272.7],[2153.6,1271.7],[2144.4,1273.7],[2146.5,1272.4],[2146.0,1271.1],[2144.7,1270.2],[2140.4,1269.6],[2145.5,1267.5],[2146.3,1266.5],[2144.8,1266.3],[2145.3,1265.6],[2139.0,1267.2],[2139.8,1265.6],[2135.9,1266.0],[2136.4,1265.2],[2135.3,1264.4],[2130.1,1265.5],[2127.4,1263.7],[2123.9,1264.1],[2104.1,1260.5],[2100.2,1260.7],[2096.1,1258.5],[2093.6,1258.5],[2099.7,1254.0],[2101.2,1250.7],[2098.6,1249.9],[2094.1,1252.7],[2091.5,1255.5],[2092.3,1255.9],[2091.1,1257.6],[2088.9,1259.5],[2085.2,1258.6],[2072.7,1259.8],[2065.9,1259.7],[2060.5,1261.4],[2054.0,1265.4],[2051.1,1266.1],[2045.3,1265.6],[2042.5,1264.2],[2042.1,1263.9],[2044.6,1261.4],[2041.6,1260.1],[2031.0,1263.6],[2030.0,1263.6],[2030.2,1262.3],[2029.3,1261.8],[2021.1,1263.7],[2019.7,1263.5],[2020.6,1262.8],[2019.9,1262.5],[2016.8,1262.0],[2007.5,1264.1],[1988.4,1265.3],[1985.8,1264.5],[1985.1,1262.0],[1983.2,1260.8],[1974.5,1261.4],[1974.4,1258.9],[1970.8,1255.8],[1956.1,1258.2],[1949.9,1262.2],[1939.3,1264.2],[1938.1,1263.8],[1938.6,1263.1],[1937.6,1263.0],[1936.2,1261.1],[1928.7,1260.9],[1916.2,1257.9],[1909.7,1257.3],[1898.1,1258.6],[1884.5,1264.4],[1882.9,1262.3],[1881.0,1261.8],[1875.5,1263.2],[1875.6,1262.4],[1873.1,1262.2],[1865.2,1262.9],[1860.1,1262.2],[1856.1,1262.9],[1842.1,1262.0],[1826.9,1263.7],[1825.2,1263.2],[1826.5,1261.3],[1825.8,1258.4],[1821.5,1262.6],[1817.2,1264.9],[1804.6,1266.9],[1792.3,1266.7],[1787.5,1268.3],[1786.1,1267.1],[1784.7,1267.1],[1780.2,1269.4],[1782.5,1270.5],[1779.7,1270.3],[1776.4,1271.8],[1765.1,1273.5],[1757.7,1276.4],[1755.3,1277.7],[1754.9,1278.3],[1755.8,1278.6],[1751.9,1281.3],[1739.2,1284.5],[1736.1,1284.2],[1734.1,1285.7],[1733.0,1285.2],[1732.1,1285.9],[1728.4,1286.0],[1721.5,1287.9],[1719.5,1288.9],[1719.5,1290.7],[1716.2,1292.4],[1713.2,1292.8],[1709.0,1295.6],[1707.0,1298.7],[1703.3,1300.9],[1689.1,1304.7],[1685.0,1303.6],[1683.5,1302.4],[1687.1,1299.9],[1687.6,1299.1],[1686.8,1298.8],[1696.9,1294.2],[1699.9,1290.5],[1697.1,1290.2],[1696.7,1292.0],[1694.4,1293.0],[1693.2,1292.7],[1694.5,1290.7],[1691.5,1290.7],[1695.8,1286.9],[1697.3,1286.7],[1699.1,1287.8],[1701.5,1286.9],[1703.3,1284.8],[1701.0,1284.1],[1702.1,1283.2],[1707.0,1282.9],[1707.0,1281.9],[1705.6,1280.9],[1708.1,1280.0],[1708.5,1279.6],[1706.9,1279.1],[1709.3,1278.3],[1709.3,1277.5],[1711.9,1277.0],[1711.2,1273.9],[1712.5,1271.2],[1706.1,1272.1],[1680.1,1269.4],[1673.6,1270.4],[1662.1,1268.6],[1654.1,1268.5],[1653.5,1266.9],[1642.2,1264.8],[1646.3,1262.3],[1641.0,1260.7],[1637.1,1257.8],[1624.4,1257.0],[1617.6,1258.1],[1606.8,1261.8],[1605.6,1263.0],[1606.0,1265.9],[1607.9,1266.7],[1604.9,1267.1],[1602.3,1265.8],[1599.6,1266.2],[1598.9,1265.8],[1599.7,1265.1],[1599.2,1264.7],[1595.0,1265.8],[1593.5,1267.1],[1595.4,1268.4],[1597.7,1268.6],[1588.2,1271.0],[1585.9,1269.5],[1588.1,1268.7],[1582.9,1267.6],[1581.7,1268.2],[1580.8,1270.4],[1574.5,1270.9],[1569.2,1272.7],[1561.2,1273.8],[1543.4,1279.3],[1540.7,1282.1],[1541.2,1283.3],[1540.6,1284.2],[1534.1,1287.3],[1533.5,1286.5],[1534.3,1284.0],[1531.2,1287.3],[1530.6,1285.8],[1526.8,1284.9],[1530.2,1283.8],[1531.0,1282.2],[1522.6,1285.0],[1520.7,1283.2],[1522.7,1283.6],[1522.5,1282.5],[1516.9,1280.8],[1515.0,1279.4],[1514.0,1277.1],[1511.7,1276.5],[1507.3,1277.7],[1506.4,1278.7],[1506.6,1280.1],[1501.3,1283.2],[1493.3,1285.9],[1449.9,1291.4],[1435.1,1290.2],[1420.8,1287.8],[1406.8,1289.8],[1399.6,1289.0],[1393.2,1289.7],[1388.0,1292.5],[1385.0,1292.8],[1381.3,1292.3],[1369.4,1288.1],[1368.1,1288.4],[1370.4,1289.6],[1368.7,1291.1],[1363.4,1288.7],[1357.7,1291.9],[1347.0,1292.4],[1334.5,1294.4],[1326.8,1296.1],[1319.9,1299.3],[1317.8,1298.7],[1318.1,1297.7],[1317.2,1296.9],[1311.5,1297.9],[1310.1,1297.3],[1309.8,1296.1],[1306.4,1297.0],[1297.6,1296.9],[1290.9,1297.9],[1289.4,1296.4],[1292.5,1293.8],[1291.5,1292.7],[1289.8,1292.6],[1285.2,1294.5],[1281.4,1297.6],[1283.1,1299.8],[1278.8,1300.5],[1276.4,1299.9],[1274.3,1296.6],[1269.9,1294.9],[1270.4,1294.2],[1267.0,1294.5],[1265.7,1294.8],[1268.0,1295.5],[1263.5,1299.4],[1260.7,1299.0],[1259.9,1296.8],[1256.6,1297.9],[1257.1,1299.1],[1262.0,1301.5],[1262.3,1303.0],[1261.0,1304.4],[1253.5,1307.1],[1247.3,1307.5],[1251.2,1309.0],[1248.2,1310.2],[1240.1,1311.0],[1236.6,1313.8],[1236.4,1314.7],[1240.2,1314.2],[1236.3,1315.7],[1239.1,1316.3],[1243.6,1316.1],[1248.0,1314.6],[1252.6,1315.6],[1237.3,1320.8],[1232.6,1325.6],[1235.1,1327.5],[1225.4,1327.5],[1219.9,1328.9],[1205.0,1329.5],[1191.9,1331.3],[1192.5,1331.8],[1182.7,1333.3],[1168.9,1337.9],[1162.2,1338.8],[1163.4,1338.9],[1154.2,1343.5],[1152.0,1345.9],[1152.4,1347.4],[1154.6,1348.6],[1169.1,1351.1],[1195.8,1348.4],[1196.8,1348.9],[1184.5,1352.6],[1194.6,1354.2],[1196.3,1355.4],[1195.1,1356.4],[1137.4,1362.3],[1133.8,1364.6],[1131.4,1365.1],[1108.0,1364.8],[1083.4,1366.5],[1077.9,1367.6],[1069.8,1370.6],[1066.1,1371.0],[1064.5,1370.6],[1063.6,1368.9],[1061.7,1368.2],[1012.1,1361.8],[978.9,1358.5],[968.6,1355.7],[952.7,1355.1],[948.8,1353.9],[961.5,1354.8],[964.1,1354.0],[964.9,1352.6],[963.3,1351.2],[958.9,1350.3],[941.1,1350.1],[944.1,1352.1],[942.8,1352.1],[936.4,1349.9],[928.5,1348.7],[917.7,1344.6],[917.1,1343.9],[921.0,1344.0],[934.7,1346.9],[945.6,1347.5],[950.8,1346.0],[947.3,1343.8],[929.5,1342.0],[926.1,1341.3],[930.1,1341.3],[924.7,1339.6],[960.7,1343.0],[964.4,1342.5],[967.0,1340.7],[966.2,1339.7],[963.1,1339.1],[951.6,1338.8],[939.0,1334.7],[930.2,1331.3],[929.6,1330.4],[931.6,1329.3],[931.0,1328.7],[938.5,1329.7],[946.4,1332.8],[972.7,1334.1],[974.4,1333.6],[974.8,1331.8],[975.8,1331.3],[990.3,1329.1],[1000.7,1326.2],[1001.7,1325.1],[995.6,1324.5],[1001.0,1323.3],[996.2,1322.5],[1000.1,1321.5],[997.9,1319.9],[1003.7,1322.4],[1005.8,1321.7],[1004.1,1317.8],[1006.4,1316.6],[1002.1,1315.2],[1006.2,1315.6],[1007.0,1313.8],[1004.9,1312.6],[1000.2,1311.9],[999.2,1311.3],[1000.7,1311.2],[997.6,1309.8],[1005.2,1311.5],[1005.2,1310.0],[1007.0,1310.8],[1008.4,1310.3],[1007.0,1308.1],[1004.3,1308.8],[1001.0,1306.2],[997.7,1306.4],[995.7,1304.8],[998.6,1304.6],[998.0,1303.9],[998.7,1303.6],[997.0,1303.0],[997.7,1302.8],[997.2,1302.4],[989.8,1302.4],[987.8,1301.3],[992.8,1301.2],[994.9,1299.7],[993.1,1298.8],[989.7,1299.4],[992.6,1297.7],[991.8,1297.2],[993.4,1297.2],[991.9,1296.3],[992.5,1295.8],[988.4,1293.5],[986.4,1293.4],[986.2,1294.2],[983.7,1292.8],[985.8,1292.2],[986.5,1291.3],[981.0,1290.7],[979.9,1289.3],[982.4,1289.0],[977.7,1286.5],[976.3,1283.8],[972.5,1283.1],[970.4,1281.5],[968.7,1282.1],[969.0,1281.0],[966.5,1278.5],[968.8,1278.7],[964.1,1277.0],[964.9,1276.0],[969.7,1275.9],[964.8,1275.5],[961.9,1276.7],[961.6,1277.4],[963.9,1278.4],[963.2,1278.5],[965.7,1279.2],[957.1,1278.1],[955.2,1276.9],[956.7,1276.2],[953.7,1275.6],[957.1,1273.8],[952.1,1274.1],[952.9,1272.7],[951.5,1271.6],[952.1,1270.5],[950.1,1269.3],[950.2,1268.0],[953.3,1267.7],[952.5,1266.3],[951.1,1265.6],[957.2,1264.8],[954.1,1263.4],[954.9,1262.0],[954.2,1261.6],[955.7,1260.8],[954.6,1260.5],[954.7,1259.7],[957.0,1260.1],[962.6,1263.3],[963.4,1263.0],[961.9,1261.9],[962.6,1261.3],[959.6,1260.0],[963.2,1259.6],[966.9,1261.5],[966.2,1260.0],[967.1,1259.1],[969.3,1260.1],[970.4,1259.8],[971.1,1258.4],[970.2,1257.6],[969.0,1258.5],[967.0,1257.8],[967.1,1258.7],[964.3,1259.2],[960.5,1257.7],[960.1,1256.9],[960.8,1255.5],[962.8,1254.5],[960.3,1253.7],[959.7,1252.6],[961.4,1252.1],[968.6,1245.9],[970.9,1246.8],[970.1,1245.4],[971.0,1245.4],[975.5,1247.0],[974.2,1245.9],[974.2,1242.4],[975.9,1240.6],[979.5,1238.8],[982.3,1240.1],[983.6,1239.5],[981.2,1237.5],[979.6,1236.8],[977.0,1237.1],[974.7,1238.6],[971.6,1239.0],[968.9,1241.9],[960.8,1243.6],[961.5,1245.5],[959.3,1245.9],[959.8,1246.9],[956.7,1248.6],[954.3,1247.5],[956.2,1249.6],[952.4,1249.1],[953.1,1249.8],[952.2,1250.6],[953.3,1251.4],[947.9,1251.0],[947.8,1252.5],[950.5,1254.7],[948.9,1255.1],[949.7,1255.6],[948.2,1255.6],[948.4,1256.4],[946.8,1256.4],[948.9,1257.9],[945.1,1257.8],[945.2,1259.3],[943.3,1259.2],[942.1,1262.0],[940.5,1262.6],[942.1,1264.4],[941.6,1265.1],[940.2,1265.8],[938.5,1265.0],[937.1,1266.4],[938.6,1269.6],[941.7,1269.3],[940.8,1269.7],[941.6,1269.9]]],[[[2148.8,1341.0],[2154.2,1339.7],[2161.5,1339.8],[2166.1,1338.8],[2164.1,1337.6],[2157.9,1338.0],[2157.3,1337.9],[2157.5,1337.0],[2155.3,1336.9],[2150.3,1338.9],[2150.0,1339.5],[2151.4,1339.8],[2149.8,1340.0],[2150.5,1340.1],[2148.8,1341.0]]],[[[2146.8,1343.6],[2149.9,1342.5],[2145.2,1343.1],[2145.9,1343.5],[2146.8,1343.6]]],[[[2144.0,1343.1],[2142.0,1342.6],[2140.2,1343.5],[2143.8,1343.2],[2144.0,1343.1]]]]},"type":"Feature","properties":{"status":"normal","iso2":"AQ","name":"Antarctica","id":"Antarctica"}},{"geometry":{"type":"MultiPolygon","coordinates":[[[[2307.1,794.9],[2307.4,797.1],[2307.4,794.2],[2307.1,794.9]]],[[[2294.9,797.1],[2290.8,796.7],[2291.6,799.9],[2293.9,802.0],[2297.6,800.2],[2299.1,797.3],[2297.6,796.3],[2295.5,797.5],[2294.9,797.1]]],[[[2289.7,797.3],[2288.0,801.3],[2292.0,801.0],[2290.4,798.4],[2290.3,796.9],[2289.7,797.3]]],[[[2306.5,799.7],[2306.8,800.4],[2307.2,799.9],[2306.5,799.7]]],[[[2334.0,803.5],[2334.5,802.9],[2334.8,802.6],[2334.2,802.9],[2334.0,803.5]]],[[[2136.4,995.7],[2138.2,996.7],[2141.2,1000.5],[2143.3,1001.1],[2143.1,1001.8],[2153.2,1002.4],[2152.9,1002.0],[2156.4,1001.1],[2162.2,997.1],[2164.4,997.5],[2166.9,996.5],[2167.7,994.3],[2171.2,992.9],[2181.6,991.6],[2186.8,992.0],[2187.5,993.1],[2191.4,992.0],[2193.8,992.2],[2194.4,993.2],[2197.6,992.5],[2205.1,985.0],[2220.4,978.4],[2230.3,978.0],[2245.5,972.8],[2257.3,972.4],[2260.6,971.4],[2267.3,976.1],[2269.8,975.3],[2274.0,977.5],[2276.8,976.8],[2277.7,978.7],[2276.8,980.3],[2279.4,980.3],[2279.3,981.9],[2277.4,983.7],[2278.1,986.0],[2280.7,985.9],[2280.4,989.9],[2281.8,993.2],[2281.1,997.7],[2280.4,997.8],[2280.0,996.8],[2278.7,998.3],[2279.8,998.3],[2281.2,1000.5],[2283.3,1001.9],[2284.7,999.6],[2283.2,1000.2],[2284.7,998.0],[2286.4,997.4],[2291.1,992.8],[2295.1,990.5],[2297.2,990.3],[2304.0,983.6],[2305.4,980.8],[2305.3,985.3],[2303.4,986.5],[2302.5,989.8],[2298.1,993.9],[2295.5,1000.0],[2294.1,1001.2],[2291.0,1001.4],[2288.8,1004.2],[2295.7,1002.8],[2302.0,994.2],[2302.5,998.5],[2301.7,1001.8],[2300.1,1004.4],[2296.4,1007.1],[2298.8,1007.5],[2302.8,1006.5],[2302.1,1006.1],[2303.5,1006.3],[2304.7,1004.7],[2306.3,1005.0],[2304.9,1007.6],[2304.6,1006.3],[2303.6,1006.7],[2305.3,1010.0],[2305.4,1012.2],[2304.5,1009.0],[2302.5,1006.7],[2304.6,1010.2],[2305.3,1013.9],[2304.9,1016.2],[2302.1,1021.7],[2304.0,1027.2],[2308.4,1029.2],[2308.5,1031.0],[2312.2,1030.0],[2316.6,1031.4],[2322.0,1034.8],[2328.8,1031.0],[2332.5,1029.9],[2333.0,1029.5],[2330.8,1029.1],[2336.0,1026.5],[2335.6,1029.4],[2333.6,1030.8],[2332.3,1030.5],[2333.9,1031.8],[2338.2,1029.8],[2336.9,1033.0],[2338.6,1033.2],[2338.4,1035.5],[2340.3,1035.3],[2340.5,1037.5],[2342.6,1034.8],[2341.1,1035.6],[2341.4,1034.1],[2346.7,1033.0],[2355.8,1027.5],[2360.0,1026.3],[2367.7,1025.9],[2373.4,1023.5],[2374.9,1021.2],[2374.6,1020.1],[2381.5,1010.4],[2386.9,1004.2],[2388.9,1003.4],[2389.7,1002.0],[2390.3,1002.5],[2390.3,1001.1],[2392.5,997.6],[2398.4,992.2],[2399.8,989.9],[2399.3,989.2],[2400.6,989.0],[2405.8,983.7],[2413.0,979.7],[2414.7,976.2],[2417.8,973.5],[2420.9,969.2],[2423.7,963.1],[2434.0,945.8],[2434.8,938.2],[2433.8,934.8],[2435.3,932.8],[2436.4,927.1],[2438.1,923.6],[2437.7,922.9],[2437.0,923.6],[2436.7,921.3],[2437.6,918.2],[2435.8,916.4],[2435.5,913.5],[2433.5,911.5],[2432.2,907.5],[2431.4,906.5],[2430.3,906.8],[2428.6,904.8],[2427.9,903.6],[2428.8,904.5],[2429.2,903.8],[2428.5,902.1],[2427.9,902.1],[2427.8,903.3],[2426.2,902.2],[2427.2,892.6],[2426.2,892.6],[2425.9,894.1],[2422.7,890.7],[2421.8,894.6],[2421.0,893.3],[2419.6,893.5],[2419.2,887.7],[2420.0,885.3],[2418.9,884.5],[2418.2,880.1],[2416.3,879.8],[2416.1,876.5],[2416.9,876.0],[2417.8,876.6],[2417.2,874.4],[2415.6,872.4],[2414.0,873.3],[2413.5,871.8],[2411.3,870.8],[2411.0,869.6],[2409.7,870.3],[2408.5,866.2],[2408.2,866.9],[2406.9,866.8],[2405.9,865.3],[2405.1,865.9],[2402.9,864.8],[2401.0,862.7],[2401.9,859.5],[2400.0,856.2],[2401.6,852.3],[2401.7,844.9],[2400.2,845.6],[2398.6,841.0],[2399.4,837.4],[2398.9,832.8],[2399.7,831.0],[2399.0,830.1],[2400.0,828.2],[2395.6,824.8],[2394.4,822.2],[2393.0,822.8],[2392.2,822.3],[2390.4,824.2],[2388.8,823.3],[2387.9,818.1],[2388.5,811.6],[2387.6,810.1],[2387.7,807.2],[2386.3,804.7],[2387.7,802.5],[2385.0,801.3],[2385.0,794.9],[2383.9,793.0],[2383.1,793.5],[2384.1,792.0],[2383.0,791.8],[2380.6,793.8],[2378.2,803.4],[2377.0,802.7],[2376.5,804.8],[2374.9,806.5],[2374.7,807.7],[2375.4,807.1],[2377.4,809.1],[2376.5,810.3],[2375.9,808.8],[2374.4,811.0],[2374.2,814.1],[2372.4,817.6],[2372.7,821.5],[2371.4,830.2],[2366.6,842.6],[2362.5,849.6],[2360.0,851.5],[2355.8,852.0],[2350.8,849.0],[2349.3,845.4],[2343.4,843.2],[2340.1,839.5],[2335.6,836.2],[2333.4,836.8],[2333.1,835.4],[2325.1,827.5],[2325.0,826.6],[2328.2,822.9],[2331.4,817.1],[2330.5,817.6],[2329.8,816.5],[2330.9,815.4],[2330.8,813.9],[2331.7,814.1],[2332.4,812.9],[2332.9,813.6],[2334.3,812.3],[2334.2,813.8],[2335.7,811.1],[2336.5,811.6],[2335.4,810.1],[2337.7,808.2],[2339.2,805.1],[2338.5,804.3],[2338.0,805.1],[2337.2,804.6],[2336.8,802.1],[2334.4,804.2],[2335.1,804.9],[2334.6,805.8],[2333.1,806.6],[2332.0,804.6],[2332.3,804.0],[2330.3,805.5],[2330.0,805.0],[2331.9,800.7],[2331.3,801.8],[2329.5,802.5],[2329.7,803.2],[2327.3,804.0],[2327.3,804.9],[2324.3,804.1],[2323.4,802.5],[2321.1,803.3],[2319.3,802.8],[2318.7,803.5],[2318.5,802.5],[2316.6,801.2],[2317.0,800.5],[2314.1,801.4],[2313.6,800.6],[2311.4,800.2],[2309.5,797.0],[2308.1,798.7],[2305.6,795.3],[2304.9,795.9],[2304.2,795.3],[2304.0,797.5],[2302.9,795.3],[2301.6,796.7],[2303.3,798.7],[2305.7,798.2],[2307.1,799.1],[2307.4,804.1],[2306.0,804.0],[2305.1,805.4],[2298.4,805.0],[2296.6,803.8],[2295.1,804.2],[2294.5,805.9],[2293.2,806.2],[2293.9,808.2],[2292.0,806.3],[2291.2,806.3],[2291.5,808.9],[2289.8,808.4],[2287.1,811.4],[2288.2,814.5],[2284.4,816.0],[2282.9,820.1],[2281.0,820.9],[2279.9,823.1],[2280.5,824.5],[2282.7,824.9],[2281.2,825.5],[2281.8,826.5],[2283.6,826.9],[2281.1,828.0],[2281.6,830.5],[2278.5,827.5],[2277.4,830.2],[2276.5,827.8],[2273.5,827.0],[2272.4,827.6],[2272.2,829.0],[2270.2,829.2],[2270.5,832.3],[2269.9,830.9],[2269.1,831.1],[2270.1,826.1],[2265.4,820.1],[2261.9,817.9],[2260.6,820.5],[2258.8,821.8],[2257.9,820.1],[2256.7,821.7],[2255.7,819.5],[2255.3,820.4],[2254.5,820.1],[2255.7,821.4],[2253.3,825.6],[2252.4,824.3],[2251.3,825.4],[2252.0,823.4],[2251.3,822.3],[2251.0,824.9],[2249.0,824.9],[2247.9,826.7],[2249.2,830.0],[2246.5,829.1],[2245.0,830.2],[2244.8,831.0],[2246.2,830.3],[2244.9,831.3],[2246.9,833.3],[2243.2,831.1],[2243.3,832.1],[2240.8,833.8],[2241.5,836.7],[2242.7,836.0],[2241.1,838.7],[2240.4,838.1],[2240.0,839.8],[2242.9,841.1],[2238.8,840.8],[2237.2,839.7],[2235.6,840.9],[2235.0,839.6],[2235.5,839.2],[2233.7,839.2],[2234.4,840.8],[2232.7,841.9],[2234.0,844.2],[2235.7,844.9],[2234.8,846.0],[2234.8,847.9],[2233.0,846.1],[2232.0,851.1],[2229.6,845.4],[2229.8,843.4],[2228.9,843.1],[2229.1,840.8],[2227.0,843.9],[2225.3,844.8],[2225.4,845.8],[2224.5,845.5],[2223.2,846.4],[2221.2,850.8],[2221.8,855.9],[2215.7,860.9],[2215.1,863.9],[2211.0,867.5],[2202.8,871.2],[2194.7,872.0],[2192.1,874.4],[2187.8,875.1],[2182.5,878.1],[2179.2,877.4],[2177.0,878.0],[2176.6,877.1],[2171.8,879.6],[2165.6,884.8],[2159.3,887.8],[2156.0,892.4],[2154.0,893.6],[2155.0,887.6],[2154.2,888.1],[2150.6,894.3],[2150.7,899.4],[2146.0,908.9],[2146.8,915.7],[2149.4,922.4],[2149.1,925.0],[2147.3,927.5],[2146.5,923.9],[2145.0,925.4],[2145.7,922.6],[2144.4,920.0],[2143.7,922.9],[2145.6,927.9],[2143.7,929.5],[2142.7,924.6],[2141.9,926.5],[2142.0,924.4],[2141.4,926.4],[2144.8,934.1],[2144.5,941.7],[2146.2,945.4],[2147.3,951.6],[2145.5,962.3],[2146.8,975.1],[2145.0,981.3],[2144.1,982.0],[2144.7,980.5],[2143.7,981.8],[2142.4,987.3],[2140.1,989.6],[2137.0,990.0],[2135.6,991.4],[2135.0,995.3],[2135.3,996.2],[2135.8,995.9],[2136.4,995.7]],[[2268.9,832.1],[2268.5,832.8],[2268.3,833.0],[2268.9,832.1]]],[[[2290.0,1011.0],[2292.6,1009.5],[2295.0,1009.4],[2295.6,1008.6],[2290.1,1007.4],[2286.3,1008.1],[2284.4,1009.7],[2285.6,1010.9],[2289.4,1010.6],[2290.0,1011.0]]],[[[2318.8,1045.1],[2318.4,1046.0],[2321.0,1044.3],[2321.8,1041.4],[2319.1,1044.0],[2318.8,1045.1]]],[[[2316.5,1072.8],[2318.1,1073.6],[2316.6,1073.7],[2315.8,1075.2],[2319.6,1074.9],[2320.7,1076.0],[2323.6,1073.8],[2324.5,1072.0],[2325.1,1072.9],[2326.6,1072.2],[2328.6,1068.7],[2328.1,1070.8],[2329.9,1069.3],[2331.1,1069.6],[2331.1,1070.8],[2330.2,1070.4],[2329.5,1071.6],[2331.0,1072.3],[2332.8,1069.8],[2332.3,1069.1],[2338.7,1062.1],[2338.4,1064.3],[2339.2,1063.6],[2344.7,1054.5],[2344.7,1052.0],[2343.9,1051.5],[2339.2,1053.4],[2335.2,1053.6],[2334.4,1055.0],[2334.0,1054.2],[2330.0,1054.8],[2326.3,1052.8],[2325.2,1051.4],[2323.0,1051.7],[2321.7,1050.5],[2319.7,1053.3],[2318.1,1057.4],[2318.3,1062.1],[2317.4,1063.8],[2318.1,1063.4],[2318.2,1065.7],[2317.6,1066.3],[2317.1,1064.2],[2315.8,1066.6],[2315.8,1073.0],[2316.5,1072.8]]],[[[2330.3,1163.1],[2330.1,1164.8],[2330.9,1162.4],[2330.3,1163.1]]],[[[2381.0,787.1],[2381.5,786.3],[2380.7,786.4],[2381.0,787.1]]],[[[2382.0,787.8],[2382.2,786.7],[2381.6,787.1],[2382.0,787.8]]],[[[2381.1,791.9],[2381.0,790.7],[2380.7,792.2],[2381.1,791.9]]],[[[2337.8,797.3],[2339.2,794.5],[2336.9,798.1],[2337.8,797.3]]],[[[2334.3,800.1],[2336.3,798.6],[2334.7,799.6],[2334.3,800.1]]],[[[2402.0,858.5],[2401.5,856.8],[2401.6,859.0],[2402.0,858.5]]],[[[2418.8,874.6],[2419.0,874.1],[2418.7,873.4],[2418.4,874.9],[2418.8,874.6]]],[[[2347.1,1045.4],[2347.1,1046.9],[2348.1,1047.1],[2350.2,1044.6],[2348.5,1042.7],[2347.7,1043.6],[2347.1,1045.4]]],[[[2346.7,1048.7],[2347.8,1049.2],[2348.9,1047.9],[2347.1,1047.8],[2346.3,1048.8],[2346.7,1048.7]]],[[[2346.2,1050.0],[2346.8,1049.5],[2347.1,1049.1],[2346.4,1049.4],[2346.2,1050.0]]]]},"type":"Feature","properties":{"status":"sc","iso2":"AU","name":"Australia","id":"Australia"}},{"geometry":{"type":"Polygon","coordinates":[[[2550.0,937.5],[2547.6,936.1],[2547.1,936.7],[2547.2,937.0],[2547.7,937.2],[2550.0,937.5]]]},"type":"Feature","properties":{"status":"nogroup","iso2":"NF","name":"Norfolk Island","id":"Norfolk Island"}},{"geometry":{"type":"MultiPolygon","coordinates":[[[[2163.1,358.1],[2162.9,357.9],[2162.4,357.9],[2163.2,358.6],[2163.1,358.1]]],[[[1825.8,357.8],[1826.3,360.0],[1828.3,362.1],[1827.7,362.9],[1829.1,365.2],[1832.6,364.6],[1836.5,366.3],[1836.8,369.2],[1840.5,375.8],[1839.6,376.8],[1836.7,377.0],[1836.9,378.3],[1840.0,379.7],[1842.0,379.1],[1844.4,380.9],[1847.3,381.8],[1848.7,383.7],[1849.3,387.0],[1851.9,389.1],[1854.1,388.4],[1854.8,389.9],[1856.6,391.1],[1863.9,392.3],[1865.9,394.2],[1868.5,398.7],[1874.8,402.6],[1873.6,404.0],[1874.7,408.2],[1877.0,410.9],[1879.7,412.0],[1881.4,415.8],[1881.1,417.0],[1878.4,418.9],[1875.7,416.8],[1873.8,417.5],[1877.0,422.3],[1878.5,427.8],[1881.4,427.4],[1884.4,430.8],[1887.4,431.3],[1890.0,432.8],[1890.6,434.6],[1894.7,436.0],[1898.6,438.8],[1899.5,438.2],[1899.6,436.5],[1901.3,435.9],[1903.8,436.5],[1909.7,441.0],[1914.3,443.3],[1917.4,446.4],[1920.5,445.9],[1924.4,450.1],[1927.5,451.7],[1929.8,451.4],[1930.3,454.0],[1932.9,454.5],[1934.3,453.8],[1937.4,457.5],[1938.1,455.3],[1940.1,457.3],[1942.0,456.1],[1947.2,458.0],[1953.1,457.9],[1952.9,457.1],[1957.4,456.4],[1958.4,457.8],[1958.3,461.2],[1959.6,462.8],[1963.2,456.3],[1965.5,454.5],[1968.4,454.5],[1969.1,456.0],[1970.3,456.5],[1974.4,457.2],[1975.8,456.4],[1977.7,456.7],[1978.9,457.5],[1979.3,459.0],[1984.8,458.3],[1985.8,457.6],[1986.7,455.2],[1988.9,453.3],[1989.7,451.3],[1993.4,450.2],[1997.9,445.8],[1999.1,445.6],[2004.5,447.7],[2005.6,445.9],[2008.9,444.3],[2011.3,446.3],[2010.0,448.1],[2012.6,447.5],[2013.8,449.7],[2012.5,453.4],[2015.2,452.8],[2019.2,453.8],[2020.2,455.2],[2021.3,452.0],[2026.0,455.2],[2028.7,460.7],[2029.3,459.4],[2031.7,461.8],[2033.7,468.9],[2033.9,472.6],[2033.0,473.1],[2034.3,475.4],[2032.9,475.7],[2032.0,477.5],[2030.8,477.6],[2029.9,480.7],[2028.8,480.5],[2029.0,484.1],[2027.7,485.5],[2029.5,489.5],[2028.8,492.1],[2029.6,492.4],[2033.2,490.4],[2038.2,490.0],[2037.3,492.5],[2040.1,498.2],[2043.7,499.4],[2044.7,500.8],[2043.6,501.6],[2043.1,507.6],[2049.0,508.4],[2049.5,510.8],[2050.8,511.5],[2051.2,513.5],[2054.7,513.1],[2057.9,510.6],[2059.8,515.3],[2063.6,515.9],[2063.4,512.1],[2060.9,507.2],[2061.2,504.6],[2065.2,505.2],[2067.5,502.2],[2071.2,504.5],[2073.1,502.4],[2074.8,503.6],[2075.6,502.2],[2078.1,504.3],[2079.7,501.6],[2081.0,502.4],[2083.9,501.1],[2084.2,498.9],[2087.2,496.7],[2091.4,500.3],[2097.9,501.2],[2098.7,502.8],[2097.8,503.6],[2097.9,504.7],[2099.4,508.9],[2101.4,509.1],[2104.8,512.0],[2108.3,511.7],[2111.2,513.0],[2111.8,511.5],[2113.5,512.1],[2112.6,509.5],[2113.2,509.1],[2115.4,511.8],[2115.4,510.5],[2116.2,510.7],[2115.9,511.6],[2117.5,511.8],[2118.4,513.8],[2121.4,512.4],[2120.9,511.0],[2122.2,512.9],[2123.0,513.1],[2122.7,512.3],[2124.3,513.4],[2122.9,517.5],[2124.6,519.9],[2124.5,521.0],[2126.1,522.4],[2125.5,522.5],[2125.7,523.8],[2128.6,523.5],[2129.7,522.9],[2129.8,521.6],[2128.5,519.0],[2126.6,517.7],[2128.1,515.8],[2127.9,514.0],[2129.4,515.5],[2130.5,513.5],[2129.8,514.6],[2133.6,513.0],[2134.2,513.5],[2135.2,512.3],[2136.6,512.6],[2137.5,511.6],[2137.0,510.7],[2138.8,510.7],[2138.4,509.7],[2141.8,511.0],[2141.8,508.2],[2143.3,510.6],[2145.1,509.2],[2146.2,509.8],[2146.7,507.1],[2147.9,508.2],[2149.0,507.1],[2146.9,503.7],[2149.0,506.6],[2150.3,506.8],[2150.4,505.2],[2148.2,502.0],[2148.7,501.9],[2146.7,500.8],[2148.4,500.3],[2147.9,499.3],[2151.0,499.0],[2148.9,499.8],[2149.5,500.5],[2149.7,499.7],[2152.2,504.6],[2154.9,503.7],[2157.0,504.8],[2157.7,504.3],[2156.7,502.9],[2157.4,502.2],[2158.8,501.8],[2158.4,503.1],[2159.5,503.6],[2160.0,503.1],[2159.6,502.5],[2162.0,501.2],[2164.5,503.0],[2164.7,502.2],[2163.3,500.6],[2165.5,500.5],[2165.5,501.4],[2166.5,501.7],[2167.7,501.3],[2167.7,500.6],[2170.7,500.4],[2171.4,498.1],[2172.9,498.2],[2170.8,496.9],[2172.5,496.6],[2173.3,494.5],[2174.8,495.2],[2175.8,493.2],[2177.6,492.5],[2178.1,493.1],[2178.3,490.9],[2179.1,491.6],[2181.1,488.8],[2178.5,487.4],[2180.1,487.4],[2180.0,486.6],[2181.2,486.0],[2182.3,486.5],[2183.2,485.5],[2184.4,486.8],[2185.1,485.2],[2184.2,483.8],[2184.7,483.3],[2185.5,483.8],[2186.6,482.7],[2185.3,480.8],[2186.2,480.4],[2187.0,481.7],[2188.3,480.8],[2188.1,480.0],[2186.7,479.3],[2187.6,477.8],[2189.5,479.4],[2189.9,478.7],[2190.4,479.2],[2189.1,477.2],[2189.7,474.3],[2187.0,474.5],[2185.1,472.8],[2188.1,474.2],[2190.4,471.2],[2190.0,470.5],[2188.8,470.8],[2189.3,469.5],[2187.7,468.8],[2187.3,467.4],[2188.7,466.8],[2189.7,468.3],[2190.5,467.3],[2189.7,469.1],[2191.3,468.9],[2190.7,466.4],[2191.8,464.5],[2192.6,464.4],[2191.4,462.7],[2192.8,464.0],[2194.0,461.5],[2193.4,460.3],[2194.1,457.6],[2193.1,456.8],[2194.7,456.1],[2194.7,454.2],[2195.5,453.4],[2197.5,455.5],[2198.7,453.6],[2197.3,451.2],[2195.5,450.9],[2194.3,449.5],[2196.7,450.6],[2198.1,450.2],[2197.0,449.0],[2198.0,448.8],[2197.7,448.1],[2195.6,447.2],[2196.3,445.6],[2197.9,446.4],[2197.7,444.9],[2198.9,446.6],[2198.4,443.1],[2197.5,442.6],[2197.6,443.8],[2196.6,443.6],[2195.5,444.6],[2194.9,443.9],[2198.9,440.6],[2195.3,439.6],[2192.1,437.1],[2187.8,438.4],[2188.7,438.9],[2186.2,436.4],[2183.6,437.7],[2185.8,436.1],[2188.2,436.5],[2189.0,434.7],[2191.6,432.6],[2194.3,431.9],[2193.8,430.1],[2187.8,425.4],[2183.8,423.9],[2182.8,422.4],[2181.1,421.9],[2178.4,422.9],[2175.8,421.0],[2176.5,421.0],[2175.5,419.9],[2174.3,420.5],[2174.0,419.1],[2178.6,422.6],[2182.2,421.5],[2185.3,423.3],[2188.2,423.3],[2191.8,424.8],[2191.7,423.3],[2187.4,420.7],[2186.4,418.5],[2182.2,416.7],[2181.0,413.3],[2173.2,402.7],[2165.3,398.6],[2163.7,398.7],[2163.1,397.0],[2164.1,391.2],[2165.4,390.9],[2167.4,387.9],[2166.0,387.1],[2165.3,385.6],[2166.7,385.9],[2166.4,385.3],[2167.4,386.9],[2168.4,387.0],[2169.3,386.4],[2168.9,384.1],[2170.3,383.8],[2169.8,382.7],[2168.8,382.9],[2168.9,382.2],[2171.0,382.2],[2175.9,379.2],[2176.7,379.9],[2177.3,378.8],[2178.3,380.3],[2179.6,380.1],[2178.9,376.1],[2179.6,375.7],[2174.5,374.3],[2174.2,375.3],[2171.1,375.0],[2164.7,371.8],[2161.3,373.1],[2161.5,374.0],[2159.6,375.8],[2160.1,376.6],[2159.6,377.3],[2155.4,377.5],[2153.1,375.9],[2152.5,371.9],[2150.7,369.9],[2148.2,368.9],[2148.2,370.4],[2146.6,369.2],[2144.1,369.2],[2139.8,366.4],[2138.4,363.9],[2138.2,360.8],[2139.5,360.0],[2142.7,361.1],[2146.8,359.6],[2147.8,358.1],[2147.5,355.1],[2152.9,351.4],[2153.7,348.4],[2155.3,347.0],[2154.8,345.9],[2156.6,345.2],[2159.3,345.7],[2159.9,344.6],[2160.5,345.9],[2164.8,349.0],[2164.2,352.7],[2162.2,354.8],[2162.8,356.3],[2161.3,357.3],[2164.8,358.4],[2166.7,358.1],[2165.4,359.3],[2165.6,361.1],[2163.1,362.3],[2163.6,363.6],[2165.0,363.7],[2166.5,361.6],[2168.1,362.1],[2169.6,358.8],[2174.7,355.7],[2174.9,355.0],[2176.5,354.8],[2176.9,354.0],[2178.9,354.8],[2180.8,354.2],[2182.3,350.2],[2189.3,344.8],[2190.3,338.8],[2192.2,337.9],[2196.2,340.5],[2202.7,340.7],[2202.3,339.0],[2198.8,336.0],[2204.7,335.4],[2205.5,332.7],[2207.9,332.2],[2206.8,327.7],[2209.3,328.2],[2215.9,333.5],[2213.9,331.0],[2211.9,329.8],[2213.1,328.7],[2215.5,328.5],[2215.1,324.9],[2209.6,316.0],[2205.7,311.6],[2208.1,310.2],[2209.1,307.8],[2218.4,309.7],[2217.2,306.6],[2218.4,305.1],[2217.3,300.6],[2218.0,299.6],[2214.5,290.8],[2216.2,287.9],[2213.4,284.5],[2213.0,282.7],[2210.0,281.6],[2206.4,283.0],[2205.8,284.2],[2202.3,284.4],[2200.4,287.2],[2191.3,287.3],[2187.2,284.5],[2186.0,281.6],[2183.1,279.5],[2182.5,277.6],[2177.9,276.9],[2171.2,272.8],[2171.2,273.6],[2165.7,271.6],[2161.0,271.6],[2157.6,270.2],[2150.5,262.2],[2138.9,252.8],[2136.6,250.0],[2124.9,242.1],[2121.6,241.5],[2120.6,242.4],[2109.6,238.6],[2101.0,239.3],[2094.6,240.7],[2091.0,245.1],[2092.6,246.5],[2096.1,246.8],[2099.4,250.8],[2097.7,254.5],[2098.1,264.4],[2100.5,267.0],[2096.5,268.9],[2093.5,271.9],[2084.7,269.5],[2085.2,280.2],[2086.0,282.5],[2085.3,284.5],[2089.2,287.2],[2091.0,286.1],[2094.7,286.0],[2098.8,287.2],[2101.6,284.8],[2104.8,284.9],[2117.8,292.2],[2120.0,294.3],[2120.5,295.8],[2118.3,296.5],[2113.7,295.4],[2110.2,295.7],[2107.3,297.0],[2105.2,296.8],[2104.2,298.5],[2100.7,298.7],[2099.5,301.2],[2100.1,303.7],[2099.1,304.9],[2095.8,306.9],[2091.1,306.8],[2089.6,309.9],[2086.8,312.3],[2082.4,311.7],[2076.2,309.4],[2074.2,309.6],[2072.8,311.4],[2073.0,315.3],[2078.3,319.3],[2079.3,321.1],[2074.5,324.9],[2072.2,329.3],[2066.3,332.1],[2057.9,332.2],[2050.6,333.3],[2045.8,335.2],[2039.5,339.0],[2036.5,338.7],[2034.3,337.4],[2029.2,337.1],[2017.9,334.4],[2011.3,330.9],[2001.8,329.9],[1996.1,330.9],[1981.9,329.0],[1976.0,329.4],[1970.6,324.8],[1963.1,316.4],[1959.2,315.8],[1947.2,310.3],[1939.1,309.9],[1929.6,308.1],[1926.6,304.9],[1927.5,301.5],[1926.0,296.6],[1917.5,287.7],[1914.1,285.7],[1913.3,286.1],[1910.5,284.7],[1906.5,284.3],[1902.3,281.3],[1898.7,280.1],[1898.3,278.7],[1896.0,277.3],[1896.4,276.5],[1895.4,275.2],[1889.8,275.5],[1888.9,276.2],[1889.1,280.1],[1887.4,281.2],[1884.7,281.4],[1884.0,282.7],[1884.2,285.5],[1887.3,290.7],[1887.0,292.5],[1883.2,294.5],[1881.0,293.3],[1876.2,293.5],[1871.4,291.6],[1870.2,292.0],[1869.7,305.0],[1870.3,306.0],[1872.6,306.8],[1872.7,309.0],[1868.6,308.8],[1865.6,307.7],[1857.0,309.8],[1855.5,310.9],[1855.9,311.7],[1859.6,312.5],[1860.6,317.0],[1866.3,325.6],[1866.2,326.4],[1865.2,326.3],[1864.2,327.4],[1865.6,328.4],[1863.4,329.8],[1865.5,335.4],[1856.1,339.8],[1853.3,343.9],[1845.0,344.4],[1842.7,349.7],[1838.5,350.2],[1836.6,347.7],[1834.3,349.2],[1831.8,348.8],[1831.9,350.2],[1826.9,353.0],[1826.9,357.5],[1825.8,357.8]],[[2191.7,455.8],[2192.1,456.2],[2192.5,456.6],[2192.0,456.2],[2191.7,455.8]]],[[[2148.3,500.8],[2149.4,502.0],[2149.9,502.0],[2149.0,501.1],[2148.3,500.8]]],[[[2145.0,510.8],[2145.3,511.9],[2145.5,512.3],[2145.4,511.6],[2145.0,510.8]]],[[[2144.2,511.2],[2143.5,511.7],[2143.4,512.0],[2144.0,511.8],[2144.2,511.2]]],[[[2138.2,512.5],[2138.8,511.9],[2138.9,511.5],[2138.4,511.8],[2138.2,512.5]]],[[[2128.7,515.9],[2128.9,516.1],[2129.4,516.3],[2129.1,515.6],[2128.7,515.9]]],[[[2128.1,517.4],[2129.3,517.9],[2128.7,516.8],[2127.1,517.6],[2128.1,517.4]]],[[[2117.5,532.4],[2119.2,539.1],[2124.0,541.0],[2127.0,541.3],[2127.2,540.0],[2128.9,540.0],[2131.6,536.5],[2131.7,533.2],[2133.4,529.3],[2134.4,529.2],[2134.4,528.1],[2133.9,526.3],[2131.6,525.0],[2131.4,526.6],[2128.7,525.6],[2126.7,526.8],[2125.7,526.0],[2123.9,526.1],[2123.2,526.4],[2123.7,527.2],[2121.4,526.7],[2121.0,527.6],[2121.8,528.5],[2117.6,531.8],[2117.5,532.4]]],[[[2186.8,423.9],[2191.2,426.7],[2192.8,426.3],[2187.6,423.6],[2186.8,423.9]]],[[[2197.6,436.8],[2198.6,437.2],[2198.1,436.6],[2197.6,436.8]]],[[[2197.3,438.7],[2197.8,439.4],[2200.1,439.4],[2197.5,438.5],[2197.3,438.7]]],[[[2199.4,441.7],[2199.2,441.7],[2198.7,441.9],[2199.4,442.1],[2199.4,441.7]]],[[[2196.0,456.0],[2196.6,455.6],[2196.1,455.4],[2196.0,456.0]]],[[[2186.5,473.9],[2187.0,474.2],[2187.6,474.0],[2186.0,473.4],[2186.5,473.9]]],[[[2191.2,478.9],[2191.4,477.4],[2190.6,477.6],[2191.4,478.3],[2190.6,478.5],[2190.9,478.9],[2191.2,478.9]]],[[[2180.6,487.3],[2181.3,487.6],[2180.7,486.7],[2180.6,487.3]]],[[[2176.3,494.0],[2176.8,494.5],[2177.2,493.9],[2176.4,493.6],[2176.3,494.0]]]]},"type":"Feature","properties":{"status":"p5","iso2":"CN","name":"People's Republic of China","id":"People's Republic of China"}},{"geometry":{"type":"MultiPolygon","coordinates":[[[[2153.2,504.4],[2152.9,504.9],[2153.1,505.3],[2153.8,505.7],[2155.0,506.0],[2155.7,506.2],[2155.5,505.6],[2156.3,505.2],[2155.7,504.7],[2154.9,504.9],[2155.5,504.4],[2154.8,504.0],[2154.1,504.0],[2153.2,504.4]]],[[[2152.4,506.9],[2153.0,506.8],[2153.4,506.6],[2153.7,506.2],[2153.7,505.7],[2152.6,506.3],[2152.4,506.9]]]]},"type":"Feature","properties":{"status":"normal","iso2":"HK","name":"Hong Kong","id":"Hong Kong"}},{"geometry":{"type":"MultiPolygon","coordinates":[[[[2182.7,486.8],[2181.9,487.3],[2182.6,487.5],[2183.3,487.5],[2182.7,486.8]]],[[[2197.0,495.5],[2197.1,498.7],[2199.4,503.1],[2204.4,508.8],[2204.7,504.3],[2207.2,497.7],[2207.5,481.9],[2204.4,480.2],[2201.2,482.5],[2196.9,494.2],[2197.0,495.5]]]]},"type":"Feature","properties":{"status":"normal","iso2":"TW","name":"Taiwan","id":"Taiwan"}},{"geometry":{"type":"MultiPolygon","coordinates":[[[[928.5,292.7],[927.9,292.7],[927.7,295.0],[928.5,292.9],[928.5,292.7]]],[[[837.1,558.7],[839.2,558.3],[837.5,556.2],[836.5,558.1],[837.1,558.7]]],[[[835.5,557.9],[834.6,559.1],[835.3,560.9],[836.5,558.3],[835.5,557.9]]],[[[838.6,561.4],[838.7,560.7],[838.1,560.9],[838.3,561.6],[838.6,561.4]]],[[[840.6,573.8],[839.8,571.3],[838.2,570.4],[838.8,573.6],[840.3,574.4],[840.6,573.8]]],[[[883.3,678.9],[886.5,680.6],[889.5,678.8],[893.3,679.2],[893.5,680.0],[896.3,679.7],[898.5,677.4],[905.8,662.9],[905.0,659.0],[903.3,661.4],[904.0,660.2],[903.4,658.6],[901.9,657.4],[901.0,658.1],[901.6,656.6],[899.9,655.8],[897.1,652.2],[890.1,649.4],[888.8,649.8],[884.9,656.5],[885.3,663.3],[887.9,668.5],[886.0,675.6],[884.0,678.6],[883.3,678.9]]],[[[234.2,776.2],[234.9,775.4],[233.2,775.0],[233.9,776.5],[234.2,776.2]]],[[[238.2,776.4],[238.9,775.9],[238.3,775.7],[238.1,775.9],[238.2,776.4]]],[[[234.5,780.0],[235.0,780.7],[235.3,780.2],[235.1,780.0],[234.5,780.0]]],[[[243.6,783.8],[244.8,783.2],[242.7,783.2],[243.2,784.3],[243.6,783.8]]],[[[157.9,842.6],[158.3,843.1],[158.6,843.3],[158.6,842.6],[157.9,842.6]]],[[[159.4,844.7],[159.3,844.4],[158.7,844.5],[159.1,845.2],[159.4,844.7]]],[[[171.6,850.5],[172.4,851.0],[172.4,850.2],[172.1,850.2],[171.6,850.5]]],[[[176.6,852.7],[178.0,853.6],[175.1,850.4],[174.2,851.4],[175.3,852.5],[176.6,852.7]]],[[[1287.3,290.5],[1287.7,290.8],[1288.2,290.9],[1287.1,290.0],[1287.3,290.5]]],[[[1278.8,285.0],[1280.5,286.6],[1281.9,286.0],[1285.6,287.1],[1287.2,286.7],[1286.9,287.4],[1287.8,287.4],[1288.2,289.2],[1289.8,288.1],[1291.0,288.4],[1289.6,288.7],[1290.2,289.1],[1293.2,289.1],[1292.1,290.3],[1293.3,291.1],[1294.9,291.0],[1294.0,292.3],[1295.2,292.7],[1294.7,294.4],[1295.2,295.6],[1298.0,298.6],[1301.1,299.1],[1301.4,304.1],[1299.8,303.9],[1302.9,306.5],[1304.4,311.0],[1302.8,307.5],[1300.7,305.8],[1299.3,313.4],[1300.3,312.9],[1299.1,314.8],[1297.4,322.0],[1295.0,324.4],[1297.6,325.1],[1297.9,327.1],[1299.3,326.9],[1307.0,329.9],[1311.8,330.0],[1312.0,328.9],[1313.2,328.7],[1317.1,330.8],[1318.8,330.6],[1319.2,331.6],[1321.4,332.7],[1325.3,332.9],[1329.1,332.1],[1327.8,328.6],[1328.6,326.5],[1334.5,322.9],[1339.9,323.9],[1340.0,322.5],[1340.8,323.8],[1342.1,323.7],[1342.4,323.0],[1343.0,323.8],[1342.3,324.3],[1344.3,324.6],[1344.4,325.4],[1350.5,326.6],[1353.5,325.5],[1353.0,324.8],[1358.0,321.4],[1360.4,318.4],[1360.3,317.4],[1357.8,317.6],[1355.4,316.0],[1355.0,314.9],[1356.2,312.3],[1353.4,309.8],[1357.0,307.1],[1354.7,303.7],[1356.0,302.1],[1354.7,298.4],[1351.8,298.2],[1350.4,300.1],[1349.1,300.6],[1350.2,299.1],[1350.2,297.2],[1356.7,290.4],[1355.9,290.1],[1356.1,289.2],[1358.5,289.7],[1360.0,288.6],[1360.2,284.5],[1361.5,280.8],[1364.7,276.8],[1359.6,275.3],[1356.9,275.5],[1356.1,274.6],[1355.3,275.2],[1352.3,272.7],[1346.4,272.1],[1342.6,269.5],[1342.3,266.7],[1340.3,268.4],[1337.7,268.3],[1337.7,265.6],[1334.8,265.4],[1334.5,264.3],[1332.6,263.7],[1331.5,262.4],[1328.3,261.7],[1327.4,259.1],[1324.8,259.3],[1321.7,260.6],[1320.7,263.9],[1321.2,266.5],[1312.0,270.4],[1310.6,272.1],[1313.3,272.4],[1312.7,272.7],[1308.8,273.9],[1302.6,273.5],[1301.4,270.7],[1297.2,270.4],[1299.4,274.6],[1299.3,278.4],[1300.4,279.5],[1297.9,279.7],[1296.7,279.1],[1296.3,280.6],[1296.1,279.8],[1293.8,279.3],[1291.7,280.3],[1288.6,277.5],[1284.6,279.0],[1279.9,279.4],[1277.8,280.5],[1277.5,281.8],[1280.2,281.6],[1280.2,282.2],[1281.5,282.4],[1278.5,282.5],[1280.4,283.2],[1280.6,284.0],[1277.6,284.6],[1278.8,285.0]],[[1296.3,291.1],[1297.3,291.6],[1295.8,290.9],[1296.3,291.1]]],[[[1299.1,302.0],[1300.1,303.4],[1299.7,301.9],[1299.1,302.0]]],[[[1366.8,332.6],[1367.3,336.3],[1368.1,336.7],[1367.3,338.1],[1368.8,338.7],[1368.4,339.6],[1370.8,341.3],[1373.5,334.4],[1372.7,327.4],[1371.3,329.6],[1367.6,331.2],[1366.8,332.6]]],[[[1642.6,809.8],[1642.8,811.4],[1643.4,809.8],[1642.8,808.9],[1642.6,809.8]]],[[[2698.4,815.9],[2699.2,814.8],[2698.4,815.2],[2698.4,815.9]]],[[[2502.7,866.3],[2503.1,865.4],[2503.3,864.8],[2502.7,865.6],[2502.7,866.3]]],[[[2549.7,877.7],[2549.9,877.4],[2550.3,876.0],[2549.0,878.2],[2549.7,877.7]]],[[[2555.0,880.8],[2554.6,878.7],[2553.4,878.1],[2554.0,878.8],[2552.9,880.8],[2554.6,882.2],[2554.9,881.7],[2555.0,880.8]]],[[[1718.2,879.7],[1715.5,880.6],[1716.0,883.0],[1719.0,883.6],[1719.5,882.7],[1718.7,880.3],[1718.2,879.7]]],[[[2532.9,878.0],[2537.8,885.2],[2543.7,889.2],[2543.9,890.7],[2545.4,890.9],[2545.2,892.0],[2545.9,891.4],[2547.5,892.5],[2549.5,891.8],[2549.2,890.0],[2541.9,883.5],[2539.4,879.1],[2535.2,874.9],[2533.0,874.3],[2531.5,872.8],[2532.2,876.3],[2532.9,878.0]]],[[[2559.0,886.1],[2559.8,884.7],[2557.9,883.9],[2558.2,886.3],[2559.0,886.1]]],[[[2552.3,895.1],[2552.8,894.4],[2551.9,894.9],[2552.3,895.1]]],[[[1768.4,1123.4],[1767.4,1127.3],[1770.3,1126.0],[1773.2,1126.8],[1773.4,1125.8],[1775.1,1127.6],[1777.4,1126.2],[1774.9,1126.2],[1774.4,1124.8],[1777.0,1124.4],[1778.8,1125.2],[1778.5,1124.4],[1779.5,1124.3],[1780.0,1123.0],[1779.1,1121.9],[1773.5,1124.0],[1774.2,1123.7],[1773.0,1123.5],[1772.6,1122.7],[1771.8,1123.0],[1773.8,1122.2],[1773.9,1121.2],[1771.5,1122.3],[1773.0,1120.6],[1771.4,1122.3],[1770.8,1121.6],[1770.0,1122.3],[1771.7,1120.0],[1771.8,1119.5],[1770.3,1120.0],[1771.2,1118.7],[1769.8,1119.9],[1768.7,1123.1],[1768.4,1123.4]]]]},"type":"Feature","properties":{"status":"sc","iso2":"FR","name":"France","id":"France"}},{"geometry":{"type":"MultiPolygon","coordinates":[[[[1345.5,240.3],[1347.0,239.8],[1347.7,239.5],[1346.4,239.8],[1345.5,240.3]]],[[[1342.9,243.0],[1343.1,241.8],[1342.5,243.2],[1342.9,243.0]]],[[[1337.6,256.3],[1339.6,256.7],[1340.2,255.8],[1342.9,256.3],[1344.0,255.7],[1345.3,257.2],[1349.3,258.5],[1348.1,261.1],[1350.3,261.8],[1350.0,259.5],[1351.7,256.1],[1350.0,253.0],[1351.3,252.2],[1355.5,252.0],[1355.3,250.8],[1357.0,248.7],[1354.9,246.6],[1357.4,245.9],[1358.5,242.6],[1358.0,241.1],[1354.8,239.3],[1348.8,241.1],[1347.1,244.3],[1349.5,247.2],[1347.2,249.2],[1344.9,248.6],[1347.0,246.9],[1346.9,245.4],[1344.5,243.9],[1342.5,244.0],[1337.6,252.2],[1339.6,253.5],[1342.7,253.8],[1337.2,254.9],[1338.7,256.1],[1336.4,254.7],[1334.5,254.8],[1333.7,255.4],[1334.8,256.1],[1337.6,256.3]]],[[[1337.2,253.3],[1339.5,253.9],[1337.5,252.8],[1336.4,253.2],[1337.2,253.3]]],[[[1337.0,253.7],[1335.4,253.7],[1337.9,254.2],[1337.0,253.7]]],[[[1333.3,257.4],[1336.6,257.9],[1338.7,256.8],[1334.1,256.5],[1333.0,257.1],[1333.3,257.4]]],[[[769.9,591.0],[770.7,591.6],[769.5,590.2],[769.9,591.0]]],[[[779.0,594.8],[776.1,592.0],[778.0,594.4],[779.0,594.8]]],[[[783.3,594.1],[781.8,592.5],[782.8,595.0],[783.3,594.1]]]]},"type":"Feature","properties":{"status":"p5","iso2":"NL","name":"The Netherlands","id":"The Netherlands"}},{"geometry":{"type":"Polygon","coordinates":[[[1558.6,412.7],[1561.3,412.7],[1562.0,411.0],[1562.3,411.3],[1565.2,408.4],[1564.9,406.8],[1567.4,406.3],[1567.1,405.2],[1568.6,402.9],[1567.9,401.1],[1566.6,400.4],[1566.6,399.0],[1563.8,399.2],[1563.7,400.3],[1562.0,402.1],[1559.5,411.1],[1558.6,412.7]]]},"type":"Feature","properties":{"status":"nogroup","iso2":"LB","name":"Lebanon","id":"Lebanon"}},{"geometry":{"type":"Polygon","coordinates":[[[1435.3,331.1],[1435.5,332.0],[1437.4,332.0],[1436.1,332.1],[1441.9,337.0],[1441.6,334.3],[1442.4,331.9],[1443.7,330.5],[1444.9,331.7],[1446.4,331.3],[1445.8,329.5],[1447.1,328.6],[1443.1,326.9],[1438.1,322.9],[1438.8,325.1],[1437.2,324.7],[1436.4,327.2],[1435.2,327.4],[1435.7,330.8],[1435.3,331.1]]]},"type":"Feature","properties":{"status":"normal","iso2":"ME","name":"Montenegro","id":"Montenegro"}},{"geometry":{"type":"Polygon","coordinates":[[[1530.5,930.1],[1534.6,934.4],[1536.2,935.1],[1538.4,934.2],[1539.7,931.4],[1541.0,931.4],[1539.9,924.9],[1537.3,922.8],[1534.9,922.7],[1533.3,924.3],[1531.0,929.2],[1530.5,930.1]]]},"type":"Feature","properties":{"status":"nogroup","iso2":"SZ","name":"Eswatini","id":"Eswatini"}},{"geometry":{"type":"MultiPolygon","coordinates":[[[[2647.5,844.4],[2648.3,844.9],[2648.4,846.0],[2652.6,843.8],[2654.2,844.5],[2657.5,843.4],[2658.8,841.4],[2656.3,843.4],[2655.1,843.4],[2659.8,838.9],[2651.9,841.4],[2647.5,844.1],[2647.5,844.4]]],[[[2647.5,852.6],[2648.2,852.0],[2647.4,852.3],[2647.5,852.6]]],[[[2636.2,855.6],[2640.9,857.0],[2646.0,855.3],[2645.4,850.5],[2643.5,849.3],[2639.4,850.2],[2636.8,852.5],[2635.8,855.1],[2636.2,855.6]]],[[[2651.0,855.7],[2651.2,854.7],[2650.5,854.2],[2651.0,855.7]]],[[[2654.1,860.3],[2654.8,859.6],[2654.1,860.0],[2654.1,860.3]]],[[[2638.7,864.7],[2642.5,863.6],[2640.8,863.0],[2638.8,864.4],[2638.7,864.7]]]]},"type":"Feature","properties":{"status":"normal","iso2":"FJ","name":"Fiji","id":"Fiji"}},{"geometry":{"type":"Polygon","coordinates":[[[1656.5,439.6],[1656.0,441.5],[1653.4,439.0],[1649.4,439.2],[1646.8,445.7],[1645.2,447.2],[1652.0,448.4],[1654.2,452.1],[1659.4,452.3],[1656.4,445.8],[1653.4,444.8],[1655.1,442.9],[1657.8,442.4],[1657.8,441.4],[1656.5,439.6]]]},"type":"Feature","properties":{"status":"nogroup","iso2":"KW","name":"Kuwait","id":"Kuwait"}},{"geometry":{"type":"MultiPolygon","coordinates":[[[[2252.0,778.6],[2252.6,780.3],[2266.3,774.5],[2269.2,771.6],[2267.0,771.2],[2253.4,773.5],[2251.3,776.0],[2252.5,777.6],[2252.0,778.6]]],[[[2243.1,780.4],[2246.3,781.7],[2247.0,778.6],[2244.9,779.2],[2243.1,780.4]]]]},"type":"Feature","properties":{"status":"nogroup","iso2":"TL","name":"Timor-Leste","id":"Timor-Leste"}},{"geometry":{"type":"MultiPolygon","coordinates":[[[[719.6,469.7],[724.7,468.5],[726.0,467.3],[721.5,467.7],[719.4,469.0],[718.4,468.6],[718.9,469.3],[719.6,469.7]]],[[[727.3,466.1],[731.0,469.2],[728.6,474.0],[729.7,475.1],[731.7,469.8],[728.8,466.4],[726.1,466.3],[727.3,466.1]]],[[[733.7,479.1],[736.4,481.6],[735.8,485.5],[736.3,481.2],[732.7,478.1],[733.0,478.9],[733.7,479.1]]],[[[726.5,482.8],[728.2,482.2],[726.5,482.6],[726.5,482.8]]],[[[721.3,480.9],[720.2,486.2],[718.8,486.1],[720.9,487.2],[721.4,488.4],[723.3,487.2],[724.0,485.5],[722.8,481.6],[721.3,480.9]]],[[[739.5,485.6],[740.7,489.1],[740.3,490.3],[741.1,489.8],[740.6,487.7],[739.5,485.6]]],[[[721.8,490.1],[722.5,489.6],[721.8,489.9],[721.8,490.1]]],[[[723.3,490.5],[724.1,488.8],[721.9,490.4],[723.0,492.9],[724.1,492.8],[722.6,493.5],[723.4,493.8],[724.8,491.8],[724.3,489.5],[723.3,490.9],[723.3,490.5]]],[[[735.7,494.6],[737.4,495.9],[735.6,494.1],[735.7,494.6]]],[[[747.2,490.7],[746.9,491.8],[747.9,490.5],[747.2,490.7]]],[[[744.6,494.1],[744.4,493.8],[743.8,494.3],[744.5,494.5],[744.6,494.1]]],[[[740.9,494.2],[741.7,498.1],[741.0,498.3],[743.1,500.8],[741.5,495.4],[740.9,494.2]]],[[[747.3,501.9],[748.7,503.0],[747.3,501.4],[747.3,501.9]]],[[[747.1,506.9],[750.4,504.5],[750.3,502.9],[749.5,503.3],[750.2,504.2],[749.2,504.9],[747.1,506.9]]],[[[758.0,505.8],[755.6,504.9],[758.0,506.2],[758.0,505.8]]],[[[755.2,513.6],[755.7,513.1],[755.9,512.8],[755.3,512.9],[755.2,513.6]]],[[[750.0,518.0],[754.0,517.3],[755.3,514.5],[753.6,515.9],[752.0,515.6],[750.6,516.2],[749.8,517.7],[750.0,518.0]]]]},"type":"Feature","properties":{"status":"observer","iso2":"BS","name":"Bahamas","id":"Bahamas"}},{"geometry":{"type":"MultiPolygon","coordinates":[[[[2568.7,819.7],[2569.6,818.6],[2569.2,817.6],[2568.5,818.5],[2568.7,819.7]]],[[[2569.0,822.5],[2569.2,821.5],[2568.2,821.8],[2568.0,822.8],[2568.7,822.9],[2569.0,822.5]]],[[[2564.5,830.4],[2564.1,828.2],[2562.2,829.9],[2561.5,827.2],[2560.6,826.3],[2560.8,834.2],[2563.5,833.3],[2564.6,831.3],[2564.5,830.4]]],[[[2569.2,833.0],[2570.6,831.2],[2568.8,832.0],[2568.9,833.0],[2569.2,833.0]]],[[[2563.9,835.3],[2564.1,834.7],[2563.9,834.2],[2563.2,834.9],[2563.9,835.3]]],[[[2564.5,839.2],[2564.7,842.6],[2567.4,841.4],[2567.2,840.2],[2563.8,836.5],[2563.3,838.2],[2564.1,838.5],[2564.5,839.2]]],[[[2569.8,853.1],[2570.5,851.8],[2569.7,850.7],[2567.6,852.4],[2568.2,852.1],[2569.2,853.2],[2569.8,853.1]]],[[[2571.9,831.8],[2572.0,828.5],[2571.6,832.2],[2571.9,831.8]]],[[[2571.6,836.7],[2571.6,832.9],[2571.1,837.4],[2571.6,836.7]]],[[[2570.0,840.6],[2571.5,840.1],[2570.8,838.6],[2568.6,839.3],[2569.1,840.1],[2570.0,840.6]]],[[[2569.2,843.7],[2571.6,844.7],[2569.5,842.9],[2569.2,843.7]]],[[[2573.7,862.9],[2573.4,860.7],[2572.4,860.2],[2571.6,862.4],[2573.4,863.4],[2573.7,862.9]]],[[[2572.5,866.4],[2572.2,867.7],[2573.3,869.1],[2573.3,866.1],[2572.5,866.4]]],[[[2574.9,874.2],[2575.6,873.5],[2574.6,874.0],[2574.9,874.2]]]]},"type":"Feature","properties":{"status":"nogroup","iso2":"VU","name":"Vanuatu","id":"Vanuatu"}},{"geometry":{"type":"Polygon","coordinates":[[[1067.7,1163.5],[1072.9,1164.7],[1072.2,1165.0],[1079.2,1168.2],[1082.3,1170.7],[1082.9,1170.3],[1082.4,1169.9],[1083.7,1169.6],[1080.8,1166.6],[1077.0,1165.5],[1076.7,1164.5],[1068.7,1163.3],[1067.7,1163.5]]]},"type":"Feature","properties":{"status":"nogroup","iso2":"GS","name":"South Georgia and the South Sandwich Islands","id":"South Georgia and the South Sandwich Islands"}},{"geometry":{"type":"Polygon","coordinates":[[[1173.4,583.3],[1173.9,585.9],[1175.6,585.0],[1180.8,584.9],[1181.4,583.8],[1185.0,583.1],[1186.3,581.7],[1192.5,584.4],[1195.2,583.9],[1196.1,582.7],[1194.8,581.8],[1191.7,582.3],[1190.7,580.9],[1189.2,580.9],[1187.4,579.5],[1184.3,580.0],[1183.4,581.4],[1175.4,581.6],[1176.5,583.4],[1182.4,582.4],[1178.6,583.2],[1178.2,584.0],[1175.7,584.2],[1174.6,582.6],[1173.4,583.3]]]},"type":"Feature","properties":{"status":"nogroup","iso2":"GM","name":"Gambia","id":"Gambia"}},{"geometry":{"type":"Polygon","coordinates":[[[1679.2,480.2],[1681.0,486.1],[1682.1,486.4],[1684.5,485.3],[1685.8,481.8],[1684.5,478.5],[1685.1,475.8],[1684.6,475.0],[1681.4,473.2],[1680.0,477.8],[1679.6,477.1],[1679.7,478.6],[1679.0,478.4],[1679.2,480.2]]]},"type":"Feature","properties":{"status":"nogroup","iso2":"QA","name":"Qatar","id":"Qatar"}},{"geometry":{"type":"Polygon","coordinates":[[[711.5,541.0],[714.0,542.1],[716.0,544.3],[718.6,544.7],[720.0,545.7],[720.1,544.7],[722.9,543.6],[725.1,544.4],[727.6,544.0],[725.9,541.7],[719.9,539.3],[714.8,539.1],[712.9,539.7],[711.5,541.0]]]},"type":"Feature","properties":{"status":"nogroup","iso2":"JM","name":"Jamaica","id":"Jamaica"}},{"geometry":{"type":"Polygon","coordinates":[[[1541.5,393.5],[1540.9,394.6],[1536.8,395.4],[1538.4,398.1],[1542.6,399.9],[1542.9,399.0],[1545.8,398.0],[1547.3,396.5],[1549.8,396.2],[1548.6,393.9],[1553.1,390.4],[1548.6,393.9],[1549.0,395.6],[1544.6,396.3],[1544.4,394.9],[1540.3,395.2],[1541.3,394.2],[1541.5,393.5]]]},"type":"Feature","properties":{"status":"nogroup","iso2":"CY","name":"Cyprus","id":"Cyprus"}},{"geometry":{"type":"Polygon","coordinates":[[[1544.5,396.2],[1549.1,395.5],[1548.6,393.9],[1553.0,390.4],[1547.2,393.0],[1541.9,393.1],[1540.2,394.7],[1540.7,395.3],[1544.4,395.0],[1544.6,395.7],[1544.5,396.2]]]},"type":"Feature","properties":{"status":"normal","iso2":"","name":"Northern Cyprus","id":"Northern Cyprus"}},{"geometry":{"type":"MultiPolygon","coordinates":[[[[2177.6,657.4],[2178.3,660.5],[2179.9,661.5],[2179.6,658.8],[2178.5,656.5],[2178.2,657.0],[2177.6,657.4]]],[[[2170.7,659.3],[2172.9,662.3],[2175.6,664.1],[2176.0,658.4],[2177.6,655.8],[2171.8,659.1],[2170.7,659.3]]]]},"type":"Feature","properties":{"status":"normal","iso2":"BN","name":"Brunei","id":"Brunei"}},{"geometry":{"type":"MultiPolygon","coordinates":[[[[838.9,602.6],[840.6,601.0],[839.0,602.1],[838.9,602.6]]],[[[829.8,612.1],[836.6,611.2],[837.3,605.5],[834.4,605.5],[832.3,606.5],[833.4,607.5],[833.4,609.6],[830.6,611.4],[829.8,612.1]]]]},"type":"Feature","properties":{"status":"nogroup","iso2":"TT","name":"Trinidad and Tobago","id":"Trinidad and Tobago"}},{"geometry":{"type":"MultiPolygon","coordinates":[[[[1110.9,552.6],[1112.5,551.4],[1112.2,550.3],[1110.4,551.1],[1110.5,552.6],[1110.9,552.6]]],[[[1113.2,553.6],[1112.8,552.9],[1112.6,553.8],[1113.2,553.6]]],[[[1128.1,555.5],[1128.3,553.2],[1127.9,554.1],[1128.1,555.5]]],[[[1117.7,555.9],[1119.8,555.5],[1116.8,554.9],[1117.5,556.4],[1117.7,555.9]]],[[[1129.5,560.3],[1129.6,559.4],[1128.1,558.5],[1128.0,560.5],[1128.8,560.7],[1129.5,560.3]]],[[[1126.3,567.4],[1125.3,567.1],[1125.8,568.2],[1126.3,567.4]]],[[[1123.3,569.5],[1121.7,566.5],[1121.5,569.3],[1123.0,570.1],[1123.3,569.5]]],[[[1116.4,570.9],[1117.1,569.5],[1116.3,568.9],[1116.2,570.8],[1116.4,570.9]]]]},"type":"Feature","properties":{"status":"nogroup","iso2":"CV","name":"Cape Verde","id":"Cape Verde"}},{"geometry":{"type":"MultiPolygon","coordinates":[[[[2719.0,815.9],[2721.0,818.3],[2723.2,817.3],[2722.4,815.6],[2719.8,816.0],[2719.0,815.9]]],[[[2728.2,820.6],[2726.8,818.8],[2723.9,819.1],[2725.5,820.3],[2728.2,820.6]]]]},"type":"Feature","properties":{"status":"normal","iso2":"WS","name":"Samoa","id":"Samoa"}},{"geometry":{"type":"Polygon","coordinates":[[[1348.4,269.0],[1349.0,271.2],[1348.4,272.2],[1352.8,272.8],[1352.9,269.6],[1350.6,266.9],[1348.8,267.9],[1348.4,269.0]]]},"type":"Feature","properties":{"status":"normal","iso2":"LU","name":"Luxembourg","id":"Luxembourg"}},{"geometry":{"type":"MultiPolygon","coordinates":[[[[1629.9,797.4],[1629.3,797.5],[1629.0,797.9],[1628.7,800.5],[1629.0,801.1],[1630.4,802.3],[1630.6,801.9],[1630.6,801.4],[1630.2,799.9],[1630.0,797.6],[1629.9,797.4]]],[[[1636.2,804.3],[1637.6,805.4],[1638.3,806.1],[1638.5,805.2],[1638.4,804.6],[1636.2,804.3]]],[[[1631.6,805.3],[1632.1,805.9],[1633.3,806.1],[1633.0,805.6],[1632.5,805.2],[1631.6,805.1],[1631.6,805.3]]]]},"type":"Feature","properties":{"status":"nogroup","iso2":"KM","name":"Comoros","id":"Comoros"}},{"geometry":{"type":"Polygon","coordinates":[[[1733.5,872.0],[1732.5,873.5],[1731.8,875.0],[1731.6,875.9],[1732.0,876.4],[1732.8,876.5],[1733.4,876.2],[1734.1,875.6],[1734.5,874.8],[1734.6,873.7],[1734.5,872.7],[1734.1,872.1],[1733.5,872.0]]]},"type":"Feature","properties":{"status":"normal","iso2":"MU","name":"Mauritius","id":"Mauritius"}},{"geometry":{"type":"MultiPolygon","coordinates":[[[[1277.8,168.0],[1277.8,168.9],[1277.9,169.4],[1278.2,169.1],[1278.3,168.6],[1278.1,168.2],[1277.8,168.0]]],[[[1275.1,168.2],[1275.1,169.1],[1274.3,168.5],[1273.8,168.5],[1273.8,169.1],[1274.3,169.9],[1273.3,169.9],[1273.1,170.1],[1273.0,170.3],[1273.6,170.6],[1274.5,170.1],[1276.5,171.2],[1276.5,170.7],[1275.8,170.1],[1275.8,169.6],[1276.4,170.0],[1276.1,169.3],[1276.9,170.3],[1277.1,169.9],[1277.1,169.5],[1276.2,168.7],[1275.1,168.2]]],[[[1275.9,172.1],[1276.3,172.5],[1276.6,172.7],[1276.8,172.2],[1276.7,171.9],[1276.3,171.9],[1275.9,172.1]]],[[[1276.3,175.2],[1275.9,174.4],[1274.8,173.6],[1275.0,174.3],[1275.4,174.9],[1276.3,175.5],[1276.3,175.2]]]]},"type":"Feature","properties":{"status":"nogroup","iso2":"FO","name":"Faroe Islands","id":"Faroe Islands"}},{"geometry":{"type":"MultiPolygon","coordinates":[[[[1356.7,685.7],[1356.9,685.0],[1356.9,684.6],[1356.7,684.3],[1356.4,684.6],[1356.3,685.0],[1356.4,685.5],[1356.7,685.7]]],[[[1350.0,698.8],[1351.0,698.0],[1351.6,697.1],[1351.6,696.1],[1351.2,695.6],[1350.4,695.8],[1349.8,696.5],[1349.7,697.4],[1350.0,698.8]]]]},"type":"Feature","properties":{"status":"nogroup","iso2":"ST","name":"Sao Tome and Principe","id":"Sao Tome and Principe"}},{"geometry":{"type":"Polygon","coordinates":[[[836.6,563.8],[836.4,565.0],[837.1,567.5],[837.6,567.3],[837.9,566.8],[838.1,565.7],[837.6,564.5],[836.6,563.8]]]},"type":"Feature","properties":{"status":"nogroup","iso2":"DM","name":"Dominica","id":"Dominica"}},{"geometry":{"type":"MultiPolygon","coordinates":[[[[2700.5,859.6],[2699.9,860.0],[2699.8,860.8],[2700.4,860.2],[2700.5,859.6]]],[[[2685.3,882.9],[2686.2,881.7],[2685.6,882.1],[2684.6,881.7],[2684.1,881.7],[2684.7,882.5],[2685.3,882.9]]]]},"type":"Feature","properties":{"status":"nogroup","iso2":"TO","name":"Tonga","id":"Tonga"}},{"geometry":{"type":"MultiPolygon","coordinates":[[[[2629.0,681.8],[2629.0,681.0],[2628.3,681.3],[2629.0,681.8]]],[[[97.2,683.0],[99.5,684.3],[99.9,684.1],[98.8,682.3],[98.1,681.7],[97.8,681.6],[98.1,682.4],[98.1,682.8],[97.8,683.0],[97.2,683.0]]]]},"type":"Feature","properties":{"status":"nogroup","iso2":"KI","name":"Kiribati","id":"Kiribati"}},{"geometry":{"type":"Polygon","coordinates":[[[2505.3,638.8],[2505.4,639.5],[2505.8,640.2],[2506.0,640.3],[2506.4,640.1],[2506.6,639.7],[2506.4,639.2],[2505.9,638.8],[2505.3,638.8]]]},"type":"Feature","properties":{"status":"nogroup","iso2":"FM","name":"Micronesia","id":"Micronesia"}},{"geometry":{"type":"Polygon","coordinates":[[[1676.3,472.5],[1676.6,473.3],[1676.6,474.5],[1677.4,475.8],[1677.6,474.2],[1677.4,472.7],[1676.9,472.2],[1676.3,472.5]]]},"type":"Feature","properties":{"status":"nogroup","iso2":"BH","name":"Bahrain","id":"Bahrain"}},{"geometry":{"type":"Polygon","coordinates":[[[1317.1,330.8],[1317.6,330.4],[1318.3,330.4],[1319.0,330.6],[1319.4,331.1],[1318.6,331.8],[1317.3,332.1],[1317.1,330.8]]]},"type":"Feature","properties":{"status":"nogroup","iso2":"AD","name":"Andorra","id":"Andorra"}},{"geometry":{"type":"Polygon","coordinates":[[[2325.1,635.4],[2325.8,633.8],[2325.8,633.1],[2325.6,632.4],[2325.0,633.3],[2324.8,634.1],[2324.8,634.8],[2325.1,635.4]]]},"type":"Feature","properties":{"status":"nogroup","iso2":"PW","name":"Palau","id":"Palau"}},{"geometry":{"type":"Polygon","coordinates":[[[1722.8,739.0],[1723.5,739.6],[1723.9,740.4],[1723.8,739.8],[1723.6,739.3],[1723.3,739.1],[1722.8,739.0]]]},"type":"Feature","properties":{"status":"nogroup","iso2":"SC","name":"Seychelles","id":"Seychelles"}},{"geometry":{"type":"MultiPolygon","coordinates":[[[[836.1,547.2],[836.2,546.6],[836.0,546.2],[835.7,546.0],[835.2,546.1],[835.5,546.9],[835.9,547.2],[836.1,547.2]]],[[[835.7,552.0],[836.0,551.4],[836.0,550.8],[835.7,550.6],[835.2,550.6],[834.9,550.9],[834.8,551.4],[835.2,551.9],[835.7,552.0]]]]},"type":"Feature","properties":{"status":"nogroup","iso2":"AG","name":"Antigua and Barbuda","id":"Antigua and Barbuda"}},{"geometry":{"type":"Polygon","coordinates":[[[849.5,586.1],[849.1,585.8],[848.8,585.4],[848.7,583.9],[849.6,584.5],[850.1,585.2],[850.1,585.7],[849.5,586.1]]]},"type":"Feature","properties":{"status":"nogroup","iso2":"BB","name":"Barbados","id":"Barbados"}},{"geometry":{"type":"Polygon","coordinates":[[[837.0,585.4],[837.5,584.2],[837.2,583.2],[836.7,583.9],[836.5,584.5],[836.6,585.0],[837.0,585.4]]]},"type":"Feature","properties":{"status":"nogroup","iso2":"VC","name":"Saint Vincent and the Grenadines","id":"Saint Vincent and the Grenadines"}},{"geometry":{"type":"Polygon","coordinates":[[[839.2,580.4],[838.6,579.9],[838.4,579.3],[838.6,578.5],[839.2,577.6],[839.7,578.1],[839.8,578.8],[839.6,579.6],[839.2,580.4]]]},"type":"Feature","properties":{"status":"nogroup","iso2":"LC","name":"Saint Lucia","id":"Saint Lucia"}},{"geometry":{"type":"Polygon","coordinates":[[[832.5,595.1],[832.9,594.7],[833.2,594.2],[833.1,593.1],[832.5,593.5],[832.2,594.1],[832.2,594.6],[832.5,595.1]]]},"type":"Feature","properties":{"status":"nogroup","iso2":"GD","name":"Grenada","id":"Grenada"}},{"geometry":{"type":"Polygon","coordinates":[[[1408.9,389.3],[1408.3,389.1],[1407.9,388.7],[1407.7,388.2],[1407.8,387.6],[1409.1,388.5],[1409.2,388.9],[1408.9,389.3]]]},"type":"Feature","properties":{"status":"normal","iso2":"MT","name":"Malta","id":"Malta"}},{"geometry":{"type":"Polygon","coordinates":[[[1844.4,675.8],[1844.3,675.2],[1844.1,674.7],[1843.8,674.4],[1843.3,674.4],[1844.0,675.0],[1844.4,675.8]]]},"type":"Feature","properties":{"status":"nogroup","iso2":"MV","name":"Maldives","id":"Maldives"}},{"geometry":{"type":"Polygon","coordinates":[[[827.4,548.7],[828.1,549.4],[828.9,550.1],[828.8,549.4],[828.4,548.9],[827.9,548.6],[827.4,548.7]]]},"type":"Feature","properties":{"status":"nogroup","iso2":"KN","name":"Saint Kitts and Nevis","id":"Saint Kitts and Nevis"}},{"geometry":{"type":"Polygon","coordinates":[[[2606.5,641.2],[2606.7,640.7],[2606.4,640.3],[2605.8,641.0],[2606.5,641.2]]]},"type":"Feature","properties":{"status":"nogroup","iso2":"MH","name":"Marshall Islands","id":"Marshall Islands"}},{"geometry":{"type":"Polygon","coordinates":[[[1373.0,292.8],[1373.6,292.8],[1373.8,292.5],[1373.8,291.8],[1373.4,291.0],[1373.1,291.9],[1373.0,292.8]]]},"type":"Feature","properties":{"status":"normal","iso2":"LI","name":"Liechtenstein","id":"Liechtenstein"}},{"geometry":{"type":"Polygon","coordinates":[[[1250.0,847.8],[1250.3,847.0],[1250.1,846.3],[1249.8,846.6],[1249.7,847.0],[1250.0,847.8]]]},"type":"Feature","properties":{"status":"normal","iso2":"SH","name":"Saint Helena, Ascension and Tristan da Cunha","id":"Saint Helena, Ascension and Tristan da Cunha"}},{"geometry":{"type":"Polygon","coordinates":[[[1393.0,322.5],[1393.6,321.8],[1394.2,322.4],[1393.6,323.2],[1393.0,322.5]]]},"type":"Feature","properties":{"status":"sc","iso2":"SM","name":"San Marino","id":"San Marino"}},{"geometry":{"type":"Polygon","coordinates":[[[2658.2,772.8],[2658.7,772.3],[2659.0,771.7],[2658.3,772.0],[2658.2,772.8]]]},"type":"Feature","properties":{"status":"nogroup","iso2":"TV","name":"Tuvalu","id":"Tuvalu"}},{"geometry":{"type":"Polygon","coordinates":[[[2559.2,681.8],[2559.9,682.6],[2560.5,682.3],[2559.9,681.7],[2559.2,681.8]]]},"type":"Feature","properties":{"status":"nogroup","iso2":"NR","name":"Nauru","id":"Nauru"}},{"geometry":{"type":"Polygon","coordinates":[[[1266.1,386.6],[1266.3,387.1],[1266.5,387.1],[1266.8,386.5],[1266.1,386.6]]]},"type":"Feature","properties":{"status":"normal","iso2":"GI","name":"Gibraltar","id":"Gibraltar"}},{"geometry":{"type":"Polygon","coordinates":[[[1281.5,234.4],[1282.9,234.0],[1284.0,233.5],[1284.5,232.8],[1284.5,232.3],[1283.8,232.0],[1283.1,232.2],[1282.4,232.9],[1281.5,234.4]]]},"type":"Feature","properties":{"status":"nogroup","iso2":"IM","name":"Isle of Man","id":"Isle of Man"}},{"geometry":{"type":"Polygon","coordinates":[[[2092.5,686.6],[2092.2,686.8],[2092.2,687.1],[2092.5,687.5],[2092.9,687.7],[2093.6,687.6],[2094.3,687.0],[2093.4,686.7],[2092.5,686.6]]]},"type":"Feature","properties":{"status":"normal","iso2":"SG","name":"Singapore","id":"Singapore"}},{"geometry":{"type":"Polygon","coordinates":[[[1466.1,588.2],[1467.1,589.4],[1470.9,589.6],[1471.2,594.8],[1472.0,594.5],[1472.2,595.2],[1471.9,598.2],[1474.8,600.9],[1474.4,604.6],[1479.6,611.3],[1480.8,616.9],[1487.3,616.5],[1491.0,612.4],[1491.6,609.7],[1496.6,608.6],[1497.8,611.1],[1499.1,611.6],[1500.7,615.7],[1502.5,616.7],[1507.3,615.3],[1512.5,615.5],[1514.2,618.0],[1518.9,617.8],[1521.5,614.8],[1525.3,614.1],[1525.5,611.3],[1528.2,609.6],[1534.4,614.3],[1538.0,613.9],[1546.7,602.4],[1546.3,597.2],[1544.1,594.9],[1548.5,594.6],[1548.8,592.4],[1549.9,592.3],[1552.8,592.4],[1551.7,597.1],[1552.7,605.3],[1555.2,606.8],[1558.6,611.6],[1558.5,613.2],[1557.8,613.6],[1557.9,616.0],[1560.1,615.9],[1562.0,606.3],[1563.4,605.1],[1564.8,606.6],[1565.2,606.1],[1566.5,603.4],[1566.0,601.5],[1567.3,596.8],[1570.8,590.4],[1575.0,588.6],[1577.0,578.8],[1576.5,568.6],[1579.9,558.3],[1580.2,552.4],[1580.9,551.7],[1583.3,551.5],[1584.4,549.2],[1589.4,546.7],[1591.8,543.2],[1583.2,536.4],[1582.0,534.7],[1579.4,517.0],[1579.8,516.0],[1580.6,516.4],[1577.8,512.0],[1576.9,507.9],[1572.4,503.4],[1568.9,501.1],[1567.7,498.9],[1565.1,501.5],[1562.8,501.8],[1561.0,505.6],[1557.3,507.2],[1556.0,510.2],[1554.9,511.0],[1548.7,508.6],[1536.9,508.6],[1536.8,506.6],[1535.1,508.3],[1533.5,508.7],[1488.5,508.6],[1489.0,526.0],[1481.5,526.0],[1482.2,563.2],[1479.4,562.7],[1474.5,564.1],[1474.3,567.9],[1470.4,573.1],[1471.5,576.5],[1468.5,579.6],[1469.4,583.8],[1467.2,586.0],[1466.1,588.2]]]},"type":"Feature","properties":{"status":"nogroup","iso2":"SD","name":"Sudan","id":"Sudan"}},{"geometry":{"type":"Polygon","coordinates":[[[1479.0,621.3],[1479.8,621.0],[1479.3,623.3],[1484.2,623.9],[1485.2,627.3],[1489.6,628.4],[1492.7,631.2],[1492.6,634.1],[1498.5,638.1],[1501.2,641.2],[1501.1,643.5],[1502.7,646.3],[1507.7,649.5],[1508.4,653.3],[1512.0,658.6],[1516.3,661.4],[1520.3,659.9],[1523.7,660.7],[1526.0,658.5],[1529.9,663.4],[1533.3,665.8],[1533.5,667.6],[1535.1,667.7],[1535.8,668.7],[1538.1,666.3],[1540.8,667.3],[1542.9,666.3],[1546.0,668.5],[1546.6,667.1],[1551.9,665.6],[1555.9,666.3],[1562.8,659.5],[1574.4,658.9],[1573.2,657.0],[1573.2,653.1],[1571.4,651.9],[1569.6,652.5],[1565.0,641.3],[1561.7,638.6],[1557.8,633.3],[1551.8,630.7],[1553.7,626.2],[1559.1,626.0],[1560.5,623.4],[1560.1,615.9],[1557.8,615.8],[1558.6,611.5],[1555.2,606.8],[1552.7,605.2],[1551.7,597.1],[1552.8,592.4],[1548.9,592.4],[1548.6,594.6],[1544.1,594.9],[1546.3,597.2],[1546.1,601.0],[1546.7,602.4],[1538.1,613.8],[1534.4,614.3],[1528.2,609.5],[1525.5,611.3],[1525.4,614.1],[1521.5,614.8],[1518.9,617.8],[1514.2,618.0],[1512.6,615.5],[1507.3,615.2],[1502.5,616.7],[1500.7,615.7],[1499.1,611.5],[1497.8,611.1],[1497.3,608.9],[1496.4,608.6],[1491.6,609.7],[1491.0,612.4],[1487.2,616.5],[1480.8,616.8],[1479.1,620.3],[1479.0,621.3]]]},"type":"Feature","properties":{"status":"normal","iso2":"SS","name":"South Sudan","id":"South Sudan"}},{"geometry":{"type":"Polygon","coordinates":[[[679.8,737.8],[680.2,740.2],[681.7,742.1],[681.3,744.1],[683.8,748.5],[683.5,749.4],[681.7,749.9],[681.6,751.8],[688.7,755.8],[693.1,760.6],[700.5,773.1],[707.0,787.8],[710.6,794.0],[711.0,796.5],[714.1,799.3],[715.5,803.6],[718.1,806.6],[722.5,814.0],[723.4,817.5],[723.3,818.8],[722.5,818.4],[722.3,819.2],[723.1,819.4],[723.4,821.5],[726.6,825.6],[734.1,832.9],[743.9,838.8],[754.8,843.9],[761.8,848.5],[764.9,852.8],[770.5,856.9],[772.5,857.5],[774.9,856.7],[775.7,855.4],[775.3,853.3],[777.7,850.4],[776.3,848.2],[780.4,842.9],[780.3,839.3],[776.6,838.9],[776.7,837.3],[773.1,836.3],[772.1,835.0],[772.5,833.9],[773.2,834.6],[773.1,831.3],[777.1,833.4],[777.9,831.4],[776.6,827.7],[779.5,821.2],[778.3,818.4],[777.8,811.6],[779.8,808.2],[779.7,806.9],[772.4,793.8],[769.8,793.5],[766.5,794.7],[764.1,793.9],[763.5,785.3],[764.1,780.6],[758.2,785.4],[751.7,785.5],[751.4,783.3],[749.9,781.3],[743.8,780.1],[745.2,778.2],[745.1,776.6],[740.7,771.1],[738.6,767.5],[739.0,766.5],[737.1,764.0],[739.0,762.1],[738.4,760.1],[738.9,758.4],[742.9,755.0],[742.4,751.1],[743.9,748.2],[744.8,743.5],[752.0,738.0],[757.7,737.0],[761.3,734.9],[764.6,736.5],[765.2,735.8],[766.2,736.0],[764.0,732.4],[760.9,731.6],[764.8,723.6],[764.3,721.5],[759.0,718.1],[755.4,719.4],[752.6,717.7],[750.8,719.6],[748.6,720.5],[743.0,719.9],[742.0,718.9],[741.9,715.6],[739.4,714.2],[738.0,710.7],[733.2,707.6],[732.1,704.5],[729.6,701.4],[726.0,699.5],[722.6,699.9],[725.1,703.4],[725.7,707.4],[724.3,706.9],[722.0,713.4],[717.4,719.2],[713.8,721.8],[706.3,724.8],[703.5,727.5],[703.2,729.3],[702.4,728.9],[699.9,737.4],[697.4,741.8],[695.0,741.3],[692.8,737.6],[691.0,737.6],[688.9,736.2],[686.6,737.3],[687.0,735.7],[686.2,734.2],[688.5,732.3],[687.0,728.2],[681.2,735.1],[679.8,737.8]]]},"type":"Feature","properties":{"status":"normal","iso2":"PE","name":"Peru","id":"Peru"}},{"geometry":{"type":"Polygon","coordinates":[[[1258.6,608.7],[1259.2,609.6],[1261.4,610.1],[1263.0,613.3],[1265.9,615.3],[1267.7,615.9],[1268.3,614.7],[1270.2,613.8],[1276.3,613.1],[1279.6,617.7],[1279.5,611.5],[1278.2,606.7],[1279.1,603.8],[1294.0,603.8],[1295.9,604.4],[1299.0,602.7],[1304.4,604.0],[1307.1,603.8],[1311.6,600.0],[1315.4,600.0],[1317.6,598.6],[1318.6,595.9],[1316.7,592.4],[1317.9,591.3],[1316.6,588.9],[1313.0,589.7],[1309.3,586.7],[1308.5,583.3],[1310.5,583.5],[1305.5,580.2],[1304.0,577.8],[1303.6,575.1],[1302.3,573.5],[1302.3,569.8],[1299.5,568.7],[1295.7,568.6],[1286.1,574.3],[1285.1,576.3],[1282.4,575.6],[1280.8,576.1],[1278.4,581.1],[1276.0,580.4],[1276.2,584.0],[1274.9,584.1],[1274.7,585.0],[1271.9,583.8],[1270.7,582.2],[1268.1,585.5],[1268.8,588.1],[1266.8,589.0],[1267.3,591.4],[1266.1,594.0],[1259.6,596.6],[1260.6,597.2],[1261.2,600.0],[1260.5,602.4],[1259.2,603.4],[1259.3,606.0],[1258.6,608.7]]]},"type":"Feature","properties":{"status":"nogroup","iso2":"BF","name":"Burkina Faso","id":"Burkina Faso"}},{"geometry":{"type":"Polygon","coordinates":[[[1371.8,438.7],[1375.2,446.3],[1375.8,457.8],[1374.9,462.6],[1375.7,468.2],[1372.5,471.1],[1372.1,472.8],[1376.1,479.0],[1377.0,483.7],[1379.0,486.8],[1382.3,486.6],[1386.8,488.6],[1388.9,490.5],[1391.5,495.3],[1401.8,498.3],[1408.0,503.0],[1422.1,496.5],[1481.7,530.3],[1481.5,525.9],[1489.0,525.9],[1487.2,450.7],[1486.1,442.1],[1484.7,438.0],[1486.2,433.1],[1485.1,427.8],[1487.0,424.9],[1485.5,422.5],[1480.1,422.1],[1473.0,420.1],[1472.0,419.2],[1471.5,416.8],[1465.7,414.5],[1461.2,414.3],[1455.9,415.9],[1451.9,418.3],[1449.2,421.7],[1449.0,424.9],[1450.7,430.0],[1449.6,433.0],[1446.3,436.0],[1442.4,437.1],[1432.8,430.9],[1418.9,427.5],[1416.7,425.2],[1415.1,420.1],[1413.7,418.5],[1410.3,418.1],[1406.1,415.7],[1401.0,414.4],[1393.9,415.0],[1387.6,412.0],[1387.7,418.3],[1382.1,421.5],[1380.3,424.1],[1377.9,425.6],[1378.2,432.5],[1376.0,435.7],[1372.0,438.1],[1371.8,438.7]]]},"type":"Feature","properties":{"status":"normal","iso2":"LY","name":"Libya","id":"Libya"}},{"geometry":{"type":"Polygon","coordinates":[[[1462.7,249.1],[1465.6,250.9],[1465.4,255.7],[1466.1,254.4],[1468.7,254.6],[1471.6,252.4],[1480.1,252.0],[1487.8,253.3],[1489.8,254.7],[1493.2,255.4],[1493.6,254.7],[1498.3,255.0],[1499.5,256.3],[1500.0,255.2],[1501.4,254.7],[1503.6,256.4],[1508.6,255.8],[1511.5,257.4],[1511.4,253.8],[1512.6,251.7],[1514.1,250.9],[1519.0,250.5],[1517.2,247.6],[1516.5,244.8],[1514.6,242.3],[1516.7,241.5],[1520.1,242.2],[1523.6,240.0],[1520.9,236.9],[1517.0,236.5],[1516.9,234.5],[1513.8,232.9],[1509.8,228.2],[1510.4,226.2],[1508.9,221.6],[1505.1,219.6],[1499.9,220.7],[1498.4,218.4],[1490.4,217.6],[1487.7,220.1],[1484.1,220.0],[1481.7,221.4],[1481.3,223.2],[1483.4,224.3],[1477.7,228.1],[1476.2,232.0],[1477.7,232.7],[1477.5,233.6],[1476.4,233.7],[1476.3,232.9],[1475.3,232.7],[1469.3,235.6],[1463.4,235.4],[1467.0,244.4],[1466.5,245.8],[1463.3,247.9],[1462.7,249.1]]]},"type":"Feature","properties":{"status":"normal","iso2":"BY","name":"Belarus","id":"Belarus"}},{"geometry":{"type":"Polygon","coordinates":[[[1234.8,642.6],[1236.4,643.2],[1236.7,644.2],[1240.2,644.9],[1240.8,646.7],[1243.6,649.5],[1244.0,652.1],[1242.3,658.6],[1243.2,661.1],[1255.2,655.5],[1262.1,654.6],[1259.2,654.5],[1260.6,653.9],[1263.4,654.6],[1269.7,653.7],[1269.0,653.3],[1271.3,653.3],[1271.2,652.6],[1271.8,653.4],[1270.1,653.4],[1274.0,654.5],[1276.0,652.7],[1277.1,654.6],[1279.4,654.7],[1279.4,650.9],[1278.0,650.3],[1277.9,648.0],[1276.2,644.5],[1275.9,641.7],[1277.7,633.6],[1281.4,627.4],[1279.6,620.3],[1280.1,616.9],[1279.6,617.7],[1276.3,613.1],[1271.6,613.3],[1268.6,614.5],[1267.7,615.9],[1266.4,615.5],[1262.9,613.1],[1261.6,610.1],[1259.0,609.4],[1258.5,608.4],[1256.4,608.8],[1254.2,610.7],[1253.1,606.1],[1251.6,607.7],[1250.0,606.7],[1249.9,609.2],[1247.7,609.8],[1247.5,611.0],[1245.1,610.3],[1243.9,608.6],[1242.0,609.0],[1238.9,611.7],[1238.5,614.3],[1238.9,617.0],[1240.7,617.4],[1240.5,619.1],[1241.6,620.5],[1240.5,621.1],[1239.9,622.8],[1241.4,623.7],[1242.2,626.5],[1239.1,625.5],[1237.7,626.0],[1239.9,629.6],[1238.8,630.0],[1237.8,633.6],[1235.8,633.6],[1237.2,637.2],[1236.6,640.7],[1234.8,642.6]],[[1268.0,653.3],[1263.7,654.0],[1266.6,653.3],[1268.0,653.3]]]},"type":"Feature","properties":{"status":"nogroup","iso2":"CI","name":"Cote d'Ivoire","id":"Cote d'Ivoire"}},{"geometry":{"type":"Polygon","coordinates":[[[1238.6,462.9],[1264.4,481.1],[1308.5,514.9],[1310.1,516.8],[1310.5,519.4],[1313.3,520.7],[1315.3,523.5],[1318.2,523.9],[1320.3,525.8],[1325.4,527.3],[1325.8,530.8],[1325.0,533.3],[1326.1,534.4],[1345.1,530.6],[1363.1,514.7],[1391.2,495.5],[1389.3,491.1],[1387.4,488.8],[1382.6,486.7],[1379.7,487.1],[1378.7,486.5],[1376.0,478.5],[1372.3,472.8],[1372.6,471.2],[1375.9,467.9],[1375.0,462.8],[1375.9,458.3],[1375.1,445.3],[1372.0,438.8],[1373.1,437.5],[1373.0,435.7],[1370.0,422.3],[1365.3,418.0],[1363.0,413.3],[1360.4,411.4],[1358.4,405.7],[1358.8,403.9],[1362.5,400.5],[1364.0,398.0],[1364.8,384.8],[1363.5,383.3],[1366.1,381.0],[1366.7,379.4],[1361.0,380.1],[1360.8,379.1],[1357.6,378.2],[1354.6,379.8],[1350.4,378.3],[1349.3,379.9],[1343.3,381.9],[1339.4,380.0],[1334.1,379.9],[1313.9,383.3],[1308.0,385.4],[1304.5,389.1],[1302.0,388.7],[1300.2,389.8],[1298.6,389.7],[1294.9,393.2],[1288.3,395.4],[1291.1,397.9],[1292.2,400.6],[1291.6,401.9],[1291.9,411.0],[1293.2,415.0],[1295.9,417.4],[1294.1,420.1],[1295.0,421.3],[1286.1,420.6],[1283.1,421.2],[1280.7,424.1],[1275.7,425.7],[1276.6,430.9],[1267.6,434.7],[1263.0,439.7],[1256.1,440.9],[1254.2,443.0],[1250.4,442.8],[1240.6,449.1],[1239.1,451.2],[1238.6,462.9]]]},"type":"Feature","properties":{"status":"nogroup","iso2":"DZ","name":"Algeria","id":"Algeria"}},{"geometry":{"type":"Polygon","coordinates":[[[1349.2,300.6],[1352.2,298.2],[1353.7,298.0],[1356.7,302.2],[1361.7,302.2],[1363.2,301.3],[1363.6,299.4],[1365.5,297.9],[1366.7,300.2],[1369.6,303.1],[1371.8,297.4],[1373.6,298.9],[1375.7,298.7],[1377.3,299.9],[1376.9,297.4],[1377.7,296.4],[1379.6,297.0],[1379.8,293.9],[1378.9,293.4],[1377.3,294.6],[1372.9,292.8],[1374.1,290.2],[1373.8,289.0],[1366.7,286.9],[1366.1,287.5],[1367.0,287.7],[1366.0,288.4],[1360.8,288.2],[1358.3,289.7],[1356.4,288.9],[1355.8,289.9],[1356.6,290.4],[1350.0,297.3],[1350.0,299.1],[1349.2,300.6]]]},"type":"Feature","properties":{"status":"nogroup","iso2":"CH","name":"Switzerland","id":"Switzerland"}},{"geometry":{"type":"Polygon","coordinates":[[[1365.8,657.3],[1365.5,659.8],[1366.6,660.1],[1366.3,658.6],[1367.1,659.3],[1367.8,658.8],[1369.9,664.1],[1371.4,664.1],[1372.2,665.2],[1372.4,663.7],[1373.7,664.0],[1374.2,663.4],[1373.7,664.6],[1374.5,665.1],[1373.3,666.9],[1374.9,667.7],[1374.5,668.6],[1375.9,671.1],[1375.2,677.7],[1376.6,680.0],[1386.7,680.2],[1387.1,679.1],[1388.3,678.9],[1401.2,679.3],[1401.8,680.1],[1410.9,680.3],[1414.9,681.8],[1417.3,681.6],[1423.1,684.5],[1423.1,680.9],[1423.9,679.8],[1422.8,673.3],[1419.4,670.7],[1415.8,665.6],[1415.5,664.4],[1416.2,664.0],[1412.8,658.7],[1412.3,654.4],[1411.3,653.1],[1411.9,648.4],[1410.3,646.8],[1412.7,644.2],[1418.9,632.6],[1416.2,625.7],[1408.3,617.5],[1407.3,615.1],[1409.4,612.5],[1418.0,613.2],[1419.8,612.5],[1417.4,610.6],[1415.7,607.3],[1414.8,603.4],[1415.4,595.5],[1413.9,593.7],[1413.2,589.9],[1411.3,588.6],[1410.0,586.2],[1407.5,585.8],[1407.9,589.7],[1408.8,591.9],[1411.9,593.5],[1411.8,599.2],[1410.2,600.6],[1406.5,601.5],[1405.4,602.7],[1403.1,610.7],[1401.5,612.3],[1401.2,615.7],[1398.1,618.0],[1398.6,619.4],[1397.5,623.2],[1394.9,624.5],[1393.7,626.5],[1393.1,630.5],[1390.5,635.5],[1390.4,637.6],[1388.5,639.5],[1388.0,641.7],[1386.7,643.5],[1385.3,643.3],[1384.6,640.7],[1381.1,637.2],[1380.0,639.5],[1376.7,639.0],[1368.3,648.6],[1368.4,651.0],[1366.5,656.6],[1365.8,657.3]]]},"type":"Feature","properties":{"status":"nogroup","iso2":"CM","name":"Cameroon","id":"Cameroon"}},{"geometry":{"type":"Polygon","coordinates":[[[1449.6,339.7],[1451.8,345.2],[1453.9,345.7],[1458.0,345.0],[1461.7,343.2],[1465.0,343.1],[1466.9,341.0],[1466.2,336.9],[1461.9,332.8],[1456.6,333.7],[1455.4,335.0],[1452.5,334.9],[1450.0,337.9],[1450.1,339.4],[1449.6,339.7]]]},"type":"Feature","properties":{"status":"normal","iso2":"MK","name":"North Macedonia","id":"North Macedonia"}},{"geometry":{"type":"Polygon","coordinates":[[[1450.9,913.2],[1454.1,916.5],[1456.4,922.3],[1456.5,925.0],[1455.2,929.6],[1455.6,931.7],[1457.3,931.0],[1462.7,931.4],[1470.2,924.7],[1472.1,919.5],[1473.7,917.9],[1476.3,918.0],[1479.6,920.6],[1485.3,922.4],[1491.7,921.1],[1494.1,916.5],[1494.6,913.3],[1498.5,912.1],[1501.3,909.2],[1504.2,903.0],[1509.1,899.5],[1512.7,895.0],[1517.1,893.7],[1519.0,891.4],[1521.1,890.7],[1519.0,889.4],[1518.6,887.2],[1511.2,885.2],[1509.1,880.8],[1509.3,876.7],[1506.1,876.3],[1505.7,872.9],[1501.0,870.4],[1498.4,868.0],[1495.2,860.5],[1491.9,855.5],[1491.5,853.0],[1490.2,852.6],[1486.2,854.8],[1483.4,854.5],[1478.9,858.9],[1477.2,855.6],[1475.3,854.6],[1459.5,857.4],[1458.5,889.2],[1451.7,889.2],[1450.9,913.2]]]},"type":"Feature","properties":{"status":"nogroup","iso2":"BW","name":"Botswana","id":"Botswana"}},{"geometry":{"type":"Polygon","coordinates":[[[1560.3,708.0],[1586.2,724.3],[1588.1,726.6],[1587.3,729.1],[1589.2,731.2],[1598.8,739.1],[1600.8,739.1],[1602.8,733.7],[1607.1,725.8],[1607.5,722.1],[1611.0,720.5],[1612.3,718.3],[1612.7,718.9],[1612.2,716.0],[1612.8,716.8],[1613.0,716.0],[1615.0,716.2],[1617.5,713.5],[1617.1,711.6],[1614.0,707.0],[1613.2,703.8],[1613.2,676.4],[1613.9,673.8],[1620.0,664.5],[1614.8,664.8],[1612.0,662.4],[1610.8,662.3],[1605.4,664.9],[1602.1,669.5],[1595.3,667.6],[1591.2,667.6],[1582.9,661.4],[1576.2,660.6],[1574.3,659.0],[1564.6,659.0],[1562.0,659.8],[1559.7,662.8],[1560.5,665.4],[1563.2,667.4],[1563.0,670.0],[1568.0,680.9],[1567.4,684.6],[1565.8,688.2],[1563.6,690.1],[1559.6,697.2],[1561.7,701.7],[1564.4,700.0],[1566.3,701.6],[1563.2,702.0],[1563.2,703.4],[1560.6,703.6],[1560.6,707.2],[1560.3,708.0]]]},"type":"Feature","properties":{"status":"nogroup","iso2":"KE","name":"Kenya","id":"Kenya"}},{"geometry":{"type":"Polygon","coordinates":[[[1559.9,444.9],[1565.9,446.3],[1569.0,446.1],[1573.3,440.8],[1578.1,439.6],[1579.1,436.2],[1582.3,435.2],[1574.0,426.6],[1583.2,423.7],[1589.3,420.3],[1589.4,419.6],[1587.6,418.6],[1587.9,417.8],[1585.2,410.2],[1571.6,419.0],[1569.1,418.9],[1564.6,416.0],[1562.6,416.3],[1562.3,430.2],[1559.9,443.3],[1559.9,444.9]]]},"type":"Feature","properties":{"status":"normal","iso2":"JO","name":"Jordan","id":"Jordan"}},{"geometry":{"type":"Polygon","coordinates":[[[1208.3,571.2],[1208.5,574.0],[1210.0,576.7],[1209.5,580.9],[1211.2,583.5],[1212.8,583.8],[1214.3,586.7],[1214.4,591.3],[1213.6,593.5],[1214.4,594.9],[1217.7,593.2],[1219.7,595.7],[1222.8,593.5],[1226.6,594.9],[1230.1,592.6],[1229.8,590.9],[1231.0,591.0],[1232.6,592.0],[1233.9,598.0],[1237.1,600.7],[1235.6,602.0],[1234.7,604.2],[1237.5,603.6],[1237.7,607.6],[1240.0,609.8],[1240.0,611.0],[1242.2,608.9],[1243.9,608.6],[1245.1,610.3],[1247.7,610.9],[1247.7,609.8],[1249.9,609.2],[1250.1,606.7],[1251.7,607.7],[1253.2,606.1],[1253.5,610.1],[1254.9,610.7],[1256.1,609.1],[1258.4,608.4],[1259.2,607.2],[1259.2,603.4],[1260.4,602.7],[1261.3,599.9],[1260.7,597.2],[1259.7,596.6],[1265.0,595.1],[1266.6,593.7],[1267.5,591.5],[1266.9,589.0],[1268.9,588.2],[1268.1,585.5],[1270.8,582.2],[1272.0,583.8],[1274.7,585.0],[1274.9,584.1],[1276.2,584.0],[1276.1,580.4],[1278.6,581.1],[1281.0,576.0],[1282.4,575.6],[1285.2,576.3],[1286.2,574.3],[1295.9,568.5],[1300.0,568.8],[1302.7,569.9],[1302.8,569.2],[1307.0,569.6],[1311.7,566.7],[1321.5,566.4],[1324.1,565.5],[1327.6,565.8],[1330.5,562.8],[1332.7,557.0],[1333.5,547.8],[1333.4,533.2],[1327.9,534.4],[1325.3,534.1],[1326.1,529.3],[1325.5,527.3],[1320.4,525.7],[1318.1,523.8],[1315.2,523.3],[1313.6,520.8],[1310.5,519.2],[1310.2,516.8],[1309.0,515.3],[1266.6,482.7],[1253.4,482.7],[1258.5,554.9],[1260.8,558.3],[1259.8,564.4],[1233.5,565.3],[1231.2,564.9],[1229.9,563.7],[1229.2,565.0],[1227.4,565.9],[1220.8,565.4],[1218.5,568.3],[1215.6,565.0],[1213.3,563.9],[1212.3,565.0],[1211.4,570.1],[1210.3,571.1],[1208.3,571.2]]]},"type":"Feature","properties":{"status":"nogroup","iso2":"ML","name":"Mali","id":"Mali"}},{"geometry":{"type":"Polygon","coordinates":[[[1393.4,748.9],[1395.2,750.8],[1399.5,749.4],[1425.6,749.8],[1427.5,752.4],[1427.7,756.0],[1429.6,761.6],[1432.8,767.5],[1434.2,768.7],[1438.2,768.9],[1442.1,767.7],[1447.8,768.2],[1447.9,764.5],[1449.1,763.7],[1449.2,759.6],[1453.9,759.8],[1457.5,758.8],[1456.8,761.1],[1457.4,761.9],[1466.1,762.2],[1466.7,763.6],[1465.9,767.6],[1467.1,772.4],[1466.4,780.1],[1469.9,788.1],[1470.0,791.1],[1469.0,793.4],[1469.5,796.3],[1471.9,794.6],[1476.2,795.0],[1478.9,793.9],[1481.9,794.0],[1482.9,793.1],[1485.7,795.0],[1485.2,797.6],[1486.8,797.9],[1493.1,796.1],[1492.8,798.2],[1493.6,800.2],[1499.0,802.1],[1504.3,802.5],[1506.6,799.4],[1510.2,805.2],[1512.5,805.3],[1516.3,807.2],[1520.7,815.0],[1525.0,813.5],[1525.7,813.9],[1525.5,815.0],[1526.3,815.2],[1526.8,804.1],[1524.8,804.8],[1523.9,806.4],[1522.6,806.2],[1519.1,803.4],[1516.3,799.5],[1518.4,790.5],[1518.2,781.6],[1516.4,779.4],[1520.5,775.0],[1520.4,772.4],[1533.3,770.2],[1531.0,766.6],[1530.0,762.4],[1526.1,758.5],[1522.8,750.9],[1524.1,747.6],[1522.2,741.7],[1523.3,734.1],[1522.7,736.1],[1521.9,736.3],[1523.5,726.3],[1520.7,720.5],[1522.7,717.1],[1523.2,714.1],[1526.3,710.4],[1527.1,699.4],[1529.2,692.0],[1537.0,684.1],[1539.1,680.8],[1537.9,678.8],[1535.2,678.2],[1536.2,669.6],[1535.5,668.2],[1533.4,667.7],[1533.3,665.8],[1529.7,663.5],[1526.1,658.5],[1525.2,658.6],[1523.5,660.7],[1520.0,659.9],[1516.4,661.5],[1512.4,659.1],[1510.9,656.4],[1507.5,654.2],[1502.3,655.1],[1499.8,653.8],[1497.2,653.9],[1494.8,652.7],[1492.1,655.8],[1488.8,656.3],[1486.2,654.8],[1485.1,656.3],[1478.7,659.0],[1475.2,657.3],[1473.8,658.5],[1472.1,662.6],[1470.6,663.3],[1466.1,661.9],[1461.8,661.7],[1460.2,660.7],[1457.3,660.7],[1453.5,656.3],[1450.1,654.6],[1447.6,655.1],[1441.7,661.7],[1442.5,664.4],[1442.2,670.7],[1438.3,680.6],[1435.4,703.6],[1433.3,706.6],[1429.3,710.2],[1426.4,716.0],[1423.9,718.5],[1423.8,727.1],[1422.6,731.5],[1418.9,734.2],[1412.7,741.0],[1410.2,741.3],[1409.8,738.6],[1410.6,737.1],[1409.8,736.4],[1406.7,737.7],[1405.6,737.2],[1404.6,739.6],[1402.5,741.2],[1400.5,738.7],[1395.6,742.3],[1394.8,748.5],[1393.4,748.9]]]},"type":"Feature","properties":{"status":"nogroup","iso2":"CD","name":"Democratic Republic of the Congo","id":"Democratic Republic of the Congo"}},{"geometry":{"type":"Polygon","coordinates":[[[1628.8,599.6],[1625.4,605.6],[1625.2,608.4],[1630.9,617.4],[1635.6,620.9],[1659.4,629.8],[1665.7,629.8],[1669.9,624.8],[1669.8,601.2],[1664.3,602.7],[1660.5,602.3],[1654.5,605.9],[1648.1,605.3],[1642.9,608.3],[1639.4,609.0],[1635.1,607.3],[1629.8,600.4],[1628.8,599.6]]]},"type":"Feature","properties":{"status":"nogroup","iso2":"","name":"Somaliland","id":"Somaliland"}},{"geometry":{"type":"Polygon","coordinates":[[[1741.5,403.6],[1742.2,407.7],[1745.0,409.1],[1743.7,413.2],[1747.4,425.2],[1749.0,426.6],[1753.9,427.8],[1755.2,429.8],[1754.6,433.1],[1749.6,440.6],[1762.0,444.4],[1769.1,443.7],[1773.5,444.5],[1776.7,443.1],[1780.8,443.3],[1786.5,441.8],[1789.7,440.2],[1788.9,438.5],[1788.6,432.3],[1791.7,428.4],[1794.7,428.9],[1798.1,427.9],[1796.6,426.3],[1798.7,425.6],[1800.6,424.0],[1802.8,424.3],[1803.3,423.8],[1805.8,425.5],[1807.9,423.9],[1808.3,421.5],[1807.5,418.4],[1808.5,416.0],[1808.4,413.1],[1811.7,412.2],[1813.4,410.7],[1812.2,407.9],[1809.6,405.1],[1815.9,405.2],[1818.3,403.1],[1816.4,400.2],[1820.1,394.6],[1818.7,390.8],[1815.5,387.1],[1817.2,384.3],[1819.2,383.7],[1820.9,381.6],[1824.0,380.4],[1831.9,379.7],[1834.4,380.3],[1837.7,378.6],[1836.5,377.8],[1836.7,377.0],[1839.5,376.8],[1835.7,375.2],[1830.8,376.8],[1830.5,375.2],[1827.6,375.0],[1825.4,376.3],[1823.7,378.7],[1817.0,381.4],[1815.0,378.1],[1814.4,371.3],[1812.2,371.0],[1811.6,367.9],[1809.1,366.5],[1806.8,367.3],[1804.7,370.6],[1805.3,373.9],[1800.4,374.1],[1799.8,375.0],[1800.1,377.4],[1799.5,377.9],[1796.6,376.0],[1790.7,379.2],[1788.0,376.9],[1785.0,377.1],[1782.1,375.6],[1777.5,375.9],[1773.5,374.3],[1772.5,376.8],[1768.9,377.1],[1767.7,377.9],[1767.3,383.7],[1766.6,385.2],[1761.6,388.1],[1757.6,388.7],[1758.7,390.2],[1756.3,393.4],[1752.8,394.9],[1750.9,392.6],[1748.0,392.5],[1744.8,391.0],[1744.1,394.1],[1744.2,398.4],[1742.5,400.1],[1743.3,401.5],[1741.7,403.0],[1741.5,403.6]]]},"type":"Feature","properties":{"status":"normal","iso2":"AF","name":"Afghanistan","id":"Afghanistan"}},{"geometry":{"type":"Polygon","coordinates":[[[1276.2,644.9],[1277.9,648.1],[1277.9,650.3],[1279.4,651.2],[1279.4,654.7],[1278.1,654.9],[1284.8,657.9],[1288.5,655.5],[1294.8,653.5],[1300.9,649.9],[1305.3,648.3],[1305.9,649.2],[1307.0,649.1],[1309.3,646.2],[1305.5,642.6],[1304.4,640.6],[1305.4,636.2],[1304.4,633.8],[1305.9,626.6],[1303.3,623.2],[1304.3,622.5],[1304.6,617.9],[1303.8,616.9],[1302.2,617.4],[1303.3,616.0],[1303.4,610.1],[1300.5,607.0],[1300.4,603.0],[1298.5,602.8],[1295.8,604.5],[1294.1,603.8],[1279.1,603.8],[1278.2,606.9],[1279.6,612.3],[1279.6,620.4],[1281.2,627.1],[1277.6,634.0],[1275.9,642.4],[1276.2,644.9]],[[1304.6,647.1],[1302.5,646.6],[1301.9,646.3],[1303.9,646.7],[1304.6,647.1]]]},"type":"Feature","properties":{"status":"nogroup","iso2":"GH","name":"Ghana","id":"Ghana"}},{"geometry":{"type":"Polygon","coordinates":[[[1373.4,291.0],[1373.6,292.8],[1377.1,294.5],[1379.3,293.4],[1380.0,294.5],[1382.9,295.2],[1384.9,293.7],[1391.5,292.6],[1391.5,294.4],[1394.1,296.4],[1407.3,298.5],[1410.8,296.3],[1417.4,296.2],[1417.9,294.4],[1420.5,293.3],[1420.2,290.5],[1421.8,288.7],[1420.4,287.4],[1423.2,287.8],[1424.9,284.8],[1423.6,283.3],[1422.4,278.6],[1417.8,278.5],[1409.9,276.3],[1409.7,277.9],[1407.9,280.0],[1404.8,279.9],[1401.4,277.7],[1401.2,280.2],[1399.8,280.2],[1399.1,282.0],[1395.3,283.8],[1397.1,287.7],[1396.6,289.1],[1394.8,287.6],[1391.1,287.3],[1391.2,288.2],[1388.3,288.2],[1384.4,289.8],[1379.7,288.4],[1379.0,290.4],[1377.8,291.0],[1377.8,290.0],[1375.6,288.9],[1373.6,289.0],[1373.9,290.0],[1373.4,291.0]]]},"type":"Feature","properties":{"status":"nogroup","iso2":"AT","name":"Austria","id":"Austria"}},{"geometry":{"type":"Polygon","coordinates":[[[1525.7,711.5],[1527.9,710.4],[1529.3,711.5],[1531.5,708.9],[1534.1,707.7],[1543.1,707.7],[1542.6,705.3],[1544.3,702.0],[1544.1,700.0],[1547.5,698.3],[1548.4,698.5],[1549.6,696.6],[1549.7,698.0],[1552.0,698.1],[1554.1,695.9],[1553.7,695.3],[1555.1,694.9],[1556.0,696.5],[1555.4,697.1],[1557.6,696.3],[1558.0,697.3],[1559.7,697.3],[1563.7,689.8],[1565.9,688.1],[1568.0,681.4],[1566.7,676.9],[1563.2,670.5],[1563.2,667.2],[1560.5,665.4],[1559.6,662.4],[1555.4,666.4],[1551.3,665.6],[1546.5,667.1],[1545.9,668.6],[1543.1,666.3],[1540.9,667.3],[1538.5,666.2],[1536.1,667.9],[1535.1,677.9],[1538.0,679.1],[1539.2,680.7],[1537.1,683.9],[1529.1,691.9],[1528.9,694.5],[1527.2,698.7],[1526.3,709.9],[1525.7,711.5]]]},"type":"Feature","properties":{"status":"nogroup","iso2":"UG","name":"Uganda","id":"Uganda"}},{"geometry":{"type":"Polygon","coordinates":[[[697.4,685.3],[701.6,689.9],[706.8,692.1],[709.4,695.7],[715.7,697.0],[717.9,695.5],[722.2,698.8],[725.1,700.1],[726.1,699.4],[728.7,700.9],[731.3,703.6],[733.0,707.4],[737.8,710.6],[739.3,714.4],[741.8,715.7],[742.0,719.0],[743.1,720.0],[749.0,720.5],[752.9,718.1],[755.6,719.5],[758.8,718.3],[761.8,720.5],[763.5,720.7],[764.8,723.4],[760.8,731.8],[763.9,732.5],[766.4,735.7],[770.3,709.9],[768.4,703.8],[765.3,700.2],[765.0,695.1],[765.8,693.9],[767.8,693.1],[769.7,692.7],[771.6,693.5],[772.1,692.2],[771.7,690.9],[770.4,689.8],[766.7,689.8],[766.6,684.5],[768.1,683.7],[778.3,684.1],[779.6,682.0],[781.5,683.8],[785.4,680.7],[787.3,683.3],[787.7,688.5],[789.7,688.3],[787.1,678.3],[784.3,675.3],[782.3,674.8],[782.8,673.3],[786.5,669.6],[783.8,665.0],[782.7,659.4],[782.9,653.4],[786.3,646.9],[786.0,645.5],[784.0,644.5],[777.4,645.8],[771.1,645.6],[766.0,638.8],[761.6,637.6],[758.2,638.5],[751.8,638.1],[748.5,633.8],[749.4,627.6],[746.7,620.6],[745.4,620.0],[745.1,618.5],[742.3,619.6],[745.2,614.9],[746.8,608.3],[748.4,605.0],[750.0,602.9],[752.1,601.8],[754.0,598.7],[760.5,595.2],[761.0,593.8],[759.5,592.1],[757.1,591.6],[755.6,592.2],[754.7,593.7],[754.5,593.0],[753.1,593.3],[753.4,594.5],[752.5,595.8],[744.1,601.0],[737.8,601.3],[734.8,605.9],[733.8,605.0],[735.5,604.0],[732.3,602.8],[730.9,603.6],[726.7,607.9],[726.6,609.8],[725.6,610.6],[726.3,611.0],[725.0,614.9],[725.2,617.1],[722.1,618.2],[720.0,621.2],[715.4,624.7],[715.5,630.5],[714.6,630.0],[715.1,628.7],[711.6,623.9],[711.1,625.6],[712.4,628.7],[712.3,630.4],[709.4,633.8],[708.5,632.4],[707.1,636.2],[710.8,643.1],[709.8,645.4],[711.2,648.8],[709.5,650.7],[710.5,657.0],[710.0,661.4],[710.9,662.2],[709.4,663.9],[709.7,664.5],[711.2,663.9],[710.4,665.4],[712.1,665.5],[708.6,671.9],[707.1,672.8],[706.4,676.6],[700.3,678.4],[699.5,679.9],[700.1,683.6],[697.5,683.6],[696.6,685.0],[697.4,685.3]]]},"type":"Feature","properties":{"status":"normal","iso2":"CO","name":"Colombia","id":"Colombia"}},{"geometry":{"type":"Polygon","coordinates":[[[1585.2,410.2],[1587.7,417.1],[1587.6,418.7],[1589.5,419.7],[1588.7,421.0],[1597.1,422.6],[1604.5,426.2],[1631.2,445.9],[1644.8,447.5],[1646.7,445.9],[1648.6,440.4],[1649.7,439.2],[1654.7,438.6],[1659.2,439.7],[1655.1,434.9],[1654.6,431.1],[1652.1,429.9],[1652.1,423.1],[1648.1,418.4],[1645.7,417.5],[1641.1,414.0],[1639.1,413.7],[1638.1,412.6],[1638.8,411.9],[1638.2,410.4],[1632.8,405.2],[1633.6,402.7],[1632.5,400.4],[1632.7,399.6],[1634.2,400.0],[1634.0,397.5],[1635.1,395.6],[1636.8,395.2],[1635.1,391.3],[1637.3,389.1],[1633.3,389.0],[1629.9,387.5],[1630.0,385.9],[1627.3,383.4],[1627.0,381.5],[1624.4,377.4],[1621.2,378.9],[1620.1,376.3],[1617.0,377.0],[1610.8,375.7],[1608.6,377.6],[1607.3,377.7],[1607.4,378.7],[1606.1,380.3],[1600.4,384.2],[1601.8,390.0],[1600.5,400.5],[1590.5,407.5],[1585.2,410.2]]]},"type":"Feature","properties":{"status":"nogroup","iso2":"IQ","name":"Iraq","id":"Iraq"}},{"geometry":{"type":"Polygon","coordinates":[[[1302.6,574.2],[1305.5,580.3],[1310.6,583.5],[1308.6,583.3],[1308.4,584.1],[1310.2,587.7],[1313.4,589.8],[1316.1,588.8],[1317.1,589.4],[1317.9,591.3],[1316.7,592.6],[1318.6,595.6],[1318.9,593.1],[1322.3,591.8],[1328.0,597.8],[1328.7,591.3],[1331.6,586.8],[1332.3,583.1],[1336.0,580.2],[1340.1,580.0],[1343.1,579.0],[1349.8,581.7],[1353.9,586.6],[1360.6,583.5],[1369.0,587.6],[1373.4,588.2],[1376.7,585.0],[1379.5,583.6],[1386.9,583.6],[1394.4,585.7],[1401.9,580.5],[1404.0,580.3],[1402.9,574.0],[1404.4,572.7],[1409.3,563.4],[1417.3,553.6],[1418.1,551.2],[1419.6,527.4],[1421.2,523.0],[1418.4,519.4],[1418.4,517.4],[1415.7,512.4],[1413.9,500.0],[1408.2,503.2],[1401.1,498.0],[1392.0,495.9],[1390.3,496.3],[1369.3,510.0],[1356.1,519.9],[1345.5,530.3],[1335.2,532.7],[1333.6,534.0],[1332.9,555.1],[1330.3,562.9],[1327.5,565.8],[1324.2,565.4],[1323.5,566.3],[1311.7,566.7],[1307.8,569.4],[1302.7,569.2],[1302.3,573.5],[1302.6,574.2]]]},"type":"Feature","properties":{"status":"nogroup","iso2":"NE","name":"Niger","id":"Niger"}},{"geometry":{"type":"Polygon","coordinates":[[[1445.8,214.4],[1446.1,215.1],[1446.1,212.4],[1447.8,210.3],[1448.2,207.9],[1450.2,205.9],[1454.7,204.5],[1460.5,210.0],[1463.1,210.6],[1466.4,208.2],[1465.6,203.4],[1470.3,201.9],[1473.8,202.9],[1479.0,205.8],[1482.2,205.5],[1486.7,207.0],[1488.4,208.9],[1487.3,211.5],[1488.6,211.6],[1490.1,213.0],[1491.9,217.8],[1489.8,217.8],[1487.7,220.4],[1484.7,220.0],[1481.6,221.2],[1475.8,217.8],[1472.2,216.9],[1470.2,215.2],[1465.8,216.3],[1457.9,215.3],[1452.9,215.4],[1448.8,216.4],[1446.9,218.0],[1445.7,216.0],[1445.8,214.4]]]},"type":"Feature","properties":{"status":"nogroup","iso2":"LV","name":"Latvia","id":"Latvia"}},{"geometry":{"type":"Polygon","coordinates":[[[1446.3,300.8],[1449.6,303.9],[1449.7,306.1],[1454.8,309.0],[1454.8,312.1],[1460.0,314.7],[1461.7,313.0],[1463.8,313.9],[1462.0,315.0],[1463.4,316.8],[1465.9,318.0],[1465.0,319.6],[1466.1,320.5],[1483.3,321.8],[1488.6,318.8],[1493.6,317.7],[1500.0,319.0],[1502.5,320.9],[1504.5,321.1],[1504.7,316.4],[1506.4,313.6],[1505.6,314.3],[1505.4,313.7],[1506.8,313.0],[1505.4,313.2],[1506.1,310.6],[1507.0,310.7],[1506.6,312.5],[1508.2,312.4],[1510.1,311.5],[1511.0,309.8],[1510.8,307.6],[1509.9,306.6],[1504.0,308.3],[1500.8,306.3],[1499.6,301.3],[1500.2,297.8],[1499.2,295.0],[1491.1,284.2],[1488.7,282.8],[1486.4,283.1],[1484.8,285.0],[1480.2,285.3],[1477.3,287.0],[1473.8,285.3],[1464.3,284.4],[1462.0,286.5],[1459.6,287.1],[1457.6,288.8],[1452.4,299.0],[1449.8,299.5],[1448.8,300.5],[1447.3,300.4],[1446.3,300.8]]]},"type":"Feature","properties":{"status":"normal","iso2":"RO","name":"Romania","id":"Romania"}},{"geometry":{"type":"Polygon","coordinates":[[[1467.1,838.9],[1468.5,841.9],[1475.1,849.4],[1477.7,851.3],[1483.8,850.2],[1488.2,850.5],[1491.6,853.0],[1495.0,853.2],[1496.6,854.7],[1499.1,853.9],[1502.3,855.3],[1504.1,854.8],[1511.2,845.7],[1518.2,841.9],[1519.1,838.2],[1520.3,836.6],[1525.7,834.3],[1530.7,834.3],[1529.6,828.7],[1551.6,820.4],[1548.5,817.8],[1550.7,813.3],[1550.9,808.9],[1555.0,806.1],[1553.3,803.5],[1554.0,795.8],[1553.4,793.3],[1555.7,791.6],[1556.3,790.2],[1555.6,787.5],[1554.0,785.8],[1554.0,783.5],[1551.4,782.0],[1550.9,779.9],[1544.0,777.1],[1542.9,775.9],[1541.4,776.1],[1539.5,773.8],[1537.7,773.5],[1536.9,774.7],[1534.2,772.9],[1532.9,773.2],[1533.1,772.5],[1532.2,772.2],[1533.2,770.2],[1520.4,772.4],[1520.5,775.0],[1516.4,779.4],[1518.2,781.8],[1518.4,790.4],[1516.2,798.9],[1517.7,802.0],[1522.5,806.2],[1524.0,806.4],[1524.8,804.7],[1526.8,804.1],[1526.2,815.3],[1525.1,813.5],[1520.8,815.0],[1516.3,807.1],[1512.4,805.2],[1510.3,805.1],[1506.7,799.4],[1504.3,802.4],[1498.9,801.9],[1493.7,800.2],[1492.8,798.2],[1493.1,796.1],[1485.2,797.6],[1485.7,795.0],[1482.8,793.0],[1482.9,806.2],[1482.0,809.5],[1482.7,811.0],[1478.1,811.7],[1468.7,811.3],[1467.9,811.5],[1467.2,813.2],[1467.1,838.9]]]},"type":"Feature","properties":{"status":"nogroup","iso2":"ZM","name":"Zambia","id":"Zambia"}},{"geometry":{"type":"Polygon","coordinates":[[[1551.6,630.8],[1557.9,633.4],[1561.5,638.6],[1564.7,641.2],[1569.4,652.3],[1571.6,652.3],[1573.1,653.3],[1573.1,657.4],[1575.4,660.2],[1581.8,661.0],[1590.8,667.5],[1595.1,667.7],[1602.1,669.5],[1605.0,665.3],[1610.2,662.5],[1611.9,662.5],[1614.6,664.8],[1619.5,664.8],[1622.2,662.8],[1626.8,661.8],[1629.7,658.9],[1633.1,657.0],[1643.2,656.2],[1665.7,629.8],[1659.7,629.8],[1656.1,629.0],[1636.2,621.3],[1631.2,617.7],[1625.2,608.3],[1626.5,603.4],[1624.2,603.1],[1619.6,604.2],[1618.3,603.4],[1618.1,598.3],[1621.7,591.2],[1616.9,584.2],[1613.5,581.5],[1610.2,577.1],[1605.6,574.4],[1599.3,573.3],[1597.6,574.1],[1596.2,572.1],[1594.8,573.6],[1592.1,574.0],[1587.5,570.2],[1585.2,577.0],[1582.7,574.2],[1581.1,575.4],[1577.5,575.9],[1574.6,589.0],[1571.1,589.8],[1566.9,596.8],[1565.7,605.1],[1564.7,606.6],[1564.1,605.2],[1562.9,605.0],[1561.4,607.2],[1561.4,611.2],[1559.8,616.3],[1560.1,624.7],[1558.4,626.1],[1553.6,626.1],[1551.8,630.0],[1551.6,630.8]]]},"type":"Feature","properties":{"status":"nogroup","iso2":"ET","name":"Ethiopia","id":"Ethiopia"}},{"geometry":{"type":"Polygon","coordinates":[[[603.0,573.1],[608.8,577.9],[615.2,578.5],[618.5,580.1],[618.9,578.5],[621.5,577.4],[623.5,574.5],[626.1,572.9],[626.8,568.9],[634.6,562.9],[632.0,561.2],[632.6,561.9],[631.6,563.2],[630.4,561.7],[627.2,561.5],[630.0,544.8],[618.2,544.6],[616.1,545.2],[615.3,549.3],[612.0,549.7],[618.6,556.7],[618.2,559.7],[607.9,560.2],[604.6,566.7],[603.5,572.1],[603.0,573.1]]]},"type":"Feature","properties":{"status":"normal","iso2":"GT","name":"Guatemala","id":"Guatemala"}},{"geometry":{"type":"Polygon","coordinates":[[[859.8,668.1],[860.7,670.0],[862.8,670.3],[863.5,674.2],[866.2,680.0],[869.3,682.2],[873.1,682.4],[872.2,679.2],[873.2,677.4],[875.2,678.0],[880.0,676.8],[883.9,678.9],[886.1,675.6],[888.0,668.8],[885.3,663.3],[884.9,657.5],[885.4,655.3],[888.1,650.9],[888.0,648.9],[882.1,647.0],[880.1,647.3],[882.0,648.3],[880.0,648.6],[878.8,647.5],[875.6,647.3],[874.5,647.8],[874.1,649.9],[873.6,648.8],[871.7,648.0],[865.8,647.6],[863.1,653.0],[863.8,653.8],[863.2,655.1],[858.9,655.6],[857.8,656.7],[857.6,664.0],[859.2,667.6],[859.8,668.1]]]},"type":"Feature","properties":{"status":"nogroup","iso2":"SR","name":"Suriname","id":"Suriname"}},{"geometry":{"type":"Polygon","coordinates":[[[1390.4,265.4],[1393.1,268.9],[1392.5,270.1],[1395.1,273.4],[1404.8,279.9],[1407.9,280.0],[1408.5,278.8],[1409.7,278.4],[1410.0,276.3],[1417.8,278.5],[1421.8,278.4],[1423.0,279.6],[1424.2,278.2],[1427.4,277.8],[1430.1,276.4],[1432.2,273.7],[1436.1,272.4],[1433.0,268.9],[1428.2,267.9],[1427.8,265.7],[1422.2,264.4],[1423.0,265.9],[1420.5,267.1],[1417.5,264.5],[1418.7,262.8],[1416.3,263.0],[1415.7,262.0],[1412.4,261.6],[1409.9,259.7],[1407.8,261.0],[1406.1,259.5],[1404.6,259.6],[1405.3,260.3],[1396.4,264.3],[1393.2,265.0],[1391.9,266.7],[1391.3,265.7],[1390.4,265.4]]]},"type":"Feature","properties":{"status":"nogroup","iso2":"CZ","name":"Czech Republic","id":"Czech Republic"}},{"geometry":{"type":"Polygon","coordinates":[[[1402.8,574.2],[1403.6,579.8],[1405.9,583.9],[1407.5,585.9],[1410.2,586.4],[1411.0,588.5],[1413.1,589.9],[1413.7,593.8],[1415.1,595.2],[1414.6,602.8],[1415.2,606.4],[1417.0,610.1],[1419.7,612.5],[1417.9,613.1],[1409.3,612.5],[1406.9,615.2],[1410.7,620.6],[1416.1,625.8],[1418.8,632.4],[1418.4,633.9],[1424.8,632.7],[1426.5,630.8],[1428.4,633.7],[1434.2,630.2],[1441.8,629.4],[1445.9,624.1],[1444.4,621.9],[1452.7,620.7],[1456.5,619.2],[1464.8,610.8],[1465.9,607.0],[1471.3,603.8],[1474.5,604.9],[1474.9,601.2],[1472.0,598.4],[1472.2,595.1],[1472.0,594.5],[1471.2,594.8],[1470.7,591.2],[1471.1,589.6],[1467.4,589.4],[1466.3,588.0],[1469.7,583.8],[1468.6,579.8],[1471.6,576.5],[1470.6,573.2],[1474.5,567.8],[1474.6,564.1],[1479.8,562.8],[1482.2,563.2],[1481.6,530.2],[1422.1,496.5],[1413.9,500.4],[1415.5,512.7],[1418.4,517.4],[1418.4,519.4],[1421.0,523.1],[1419.1,530.0],[1418.0,550.8],[1416.6,554.3],[1408.1,564.8],[1405.2,571.3],[1403.1,573.8],[1402.8,574.2]]]},"type":"Feature","properties":{"status":"nogroup","iso2":"TD","name":"Chad","id":"Chad"}},{"geometry":{"type":"Polygon","coordinates":[[[1441.8,337.2],[1442.9,337.3],[1443.2,338.4],[1442.5,341.2],[1442.9,344.6],[1441.8,347.5],[1442.9,348.6],[1442.9,350.1],[1441.8,349.5],[1446.0,353.1],[1447.2,355.7],[1448.8,355.8],[1449.8,354.7],[1449.5,353.2],[1451.2,351.9],[1454.1,347.8],[1453.3,345.4],[1451.8,344.9],[1450.2,342.4],[1449.6,339.8],[1450.5,337.4],[1450.2,334.5],[1446.8,331.1],[1444.8,331.6],[1443.5,330.3],[1442.1,332.4],[1441.5,335.3],[1441.8,337.2]]]},"type":"Feature","properties":{"status":"normal","iso2":"AL","name":"Albania","id":"Albania"}},{"geometry":{"type":"Polygon","coordinates":[[[1562.3,411.1],[1562.7,416.3],[1564.7,416.1],[1569.0,418.9],[1571.3,419.2],[1598.1,402.8],[1601.2,399.3],[1601.8,389.8],[1600.5,384.2],[1606.8,379.6],[1607.5,378.4],[1607.1,376.7],[1606.0,376.4],[1602.0,378.0],[1595.6,378.1],[1586.6,381.5],[1582.6,381.5],[1578.8,379.8],[1571.2,382.1],[1568.6,380.5],[1567.1,380.6],[1566.6,382.5],[1567.7,385.5],[1565.6,385.6],[1565.5,387.5],[1564.1,389.0],[1562.4,388.2],[1562.1,391.1],[1563.1,393.3],[1563.4,398.6],[1564.4,399.4],[1566.7,399.2],[1566.4,400.3],[1567.8,401.3],[1568.4,403.0],[1567.0,405.1],[1567.4,406.3],[1565.0,406.7],[1565.2,408.4],[1563.9,409.2],[1562.3,411.1]]]},"type":"Feature","properties":{"status":"normal","iso2":"SY","name":"Syrian Arab Republic","id":"Syrian Arab Republic"}},{"geometry":{"type":"Polygon","coordinates":[[[1795.3,353.8],[1794.5,353.5],[1794.4,354.6],[1795.5,357.1],[1801.3,356.3],[1801.4,357.1],[1803.7,356.8],[1806.2,358.3],[1810.1,356.5],[1812.5,358.6],[1816.5,360.0],[1818.2,358.4],[1826.5,357.7],[1827.4,356.7],[1826.9,353.3],[1831.9,350.2],[1831.8,348.8],[1834.2,349.3],[1836.6,347.7],[1838.6,350.3],[1842.8,349.8],[1843.8,348.7],[1845.1,344.4],[1853.3,344.0],[1855.2,340.6],[1865.4,335.1],[1862.1,332.3],[1859.3,331.9],[1856.6,329.8],[1853.1,328.6],[1840.3,327.5],[1836.9,328.2],[1832.8,327.8],[1831.0,329.1],[1820.6,325.1],[1816.8,327.5],[1816.8,329.7],[1817.8,332.2],[1805.1,328.7],[1800.9,330.3],[1800.1,333.1],[1802.9,334.1],[1798.1,337.8],[1796.8,340.0],[1800.6,340.7],[1802.2,342.5],[1806.2,343.4],[1806.2,342.1],[1807.2,341.4],[1807.0,339.7],[1811.7,343.4],[1812.1,344.4],[1813.5,344.2],[1818.9,346.2],[1816.5,348.2],[1814.6,347.9],[1815.1,349.5],[1812.4,350.0],[1812.6,350.9],[1811.2,351.4],[1806.5,350.2],[1802.3,353.6],[1801.6,352.2],[1799.3,351.3],[1796.8,351.4],[1795.6,352.6],[1795.3,353.8]]]},"type":"Feature","properties":{"status":"nogroup","iso2":"KG","name":"Kyrgyzstan","id":"Kyrgyzstan"}},{"geometry":{"type":"Polygon","coordinates":[[[833.8,891.4],[836.8,894.0],[840.2,898.8],[847.7,904.9],[856.3,907.7],[864.0,912.9],[871.7,916.0],[874.0,917.8],[874.5,919.7],[873.1,924.0],[871.5,925.9],[871.2,930.3],[869.1,934.4],[869.6,935.4],[873.6,935.2],[880.5,936.8],[882.4,936.2],[886.5,937.7],[888.3,935.4],[891.3,936.1],[892.5,933.1],[895.1,931.9],[897.5,928.7],[897.9,927.1],[896.8,919.0],[898.2,907.1],[895.5,905.2],[891.4,906.7],[889.6,906.0],[884.6,892.6],[879.5,890.4],[877.3,892.3],[868.0,889.9],[868.7,880.4],[866.3,875.9],[865.0,870.9],[862.1,868.4],[857.8,866.3],[853.6,865.7],[838.2,869.2],[835.1,876.8],[834.6,887.5],[833.8,891.4]]]},"type":"Feature","properties":{"status":"nogroup","iso2":"PY","name":"Paraguay","id":"Paraguay"}},{"geometry":{"type":"Polygon","coordinates":[[[1403.5,244.3],[1406.7,246.8],[1406.2,248.5],[1407.2,249.4],[1407.4,251.2],[1406.8,253.2],[1409.4,257.4],[1408.4,260.8],[1410.0,259.7],[1412.3,261.7],[1415.5,262.0],[1416.3,263.0],[1418.5,262.7],[1418.8,263.4],[1417.5,264.5],[1420.5,267.1],[1423.0,265.9],[1422.2,264.4],[1427.8,265.7],[1428.3,268.0],[1432.6,268.9],[1436.3,273.2],[1439.6,271.6],[1442.8,274.8],[1445.9,273.1],[1449.3,273.5],[1453.3,272.9],[1462.5,276.4],[1461.5,274.7],[1461.4,271.0],[1465.6,266.3],[1469.5,263.5],[1468.5,261.5],[1469.7,260.9],[1467.5,259.1],[1465.5,255.2],[1465.5,250.8],[1462.8,249.2],[1463.9,247.2],[1466.7,245.8],[1467.1,243.6],[1462.9,233.8],[1461.2,232.4],[1440.4,231.6],[1436.1,232.6],[1438.4,231.2],[1433.1,232.0],[1430.3,228.9],[1432.5,229.5],[1431.1,228.7],[1424.9,228.5],[1419.4,230.2],[1415.5,232.9],[1403.7,235.5],[1406.1,236.5],[1406.0,237.7],[1404.2,237.6],[1405.2,241.2],[1403.7,243.4],[1403.5,244.3]]]},"type":"Feature","properties":{"status":"normal","iso2":"PL","name":"Poland","id":"Poland"}},{"geometry":{"type":"Polygon","coordinates":[[[1389.7,848.3],[1389.7,852.9],[1390.8,856.9],[1395.6,863.4],[1402.9,881.1],[1409.9,893.4],[1410.0,908.4],[1412.5,915.7],[1413.3,926.6],[1417.6,938.9],[1423.7,946.2],[1426.1,945.2],[1427.1,942.7],[1428.4,941.6],[1430.8,943.8],[1430.9,946.5],[1432.9,947.8],[1436.8,948.9],[1444.9,949.0],[1444.7,948.0],[1450.3,944.2],[1451.7,889.2],[1458.5,889.3],[1459.5,857.4],[1475.5,854.7],[1477.3,855.7],[1478.9,858.9],[1483.9,854.4],[1486.2,854.8],[1488.0,853.4],[1491.1,852.7],[1488.4,850.4],[1483.9,850.2],[1464.1,854.3],[1460.2,854.0],[1457.6,854.7],[1443.4,852.8],[1439.2,849.3],[1407.5,849.4],[1400.9,845.7],[1395.8,848.0],[1392.3,847.3],[1389.7,848.3]]]},"type":"Feature","properties":{"status":"nogroup","iso2":"NA","name":"Namibia","id":"Namibia"}},{"geometry":{"type":"Polygon","coordinates":[[[1424.4,946.6],[1427.1,952.3],[1430.5,962.6],[1436.7,975.0],[1436.7,981.1],[1435.7,982.3],[1434.1,982.0],[1433.6,984.1],[1434.7,985.0],[1437.4,990.2],[1436.8,994.7],[1437.5,996.0],[1438.0,994.0],[1439.5,993.8],[1440.3,994.7],[1440.2,996.1],[1443.3,996.7],[1443.8,998.2],[1445.7,999.5],[1448.4,999.9],[1452.6,997.0],[1461.3,996.7],[1463.8,994.5],[1466.5,993.5],[1468.9,993.0],[1472.4,994.0],[1475.9,993.0],[1482.1,994.5],[1485.6,992.7],[1490.1,993.3],[1489.6,992.1],[1491.3,990.8],[1495.5,991.0],[1498.5,990.1],[1512.9,979.2],[1523.1,968.8],[1533.9,952.3],[1536.4,949.5],[1540.2,947.5],[1541.8,945.0],[1545.5,931.6],[1539.7,931.4],[1538.4,934.2],[1536.2,935.0],[1533.9,933.8],[1530.6,930.0],[1532.7,925.0],[1534.9,922.8],[1537.4,923.0],[1539.3,924.4],[1540.0,909.6],[1537.3,902.0],[1535.8,893.7],[1533.6,892.1],[1528.7,892.2],[1522.7,890.6],[1519.1,891.3],[1517.2,893.5],[1512.4,895.2],[1509.0,899.4],[1503.9,903.1],[1501.4,909.1],[1498.6,911.9],[1494.5,913.3],[1493.2,918.4],[1491.4,921.2],[1485.3,922.4],[1479.7,920.7],[1476.3,917.9],[1473.9,917.8],[1471.8,919.6],[1470.1,924.8],[1462.5,931.4],[1457.3,931.0],[1455.6,931.7],[1455.2,929.3],[1456.7,925.2],[1456.5,922.7],[1454.1,916.4],[1450.9,913.2],[1450.0,944.8],[1444.8,947.9],[1444.9,949.0],[1436.9,948.9],[1431.5,946.8],[1430.8,943.7],[1428.4,941.6],[1427.1,942.6],[1426.1,945.2],[1424.5,946.1],[1424.4,946.6]],[[1501.4,955.5],[1504.2,953.7],[1506.9,949.4],[1513.2,946.3],[1518.4,950.9],[1519.4,952.7],[1516.6,958.1],[1511.1,960.2],[1508.3,964.2],[1506.5,963.7],[1504.0,961.2],[1501.9,956.2],[1501.4,955.5]]]},"type":"Feature","properties":{"status":"normal","iso2":"ZA","name":"South Africa","id":"South Africa"}},{"geometry":{"type":"Polygon","coordinates":[[[1484.6,438.5],[1486.2,443.4],[1487.0,449.4],[1488.7,508.6],[1533.3,508.9],[1535.4,508.5],[1536.9,506.7],[1537.0,508.6],[1548.9,508.6],[1555.2,511.1],[1556.4,510.3],[1557.5,507.1],[1561.1,505.9],[1563.1,501.9],[1565.3,501.5],[1567.1,500.1],[1567.6,498.7],[1566.4,495.7],[1566.5,491.8],[1568.8,492.0],[1563.1,485.6],[1553.8,468.4],[1554.1,466.7],[1550.6,460.9],[1549.8,458.2],[1550.5,458.5],[1550.2,457.8],[1543.8,449.6],[1540.8,442.8],[1542.0,439.4],[1543.9,444.2],[1547.1,448.8],[1547.7,452.1],[1552.5,457.1],[1555.6,459.1],[1559.4,443.9],[1553.3,427.9],[1550.3,429.5],[1545.6,430.4],[1545.3,429.7],[1542.0,430.1],[1538.7,428.3],[1539.3,429.1],[1538.1,430.4],[1536.0,428.5],[1536.1,426.5],[1538.2,428.0],[1536.8,426.4],[1533.7,426.9],[1530.0,425.6],[1529.9,426.3],[1526.8,427.5],[1529.0,426.0],[1525.4,426.6],[1523.8,428.5],[1524.7,428.7],[1523.0,428.0],[1519.1,431.2],[1516.1,432.2],[1506.8,429.1],[1504.4,429.0],[1500.7,427.1],[1492.5,425.8],[1488.1,426.4],[1487.0,425.1],[1485.0,428.1],[1486.1,432.7],[1484.6,437.5],[1484.6,438.5]]]},"type":"Feature","properties":{"status":"nogroup","iso2":"EG","name":"Egypt","id":"Egypt"}},{"geometry":{"type":"Polygon","coordinates":[[[1530.7,307.4],[1533.1,307.4],[1537.4,309.3],[1538.1,312.1],[1537.0,313.8],[1539.7,315.5],[1542.0,314.7],[1545.2,312.3],[1548.6,311.6],[1551.2,309.3],[1554.3,310.3],[1556.8,310.0],[1558.5,307.4],[1555.9,306.3],[1553.8,307.0],[1552.7,306.4],[1550.8,307.3],[1546.2,303.2],[1549.9,308.0],[1549.2,307.8],[1544.7,302.9],[1543.3,303.7],[1543.8,302.2],[1541.2,301.4],[1540.8,302.2],[1537.8,300.3],[1536.8,300.8],[1537.8,302.9],[1532.6,305.0],[1530.3,307.1],[1530.7,307.4]]]},"type":"Feature","properties":{"status":"disputed","iso2":"UA","name":"Crimea","id":"Crimea"}},{"geometry":{"type":"Polygon","coordinates":[[[1416.0,309.7],[1416.1,312.2],[1418.8,314.2],[1419.7,317.4],[1428.7,326.1],[1429.2,328.1],[1435.8,331.0],[1435.3,327.5],[1436.4,327.2],[1437.2,324.7],[1438.7,325.2],[1438.1,322.9],[1442.1,322.0],[1440.4,319.1],[1442.4,318.5],[1439.2,315.3],[1440.4,311.2],[1437.3,311.4],[1434.5,309.6],[1430.0,309.7],[1424.0,308.4],[1421.3,308.4],[1419.6,310.1],[1417.3,308.7],[1416.1,308.8],[1416.0,309.7]]]},"type":"Feature","properties":{"status":"normal","iso2":"BA","name":"Bosnia and Herzegovina","id":"Bosnia and Herzegovina"}},{"geometry":{"type":"Polygon","coordinates":[[[618.5,580.1],[620.8,582.1],[624.1,582.3],[627.7,584.3],[633.5,585.2],[635.1,584.5],[636.5,579.6],[633.7,578.2],[630.7,579.0],[628.1,576.1],[624.0,574.2],[621.4,577.4],[618.5,579.2],[618.5,580.1]]]},"type":"Feature","properties":{"status":"nogroup","iso2":"SV","name":"El Salvador","id":"El Salvador"}},{"geometry":{"type":"Polygon","coordinates":[[[832.3,647.5],[836.7,653.5],[841.1,653.5],[842.5,654.8],[841.7,659.6],[844.4,660.8],[845.8,664.9],[843.8,668.3],[842.3,673.4],[842.3,676.7],[844.0,680.2],[844.5,683.8],[847.6,686.8],[850.3,688.3],[852.1,688.3],[854.8,685.7],[860.4,683.9],[862.6,682.0],[869.0,682.2],[866.2,680.1],[862.8,670.3],[860.5,669.7],[857.6,663.8],[858.0,656.4],[859.5,655.6],[862.8,655.5],[863.9,654.2],[863.1,653.0],[864.5,649.6],[864.3,646.3],[863.2,644.5],[861.9,644.7],[859.8,641.6],[856.1,639.7],[854.8,640.2],[853.1,643.8],[854.9,637.7],[854.8,635.4],[849.4,628.7],[845.4,626.2],[848.0,628.6],[843.7,625.1],[844.9,627.5],[839.7,631.4],[838.1,633.8],[838.9,636.9],[840.5,637.1],[840.8,638.2],[837.7,640.4],[836.3,640.1],[834.5,641.4],[833.9,645.0],[832.3,647.5]]]},"type":"Feature","properties":{"status":"nogroup","iso2":"GY","name":"Guyana","id":"Guyana"}},{"geometry":{"type":"Polygon","coordinates":[[[1327.4,259.1],[1328.6,261.8],[1331.4,262.3],[1332.3,263.6],[1334.5,264.4],[1334.8,265.4],[1337.7,265.6],[1337.7,268.3],[1340.4,268.4],[1342.3,266.7],[1342.5,269.6],[1345.3,270.8],[1346.4,272.1],[1348.7,271.9],[1348.7,268.4],[1352.7,265.4],[1350.4,261.8],[1348.3,261.0],[1349.3,258.5],[1345.3,257.2],[1344.0,255.7],[1342.9,256.3],[1340.2,255.8],[1338.8,256.6],[1339.0,257.2],[1336.6,257.9],[1333.3,257.4],[1333.2,256.7],[1330.4,257.7],[1327.4,259.1]]]},"type":"Feature","properties":{"status":"normal","iso2":"BE","name":"Belgium","id":"Belgium"}},{"geometry":{"type":"Polygon","coordinates":[[[1501.4,955.5],[1504.0,961.2],[1506.5,963.7],[1508.3,964.2],[1511.1,960.2],[1516.6,958.1],[1519.4,952.7],[1518.4,950.9],[1513.2,946.3],[1506.9,949.4],[1503.5,954.3],[1501.4,955.5]]]},"type":"Feature","properties":{"status":"nogroup","iso2":"LS","name":"Lesotho","id":"Lesotho"}},{"geometry":{"type":"Polygon","coordinates":[[[1461.9,320.7],[1463.5,323.7],[1466.4,325.7],[1464.8,328.1],[1463.1,328.6],[1463.7,332.0],[1462.2,332.9],[1466.4,337.4],[1466.6,341.7],[1468.3,342.1],[1472.9,341.4],[1477.1,339.5],[1479.6,341.3],[1483.3,342.1],[1488.2,341.8],[1489.6,340.8],[1488.8,338.5],[1490.9,338.5],[1492.5,336.3],[1496.4,335.2],[1498.6,336.4],[1501.4,336.2],[1501.6,335.4],[1499.9,333.2],[1497.7,331.8],[1499.9,329.8],[1501.3,324.8],[1504.4,323.7],[1504.8,322.9],[1504.3,321.0],[1502.2,320.7],[1499.7,318.8],[1494.2,317.6],[1488.8,318.7],[1483.1,321.7],[1465.9,320.5],[1465.2,319.8],[1465.9,317.9],[1463.7,317.0],[1462.0,319.8],[1461.9,320.7]]]},"type":"Feature","properties":{"status":"nogroup","iso2":"BG","name":"Bulgaria","id":"Bulgaria"}},{"geometry":{"type":"Polygon","coordinates":[[[1521.7,722.7],[1523.4,725.6],[1524.1,732.0],[1526.2,737.4],[1527.7,737.1],[1532.2,732.8],[1532.8,731.7],[1532.2,729.9],[1533.6,729.4],[1535.6,726.8],[1535.6,724.7],[1533.8,724.7],[1532.9,723.7],[1532.7,721.4],[1534.3,719.7],[1528.9,719.0],[1528.0,722.3],[1526.3,723.1],[1522.2,721.7],[1521.7,722.7]]]},"type":"Feature","properties":{"status":"nogroup","iso2":"BI","name":"Burundi","id":"Burundi"}},{"geometry":{"type":"Polygon","coordinates":[[[1618.1,603.5],[1619.8,604.3],[1627.1,603.1],[1628.6,600.5],[1628.5,599.3],[1623.5,599.1],[1630.0,594.5],[1629.8,592.5],[1627.7,589.0],[1625.9,590.0],[1625.0,591.7],[1622.3,591.2],[1618.5,597.0],[1617.8,599.8],[1618.1,603.5]]]},"type":"Feature","properties":{"status":"nogroup","iso2":"DJ","name":"Djibouti","id":"Djibouti"}},{"geometry":{"type":"Polygon","coordinates":[[[879.6,963.2],[880.7,965.7],[880.1,971.3],[880.6,973.4],[879.9,975.2],[881.0,978.2],[880.7,979.9],[882.6,984.3],[881.0,986.1],[880.9,988.4],[882.8,993.3],[887.1,997.0],[891.4,997.1],[899.7,1001.1],[903.4,1000.0],[909.5,1000.8],[912.4,999.7],[912.7,998.5],[914.5,998.2],[917.7,991.9],[916.0,986.7],[917.7,982.5],[917.4,981.5],[911.5,975.9],[908.2,974.3],[905.5,971.8],[900.6,969.6],[896.9,966.0],[896.0,967.3],[894.4,967.7],[893.1,964.4],[886.9,959.5],[885.4,959.3],[883.3,961.0],[881.0,960.1],[880.9,961.4],[879.6,963.2]]]},"type":"Feature","properties":{"status":"nogroup","iso2":"UY","name":"Uruguay","id":"Uruguay"}},{"geometry":{"type":"Polygon","coordinates":[[[1385.2,733.0],[1389.3,737.2],[1391.8,742.3],[1397.8,737.2],[1399.9,739.0],[1400.5,738.7],[1402.5,741.2],[1404.6,739.6],[1405.6,737.2],[1406.6,737.7],[1409.5,736.4],[1410.5,737.0],[1409.8,738.6],[1410.2,741.3],[1412.8,741.0],[1419.1,734.1],[1422.1,732.4],[1423.9,727.9],[1424.1,718.4],[1426.7,715.6],[1429.4,710.1],[1435.4,703.9],[1438.5,680.1],[1442.1,671.8],[1442.1,668.4],[1437.1,668.3],[1433.5,667.1],[1427.2,668.8],[1426.2,671.2],[1425.8,675.5],[1423.0,680.8],[1422.9,684.7],[1417.9,681.7],[1414.8,681.7],[1410.9,680.3],[1401.6,680.1],[1400.7,683.3],[1400.9,688.4],[1407.6,686.8],[1410.4,691.4],[1409.9,693.2],[1407.0,695.3],[1406.1,700.5],[1411.0,704.2],[1410.4,707.8],[1410.9,711.5],[1410.0,712.8],[1410.5,714.3],[1409.1,716.2],[1408.6,719.3],[1406.9,720.9],[1405.3,717.1],[1403.2,719.9],[1399.4,719.5],[1398.7,716.5],[1396.5,714.8],[1395.5,715.4],[1395.0,719.3],[1392.2,719.9],[1388.6,719.1],[1388.9,721.6],[1388.3,723.4],[1389.7,723.6],[1389.8,726.7],[1391.3,727.9],[1391.1,730.7],[1390.0,731.0],[1387.9,729.4],[1386.1,731.0],[1385.2,733.0]]]},"type":"Feature","properties":{"status":"nogroup","iso2":"CG","name":"Republic of the Congo","id":"Republic of the Congo"}},{"geometry":{"type":"Polygon","coordinates":[[[1521.0,721.7],[1520.6,720.1],[1524.2,712.6],[1527.7,710.5],[1529.1,711.5],[1533.0,708.2],[1533.1,710.1],[1535.8,716.0],[1535.3,719.3],[1530.1,719.5],[1528.9,719.0],[1528.6,721.2],[1527.2,722.9],[1524.6,723.1],[1523.0,721.6],[1521.7,722.7],[1521.0,721.7]]]},"type":"Feature","properties":{"status":"nogroup","iso2":"RW","name":"Rwanda","id":"Rwanda"}},{"geometry":{"type":"Polygon","coordinates":[[[1610.3,343.0],[1613.1,347.4],[1613.5,351.2],[1611.8,351.3],[1610.8,353.1],[1611.0,356.8],[1613.2,356.8],[1613.3,357.9],[1615.8,358.0],[1615.9,357.2],[1618.7,357.2],[1619.9,354.9],[1624.2,355.5],[1624.6,356.7],[1629.0,357.0],[1632.5,362.8],[1635.1,362.5],[1634.5,360.5],[1635.2,359.6],[1633.6,358.0],[1634.1,357.1],[1631.2,356.2],[1627.1,353.1],[1629.3,352.4],[1629.5,351.2],[1625.7,348.5],[1625.0,347.2],[1626.1,346.2],[1624.9,344.8],[1622.0,343.4],[1622.8,343.3],[1621.4,341.9],[1620.5,342.6],[1613.3,343.2],[1610.3,343.0]]]},"type":"Feature","properties":{"status":"sc","iso2":"AM","name":"Armenia","id":"Armenia"}},{"geometry":{"type":"Polygon","coordinates":[[[1168.6,571.9],[1170.0,571.6],[1171.9,573.3],[1173.8,579.1],[1175.2,577.2],[1177.0,576.5],[1174.1,579.2],[1176.1,577.9],[1175.9,579.7],[1174.8,580.2],[1175.9,581.3],[1183.4,581.4],[1184.4,580.0],[1187.5,579.5],[1191.9,582.3],[1194.6,581.8],[1196.1,582.6],[1195.1,584.0],[1192.5,584.4],[1186.3,581.7],[1185.1,583.1],[1181.4,583.8],[1181.1,585.0],[1174.8,585.2],[1173.4,587.4],[1173.4,588.6],[1174.0,588.8],[1173.5,590.2],[1174.8,588.5],[1176.5,589.9],[1178.3,589.9],[1179.2,588.9],[1181.1,590.1],[1174.7,589.9],[1173.4,591.1],[1173.9,592.4],[1182.5,591.0],[1186.9,589.3],[1200.4,589.3],[1201.8,589.9],[1202.1,591.1],[1203.5,590.9],[1206.7,592.4],[1214.4,591.6],[1214.0,586.1],[1212.5,583.4],[1211.1,583.5],[1209.3,580.6],[1210.2,578.7],[1209.6,575.5],[1208.5,574.0],[1208.7,571.7],[1204.1,567.6],[1201.0,563.5],[1199.7,560.0],[1196.4,558.7],[1192.6,555.5],[1188.6,554.6],[1183.5,556.4],[1178.6,556.1],[1173.7,566.8],[1171.5,569.6],[1168.7,571.4],[1168.6,571.9]],[[1181.9,590.2],[1184.1,587.9],[1182.4,590.3],[1181.9,590.2]]]},"type":"Feature","properties":{"status":"nogroup","iso2":"SN","name":"Senegal","id":"Senegal"}},{"geometry":{"type":"Polygon","coordinates":[[[1299.4,602.6],[1300.8,603.5],[1300.5,607.1],[1303.2,609.9],[1303.3,616.2],[1302.2,617.4],[1303.8,616.9],[1304.5,617.6],[1304.3,622.4],[1303.4,623.2],[1305.9,626.8],[1304.3,634.1],[1305.4,636.3],[1304.4,640.7],[1309.5,646.2],[1314.1,644.7],[1312.2,638.5],[1313.1,636.8],[1313.0,623.0],[1311.0,617.2],[1310.7,612.7],[1306.7,608.9],[1307.6,603.6],[1304.8,604.0],[1302.3,603.3],[1299.4,602.6]]]},"type":"Feature","properties":{"status":"nogroup","iso2":"TG","name":"Togo","id":"Togo"}},{"geometry":{"type":"Polygon","coordinates":[[[1417.9,294.4],[1419.1,294.8],[1421.2,297.7],[1426.6,302.0],[1430.5,303.6],[1433.9,303.8],[1436.3,302.3],[1439.9,301.7],[1441.7,300.3],[1448.6,300.5],[1452.3,299.1],[1457.8,289.1],[1459.5,287.1],[1462.2,286.4],[1463.2,284.9],[1458.6,281.6],[1455.8,281.9],[1453.1,280.1],[1452.0,280.6],[1447.6,280.1],[1445.4,283.3],[1443.1,283.8],[1440.5,283.0],[1439.2,284.4],[1435.6,285.2],[1436.1,286.4],[1429.7,287.0],[1425.2,284.7],[1423.2,287.6],[1420.4,287.4],[1421.7,288.5],[1420.1,290.5],[1420.5,293.3],[1419.2,293.4],[1417.9,294.4]]]},"type":"Feature","properties":{"status":"normal","iso2":"HU","name":"Hungary","id":"Hungary"}},{"geometry":{"type":"Polygon","coordinates":[[[1548.4,817.5],[1549.2,819.2],[1551.4,820.3],[1555.8,825.1],[1556.5,824.4],[1561.4,824.1],[1562.3,826.7],[1562.2,830.6],[1560.1,836.6],[1561.2,839.8],[1565.9,845.0],[1565.5,847.0],[1566.9,847.2],[1567.4,844.9],[1566.2,842.1],[1567.8,839.2],[1570.8,837.9],[1571.8,836.1],[1572.2,826.0],[1566.7,817.5],[1564.8,815.9],[1564.9,817.4],[1567.1,819.5],[1567.7,823.5],[1564.8,820.1],[1564.1,821.9],[1562.8,821.6],[1562.9,817.3],[1560.8,814.2],[1561.0,810.0],[1558.6,804.7],[1561.0,799.2],[1560.8,788.8],[1559.0,785.9],[1558.2,782.6],[1551.1,780.1],[1551.3,781.9],[1554.0,783.6],[1554.0,785.8],[1555.6,788.1],[1556.1,790.6],[1553.2,793.3],[1553.9,795.7],[1553.2,803.6],[1555.0,806.1],[1550.7,809.0],[1549.9,814.7],[1548.4,817.5]]]},"type":"Feature","properties":{"status":"nogroup","iso2":"MW","name":"Malawi","id":"Malawi"}},{"geometry":{"type":"Polygon","coordinates":[[[1781.7,359.2],[1784.8,361.5],[1787.3,361.9],[1788.1,362.7],[1788.8,366.5],[1790.8,369.2],[1788.4,375.1],[1789.0,377.6],[1790.6,379.2],[1796.6,376.1],[1799.8,378.0],[1800.0,374.6],[1801.4,373.9],[1805.4,374.0],[1804.5,371.0],[1806.8,367.4],[1808.9,366.5],[1811.6,368.0],[1812.1,370.9],[1814.3,371.2],[1815.0,378.7],[1816.9,381.5],[1823.7,378.8],[1827.6,375.1],[1830.5,375.3],[1831.1,376.9],[1835.2,375.3],[1839.6,376.9],[1840.4,376.1],[1836.8,369.0],[1836.2,365.9],[1832.4,364.5],[1829.0,365.1],[1827.6,362.9],[1828.2,362.0],[1826.3,359.8],[1825.6,357.6],[1817.9,358.4],[1816.4,360.0],[1812.8,358.7],[1810.0,356.5],[1805.9,358.3],[1803.6,356.7],[1801.4,357.1],[1801.3,356.3],[1795.2,357.0],[1794.4,353.7],[1795.3,353.8],[1796.5,351.6],[1799.8,351.5],[1802.1,352.7],[1802.2,353.6],[1805.2,351.0],[1802.9,351.2],[1800.6,349.3],[1802.5,347.1],[1799.8,344.2],[1796.3,347.1],[1792.6,346.7],[1793.6,351.2],[1788.7,351.7],[1791.3,352.4],[1790.3,352.4],[1790.8,353.4],[1789.8,354.3],[1789.4,356.6],[1783.0,356.4],[1782.3,357.0],[1781.7,359.2]]]},"type":"Feature","properties":{"status":"nogroup","iso2":"TJ","name":"Tajikistan","id":"Tajikistan"}},{"geometry":{"type":"Polygon","coordinates":[[[1180.8,144.5],[1185.1,143.2],[1187.2,143.1],[1187.5,143.8],[1189.0,143.0],[1189.6,143.7],[1191.0,143.3],[1190.1,144.2],[1191.3,143.7],[1193.4,144.2],[1188.0,146.4],[1192.4,146.6],[1191.4,147.4],[1186.0,147.2],[1184.2,148.2],[1183.9,147.5],[1179.1,148.5],[1180.0,149.6],[1183.4,149.0],[1188.9,149.7],[1187.9,150.8],[1188.8,151.8],[1192.9,150.3],[1189.0,152.9],[1192.7,152.4],[1190.3,153.1],[1190.7,153.9],[1186.6,155.3],[1185.2,154.8],[1184.5,156.7],[1192.2,156.4],[1194.3,155.7],[1194.0,156.5],[1196.3,156.5],[1196.1,157.2],[1197.9,156.5],[1198.3,157.3],[1197.3,157.5],[1198.4,158.5],[1206.3,159.8],[1210.7,159.4],[1212.1,158.6],[1212.4,157.5],[1217.0,156.9],[1218.2,155.9],[1218.7,156.6],[1219.8,156.5],[1228.0,152.6],[1230.9,153.0],[1233.5,151.4],[1233.3,150.7],[1234.6,149.5],[1237.8,149.1],[1237.5,148.2],[1238.7,148.0],[1236.5,147.3],[1239.3,147.6],[1240.3,146.7],[1237.9,146.1],[1240.1,145.5],[1237.7,145.4],[1239.5,144.7],[1240.0,143.6],[1236.8,142.8],[1234.7,143.8],[1236.4,141.6],[1233.4,142.1],[1235.0,140.2],[1232.4,139.0],[1233.7,137.7],[1235.8,137.2],[1232.2,137.7],[1231.0,139.0],[1229.5,137.9],[1229.2,136.6],[1227.6,136.2],[1225.1,136.4],[1224.0,139.3],[1220.9,138.4],[1218.2,140.7],[1216.3,138.9],[1214.5,138.6],[1214.7,142.7],[1211.7,138.6],[1207.7,139.6],[1206.6,142.1],[1203.0,139.0],[1201.5,143.2],[1200.5,143.9],[1198.6,142.8],[1197.5,144.6],[1196.9,144.2],[1196.4,146.4],[1195.5,143.5],[1193.8,141.7],[1195.7,142.0],[1196.2,140.7],[1195.3,140.3],[1196.0,139.8],[1191.2,136.8],[1189.3,136.6],[1187.3,137.3],[1191.0,138.0],[1188.0,138.8],[1189.9,139.6],[1190.1,140.5],[1188.8,141.3],[1189.1,140.1],[1187.4,140.4],[1187.6,139.7],[1186.8,140.1],[1187.2,139.3],[1184.4,138.7],[1184.8,139.3],[1184.3,139.8],[1182.7,140.0],[1184.8,141.1],[1181.9,141.3],[1184.8,142.0],[1183.3,142.2],[1184.6,142.5],[1180.1,141.8],[1181.2,143.6],[1179.0,143.0],[1177.7,143.9],[1179.5,144.0],[1180.8,144.5]]]},"type":"Feature","properties":{"status":"normal","iso2":"IS","name":"Iceland","id":"Iceland"}},{"geometry":{"type":"Polygon","coordinates":[[[636.9,586.0],[636.6,587.3],[637.3,588.9],[649.4,603.2],[650.5,602.1],[655.2,603.9],[657.7,603.3],[661.7,605.9],[664.5,605.8],[665.1,605.0],[663.8,601.8],[665.6,597.2],[664.7,596.7],[665.5,594.0],[665.7,595.3],[665.4,590.6],[667.1,588.1],[666.5,592.0],[667.3,591.2],[668.2,580.9],[671.2,575.4],[670.3,570.6],[672.3,569.3],[670.0,569.3],[661.9,572.2],[658.7,570.8],[656.1,575.1],[652.7,577.5],[651.5,579.4],[649.1,577.7],[646.6,579.9],[644.0,579.8],[643.7,583.6],[642.2,584.4],[641.6,586.2],[638.2,587.0],[636.9,586.0]],[[650.9,601.9],[648.7,597.9],[648.7,595.3],[649.4,594.3],[651.2,594.8],[654.1,597.5],[656.3,601.0],[656.1,603.1],[653.6,602.9],[650.9,601.9]]]},"type":"Feature","properties":{"status":"nogroup","iso2":"NI","name":"Nicaragua","id":"Nicaragua"}},{"geometry":{"type":"Polygon","coordinates":[[[1207.3,457.3],[1205.5,459.6],[1238.8,459.4],[1239.3,450.8],[1246.4,445.2],[1250.9,442.8],[1254.7,443.0],[1256.4,441.0],[1260.8,440.7],[1263.7,439.6],[1267.7,434.9],[1277.1,430.7],[1275.9,428.5],[1276.4,427.2],[1275.6,426.7],[1275.7,425.7],[1280.7,424.1],[1283.2,421.2],[1286.1,420.6],[1295.1,421.3],[1294.4,420.3],[1296.0,417.5],[1293.4,415.1],[1292.3,411.4],[1291.7,401.9],[1292.2,400.6],[1291.2,397.8],[1287.7,395.0],[1284.2,394.9],[1283.4,392.5],[1281.1,394.2],[1272.1,394.4],[1268.4,392.5],[1266.0,388.6],[1262.5,389.4],[1258.2,399.4],[1254.8,404.5],[1251.8,406.8],[1243.1,410.9],[1236.9,417.0],[1235.7,421.5],[1232.0,427.8],[1231.0,433.7],[1232.9,436.6],[1231.2,440.9],[1225.6,447.7],[1217.4,454.4],[1213.8,455.9],[1207.3,457.3]]]},"type":"Feature","properties":{"status":"normal","iso2":"MA","name":"Morocco","id":"Morocco"}},{"geometry":{"type":"MultiPolygon","coordinates":[[[[1212.7,488.3],[1213.5,474.3],[1213.3,474.3],[1212.7,488.3]]],[[[1175.3,509.5],[1173.5,516.7],[1173.9,519.3],[1174.8,513.4],[1190.9,513.4],[1192.4,509.8],[1195.4,505.9],[1198.4,494.3],[1202.8,491.5],[1205.2,487.6],[1209.7,484.0],[1212.5,474.1],[1215.7,472.8],[1218.8,468.0],[1218.5,465.9],[1223.0,464.8],[1226.6,466.2],[1230.0,466.3],[1232.8,464.3],[1237.2,464.0],[1237.4,460.0],[1238.7,460.0],[1238.5,467.1],[1238.8,459.4],[1205.3,459.6],[1201.9,467.2],[1195.0,473.3],[1190.8,485.3],[1183.4,493.2],[1183.0,494.0],[1184.2,492.7],[1184.0,494.7],[1181.4,498.7],[1179.2,504.6],[1176.0,507.8],[1175.3,509.5]]],[[[1205.7,499.4],[1212.0,496.3],[1205.8,499.2],[1205.7,499.4]]],[[[1204.4,513.5],[1204.2,504.7],[1204.2,514.0],[1204.4,513.5]]],[[[1177.1,514.3],[1176.4,514.3],[1203.9,514.2],[1177.1,514.3]]]]},"type":"Feature","properties":{"status":"nogroup","iso2":"EH","name":"Western Sahara","id":"Western Sahara"}},{"geometry":{"type":"Polygon","coordinates":[[[1204.1,514.2],[1204.6,500.7],[1207.3,498.1],[1212.4,496.1],[1213.3,474.3],[1238.4,474.2],[1238.7,460.0],[1237.4,460.0],[1237.2,464.0],[1232.8,464.3],[1230.0,466.3],[1226.6,466.2],[1223.0,464.8],[1218.5,465.9],[1218.8,468.0],[1215.7,472.8],[1212.5,474.1],[1209.7,484.0],[1205.2,487.6],[1202.8,491.5],[1198.4,494.3],[1195.4,505.9],[1192.4,509.8],[1190.9,513.4],[1175.3,513.2],[1174.4,513.5],[1174.1,516.8],[1175.0,514.8],[1176.3,514.4],[1204.1,514.2]]]},"type":"Feature","properties":{"status":"nogroup","iso2":"EH","name":"Sahrawi Arab Democratic Republic","id":"Sahrawi Arab Democratic Republic"}},{"geometry":{"type":"Polygon","coordinates":[[[1212.8,639.0],[1214.7,641.4],[1218.3,643.6],[1218.8,644.8],[1222.9,647.2],[1230.1,654.9],[1236.7,659.0],[1242.9,661.0],[1242.3,658.3],[1243.9,652.1],[1243.6,649.4],[1240.9,646.7],[1240.1,644.7],[1236.8,644.2],[1236.4,643.2],[1234.8,642.6],[1236.6,640.7],[1237.2,638.0],[1235.3,632.6],[1234.3,632.5],[1233.0,635.4],[1230.9,636.7],[1230.1,635.2],[1228.1,635.3],[1228.7,630.2],[1228.2,626.7],[1226.9,625.5],[1221.9,625.6],[1221.9,627.2],[1219.7,629.3],[1219.1,632.0],[1214.6,636.3],[1213.5,638.4],[1212.8,639.0]]]},"type":"Feature","properties":{"status":"nogroup","iso2":"LR","name":"Liberia","id":"Liberia"}},{"geometry":{"type":"Polygon","coordinates":[[[1423.9,679.8],[1425.8,675.4],[1426.4,670.3],[1427.3,668.8],[1433.6,667.2],[1437.2,668.4],[1441.2,668.1],[1442.3,668.9],[1441.9,661.6],[1443.4,660.7],[1446.3,656.3],[1448.8,654.7],[1450.3,654.7],[1454.3,657.1],[1457.2,660.7],[1460.2,660.7],[1461.9,661.8],[1470.6,663.3],[1472.1,662.5],[1474.9,657.4],[1476.1,657.5],[1478.6,659.2],[1484.8,656.6],[1486.5,654.9],[1488.9,656.4],[1492.6,655.6],[1494.4,652.8],[1497.1,653.9],[1499.5,653.9],[1502.3,655.3],[1507.2,654.2],[1509.7,655.6],[1507.6,649.5],[1502.7,646.4],[1501.0,643.4],[1501.3,641.5],[1498.5,638.1],[1492.8,634.5],[1492.5,631.1],[1489.2,628.2],[1485.1,627.2],[1484.5,624.1],[1479.3,623.3],[1479.9,621.3],[1479.0,621.3],[1479.0,620.7],[1480.6,617.6],[1479.7,611.6],[1473.8,604.3],[1471.1,603.9],[1466.0,606.8],[1464.9,610.5],[1456.6,619.1],[1452.8,620.6],[1444.5,621.8],[1444.2,622.7],[1445.8,624.3],[1441.8,629.4],[1434.0,630.3],[1428.4,633.7],[1426.5,630.8],[1424.7,632.7],[1418.7,633.8],[1417.2,635.3],[1412.9,643.9],[1410.2,646.7],[1411.6,648.2],[1411.3,653.1],[1412.2,654.6],[1412.7,658.6],[1416.1,664.0],[1415.5,664.8],[1416.0,666.0],[1419.7,671.0],[1422.7,673.2],[1423.9,679.8]]]},"type":"Feature","properties":{"status":"nogroup","iso2":"CF","name":"Central African Republic","id":"Central African Republic"}},{"geometry":{"type":"Polygon","coordinates":[[[1423.0,279.6],[1423.5,283.1],[1424.8,284.7],[1428.7,286.9],[1432.6,287.0],[1436.1,286.4],[1435.7,285.3],[1439.5,284.4],[1440.5,283.0],[1442.9,283.8],[1445.4,283.3],[1447.7,280.1],[1453.2,280.3],[1455.9,281.9],[1457.9,281.5],[1460.3,275.7],[1453.7,272.9],[1446.2,273.0],[1442.8,274.5],[1439.2,271.6],[1436.3,273.2],[1435.5,272.4],[1433.0,273.1],[1429.6,276.7],[1423.5,278.7],[1423.0,279.6]]]},"type":"Feature","properties":{"status":"nogroup","iso2":"SK","name":"Slovakia","id":"Slovakia"}},{"geometry":{"type":"Polygon","coordinates":[[[1446.4,217.9],[1447.1,221.2],[1449.6,224.9],[1451.2,224.3],[1454.6,225.8],[1459.3,226.1],[1461.0,227.4],[1460.6,229.9],[1461.1,232.1],[1464.1,235.6],[1469.2,235.7],[1475.2,232.7],[1476.3,232.9],[1476.4,233.7],[1477.5,233.6],[1477.7,232.6],[1476.2,232.0],[1477.9,228.1],[1480.4,225.7],[1482.3,225.5],[1483.4,224.3],[1481.7,223.3],[1481.8,221.0],[1475.9,217.7],[1472.3,216.9],[1470.2,215.1],[1466.5,216.1],[1453.0,215.4],[1448.9,216.3],[1447.1,217.8],[1446.4,217.9]]]},"type":"Feature","properties":{"status":"normal","iso2":"LT","name":"Lithuania","id":"Lithuania"}},{"geometry":{"type":"Polygon","coordinates":[[[1491.5,853.1],[1491.8,855.4],[1495.2,860.7],[1498.2,867.9],[1501.2,870.7],[1505.6,873.0],[1506.1,876.3],[1509.3,876.7],[1509.2,881.0],[1511.6,885.7],[1518.2,887.2],[1518.9,887.9],[1518.9,889.5],[1521.2,890.8],[1528.8,892.2],[1533.6,892.2],[1535.5,893.3],[1542.9,884.8],[1544.9,883.6],[1544.4,882.3],[1545.1,877.6],[1547.1,875.7],[1549.0,871.5],[1548.9,869.0],[1548.2,869.3],[1547.6,867.0],[1548.4,864.2],[1547.2,863.1],[1549.0,861.2],[1549.9,858.0],[1549.3,846.0],[1549.9,843.5],[1548.5,843.5],[1547.1,842.1],[1543.7,841.2],[1536.8,837.9],[1531.4,837.1],[1530.7,834.2],[1525.6,834.2],[1520.0,836.9],[1518.0,841.7],[1510.8,846.0],[1503.8,854.9],[1502.1,855.2],[1499.0,853.9],[1496.6,854.7],[1494.9,853.1],[1493.1,853.4],[1491.5,853.1]]]},"type":"Feature","properties":{"status":"nogroup","iso2":"ZW","name":"Zimbabwe","id":"Zimbabwe"}},{"geometry":{"type":"Polygon","coordinates":[[[2051.9,522.9],[2052.1,523.6],[2053.7,522.8],[2055.6,524.9],[2055.0,528.2],[2056.1,529.9],[2058.1,530.3],[2060.3,529.4],[2061.4,530.1],[2062.6,534.3],[2062.6,537.6],[2061.7,539.1],[2062.5,542.8],[2061.6,546.3],[2062.4,547.5],[2063.6,547.6],[2066.6,544.6],[2067.3,542.7],[2068.2,542.8],[2069.4,541.5],[2074.5,544.3],[2076.9,543.2],[2078.4,540.8],[2078.1,540.0],[2079.1,539.8],[2083.8,540.9],[2089.8,547.3],[2091.8,556.5],[2093.9,558.8],[2097.1,560.6],[2096.7,561.6],[2099.1,563.8],[2098.2,566.2],[2099.0,566.3],[2098.3,568.1],[2099.2,569.7],[2099.2,572.7],[2097.2,575.0],[2097.8,576.4],[2103.7,578.4],[2104.5,577.3],[2103.3,575.2],[2105.0,573.8],[2106.9,572.9],[2110.3,574.6],[2114.0,572.6],[2114.6,571.1],[2113.9,569.4],[2114.8,566.8],[2110.6,562.5],[2112.5,560.3],[2107.6,556.6],[2106.1,556.5],[2103.2,550.5],[2098.7,546.7],[2095.5,542.1],[2093.1,540.5],[2092.1,538.7],[2092.3,537.4],[2088.4,536.1],[2082.0,531.9],[2083.2,530.6],[2082.3,528.7],[2086.6,528.8],[2089.1,525.6],[2088.5,524.4],[2084.1,522.1],[2085.4,520.9],[2084.8,519.6],[2081.6,517.7],[2079.9,518.3],[2078.9,520.2],[2074.4,518.4],[2072.1,515.5],[2071.6,511.3],[2070.5,510.2],[2070.4,511.4],[2069.8,511.3],[2064.7,505.1],[2061.7,504.3],[2060.7,506.6],[2063.4,512.0],[2063.0,513.5],[2063.8,515.6],[2059.9,515.3],[2058.3,512.3],[2055.6,515.1],[2054.7,517.9],[2055.2,518.6],[2053.1,519.2],[2052.2,520.7],[2051.9,522.9]]]},"type":"Feature","properties":{"status":"normal","iso2":"LA","name":"Lao People's Democratic Republic","id":"Lao People's Democratic Republic"}},{"geometry":{"type":"Polygon","coordinates":[[[2181.2,352.2],[2182.2,352.9],[2181.8,353.8],[2185.1,356.5],[2185.3,355.1],[2188.9,357.0],[2190.9,356.8],[2191.8,359.2],[2191.7,363.3],[2196.0,365.0],[2193.5,364.5],[2191.5,365.2],[2192.6,368.7],[2191.4,369.4],[2194.8,369.7],[2195.3,370.0],[2194.5,369.9],[2194.1,370.9],[2196.8,371.9],[2197.6,371.3],[2197.5,373.1],[2199.3,370.9],[2197.9,370.1],[2203.0,372.5],[2203.1,371.6],[2206.1,371.8],[2208.3,368.0],[2214.6,367.5],[2215.4,366.2],[2214.9,364.6],[2211.4,362.1],[2206.1,359.9],[2206.2,357.5],[2204.9,355.4],[2207.1,353.3],[2209.8,352.3],[2212.7,348.9],[2213.0,347.1],[2215.2,345.6],[2215.0,343.9],[2211.8,338.7],[2213.7,333.5],[2215.8,333.4],[2209.4,328.2],[2206.8,327.7],[2208.1,331.9],[2205.5,332.7],[2205.0,335.2],[2198.8,336.0],[2202.3,339.3],[2202.4,340.7],[2197.2,340.5],[2191.6,337.8],[2190.1,339.2],[2189.3,345.0],[2187.4,345.6],[2181.8,350.9],[2181.2,352.2]]]},"type":"Feature","properties":{"status":"normal","iso2":"KP","name":"Democratic People's Republic of Korea","id":"Democratic People's Republic of Korea"}},{"geometry":{"type":"Polygon","coordinates":[[[1672.6,338.1],[1676.2,342.8],[1674.3,336.3],[1677.6,334.1],[1680.5,333.9],[1683.7,339.4],[1689.2,343.1],[1688.7,343.1],[1689.2,344.2],[1688.5,345.1],[1686.0,344.7],[1687.4,346.4],[1684.9,346.1],[1683.0,347.0],[1681.4,344.5],[1680.9,345.9],[1680.0,345.0],[1678.2,345.6],[1676.2,343.2],[1677.2,344.9],[1677.3,352.5],[1678.6,353.5],[1678.5,352.8],[1682.6,353.5],[1683.0,355.7],[1684.4,356.8],[1681.9,356.6],[1682.1,355.7],[1681.1,357.0],[1681.3,358.7],[1683.3,358.8],[1687.6,362.6],[1688.2,371.7],[1689.1,374.8],[1690.2,375.9],[1694.8,375.0],[1695.6,372.6],[1699.8,369.6],[1705.6,369.6],[1705.6,368.6],[1706.7,368.2],[1711.8,368.4],[1714.2,370.8],[1720.9,373.2],[1727.0,374.1],[1729.9,377.1],[1733.6,378.6],[1736.8,381.8],[1742.2,381.9],[1743.5,385.7],[1743.4,387.7],[1745.0,391.0],[1748.3,392.6],[1751.2,392.8],[1752.9,394.9],[1758.0,392.1],[1758.8,390.2],[1757.7,388.7],[1761.6,388.1],[1766.7,385.2],[1768.3,377.4],[1772.4,376.8],[1773.8,374.3],[1777.4,375.9],[1779.9,375.7],[1779.0,370.2],[1770.3,367.6],[1748.2,354.9],[1745.9,353.0],[1738.8,342.8],[1736.8,341.9],[1735.0,343.0],[1727.4,341.5],[1725.8,338.0],[1726.6,337.7],[1724.8,336.1],[1724.2,333.8],[1719.6,333.1],[1718.4,331.7],[1714.3,329.6],[1710.9,330.6],[1713.9,333.4],[1710.2,331.6],[1709.4,333.9],[1706.3,334.5],[1704.6,336.2],[1704.2,337.7],[1705.8,341.4],[1705.3,342.1],[1694.4,341.5],[1687.9,335.3],[1682.7,333.4],[1677.0,334.1],[1673.3,337.0],[1672.6,338.1]]]},"type":"Feature","properties":{"status":"normal","iso2":"TM","name":"Turkmenistan","id":"Turkmenistan"}},{"geometry":{"type":"Polygon","coordinates":[[[1306.6,606.3],[1307.0,609.4],[1310.7,612.7],[1311.0,617.3],[1312.8,621.9],[1313.0,636.7],[1312.1,638.5],[1314.0,644.7],[1312.7,645.2],[1321.0,643.9],[1321.8,634.4],[1321.0,630.7],[1321.2,623.1],[1321.9,620.8],[1324.4,619.8],[1324.8,616.9],[1328.5,612.0],[1328.2,609.4],[1329.9,607.9],[1328.9,603.1],[1327.3,600.4],[1327.9,597.6],[1323.8,592.9],[1321.9,591.8],[1318.9,593.0],[1319.0,595.9],[1317.7,598.5],[1314.4,600.1],[1311.1,600.1],[1307.5,603.9],[1306.6,606.3]]]},"type":"Feature","properties":{"status":"nogroup","iso2":"BJ","name":"Benin","id":"Benin"}},{"geometry":{"type":"Polygon","coordinates":[[[1399.6,299.4],[1401.5,300.3],[1400.6,302.0],[1402.9,304.5],[1401.0,306.2],[1405.7,306.2],[1407.7,304.6],[1412.3,306.6],[1413.3,304.8],[1412.2,304.3],[1415.3,302.7],[1414.9,300.3],[1418.1,298.4],[1419.3,298.6],[1419.1,297.5],[1421.3,297.7],[1418.2,294.3],[1417.3,295.0],[1417.4,296.2],[1410.8,296.3],[1407.5,298.5],[1400.9,297.4],[1399.6,299.4]]]},"type":"Feature","properties":{"status":"normal","iso2":"SI","name":"Slovenia","id":"Slovenia"}},{"geometry":{"type":"Polygon","coordinates":[[[1893.0,446.3],[1892.0,448.8],[1894.2,451.0],[1895.3,451.4],[1895.7,450.8],[1905.8,457.3],[1913.0,459.4],[1914.3,460.9],[1917.1,462.0],[1919.9,461.3],[1922.2,462.3],[1923.1,461.4],[1926.2,462.1],[1928.2,463.1],[1929.4,465.2],[1933.6,467.6],[1936.2,467.0],[1937.9,468.7],[1940.2,468.6],[1944.7,470.1],[1947.1,469.1],[1948.8,470.7],[1953.8,470.5],[1954.8,469.5],[1954.8,467.4],[1953.1,463.6],[1953.0,457.8],[1946.3,457.8],[1941.9,455.9],[1940.2,457.2],[1938.1,455.3],[1937.4,457.4],[1934.3,453.8],[1932.7,454.3],[1930.4,453.8],[1929.7,451.4],[1927.6,451.6],[1924.7,450.3],[1920.4,445.8],[1917.2,446.3],[1914.3,443.2],[1909.8,441.0],[1903.1,436.2],[1901.1,435.7],[1899.5,436.5],[1898.6,438.7],[1896.9,437.7],[1895.9,438.1],[1892.8,443.6],[1893.0,445.7],[1893.0,446.3]]]},"type":"Feature","properties":{"status":"nogroup","iso2":"NP","name":"Nepal","id":"Nepal"}},{"geometry":{"type":"Polygon","coordinates":[[[1691.3,310.3],[1698.2,341.9],[1705.6,342.0],[1704.3,337.8],[1704.8,336.2],[1706.2,334.6],[1709.3,334.0],[1710.3,331.7],[1713.8,333.4],[1711.0,330.6],[1714.3,329.6],[1719.4,333.1],[1724.0,333.8],[1724.8,336.1],[1726.5,337.6],[1725.8,338.0],[1727.2,341.5],[1734.9,343.0],[1736.6,341.9],[1739.1,343.1],[1745.8,352.9],[1748.5,355.1],[1770.2,367.6],[1778.8,370.2],[1779.9,375.8],[1782.6,375.7],[1785.0,377.1],[1787.9,376.9],[1789.3,377.9],[1788.6,374.6],[1790.8,370.7],[1790.8,368.7],[1788.9,366.5],[1787.9,362.1],[1784.8,361.5],[1781.7,359.2],[1783.0,356.4],[1788.1,357.0],[1789.6,356.5],[1789.8,354.4],[1790.7,353.3],[1790.3,352.4],[1791.3,352.4],[1788.8,351.7],[1793.6,351.3],[1792.4,347.9],[1792.9,346.5],[1796.4,347.2],[1799.8,344.1],[1802.4,347.1],[1800.5,349.3],[1802.8,351.2],[1807.3,350.4],[1811.0,351.5],[1812.6,350.9],[1812.4,350.0],[1815.1,349.5],[1814.6,347.9],[1816.6,348.3],[1818.9,346.1],[1813.4,344.2],[1812.1,344.4],[1811.7,343.3],[1807.0,339.7],[1807.2,341.4],[1806.2,342.1],[1806.2,343.4],[1802.2,342.4],[1800.7,340.6],[1796.8,340.0],[1798.1,337.8],[1802.9,334.1],[1801.2,333.7],[1797.0,335.3],[1795.2,337.6],[1789.7,340.9],[1789.5,342.6],[1787.0,345.4],[1788.0,347.8],[1785.2,347.3],[1783.9,346.5],[1783.4,344.1],[1782.1,342.9],[1775.4,343.4],[1773.2,342.7],[1770.3,336.6],[1767.5,335.8],[1766.4,334.5],[1765.3,327.6],[1762.9,327.5],[1755.5,321.2],[1751.3,322.7],[1742.6,322.0],[1735.8,322.9],[1725.6,314.0],[1716.2,309.2],[1716.2,311.2],[1713.8,313.9],[1712.7,312.7],[1714.6,308.8],[1709.5,306.0],[1710.3,309.1],[1709.5,311.5],[1710.6,315.1],[1709.1,316.0],[1707.1,311.4],[1707.9,305.5],[1691.3,310.3]]]},"type":"Feature","properties":{"status":"nogroup","iso2":"UZ","name":"Uzbekistan","id":"Uzbekistan"}},{"geometry":{"type":"Polygon","coordinates":[[[1895.3,275.0],[1896.3,276.4],[1895.9,277.4],[1898.2,278.7],[1898.8,280.2],[1901.5,281.1],[1906.7,284.5],[1910.7,284.9],[1913.3,286.3],[1914.3,285.7],[1917.9,288.1],[1925.8,296.7],[1927.4,301.3],[1926.7,305.0],[1928.9,307.7],[1932.4,309.0],[1948.1,310.6],[1959.3,315.9],[1963.1,316.5],[1970.7,325.0],[1975.9,329.4],[1982.3,329.2],[1996.4,330.9],[2002.0,330.0],[2011.8,331.1],[2018.2,334.6],[2029.1,337.3],[2034.3,337.4],[2037.4,338.9],[2039.7,339.0],[2044.0,336.1],[2050.0,333.6],[2057.6,332.2],[2066.6,332.1],[2072.0,329.7],[2074.6,324.9],[2079.4,321.1],[2078.2,319.4],[2073.2,315.4],[2072.8,311.4],[2074.2,309.7],[2076.5,309.5],[2081.5,311.6],[2086.7,312.3],[2089.5,310.0],[2091.1,306.8],[2096.5,306.7],[2099.7,304.5],[2100.3,303.6],[2099.7,300.8],[2101.0,298.8],[2104.3,298.6],[2105.3,296.9],[2107.5,297.0],[2110.4,295.7],[2114.0,295.5],[2118.4,296.5],[2120.7,295.5],[2116.3,291.0],[2105.0,284.8],[2101.8,284.6],[2098.8,287.1],[2094.5,286.0],[2091.2,286.1],[2089.1,287.2],[2087.2,286.2],[2085.3,284.2],[2086.1,282.5],[2084.8,269.4],[2082.4,268.1],[2076.6,268.9],[2070.8,266.1],[2068.0,265.8],[2063.1,268.0],[2060.4,271.9],[2051.3,273.3],[2048.5,274.9],[2033.5,273.4],[2028.7,271.3],[2025.6,268.5],[2020.5,267.6],[2015.7,265.0],[2006.9,264.2],[1999.6,266.2],[1994.3,266.4],[1986.7,263.2],[1982.1,257.3],[1980.0,255.8],[1965.3,253.3],[1956.5,250.2],[1956.7,252.4],[1954.9,254.0],[1955.1,255.8],[1954.1,256.1],[1954.0,258.0],[1955.0,260.1],[1959.9,264.2],[1960.3,266.2],[1959.9,267.9],[1956.7,270.0],[1947.3,268.0],[1942.3,268.4],[1939.3,267.8],[1936.1,266.6],[1932.2,263.2],[1924.8,262.9],[1923.2,261.4],[1921.5,262.2],[1918.9,260.8],[1918.6,261.9],[1915.7,262.5],[1914.3,263.9],[1904.6,268.8],[1905.8,270.4],[1902.7,271.3],[1903.0,272.1],[1897.3,272.2],[1895.9,275.0],[1895.3,275.0]]]},"type":"Feature","properties":{"status":"normal","iso2":"MN","name":"Mongolia","id":"Mongolia"}},{"geometry":{"type":"Polygon","coordinates":[[[1958.7,464.2],[1960.8,466.4],[1966.8,468.1],[1970.9,466.6],[1975.9,467.4],[1983.7,466.3],[1982.8,462.2],[1979.7,461.0],[1978.5,457.1],[1976.1,456.3],[1974.4,457.1],[1969.5,456.3],[1968.9,454.7],[1967.1,454.2],[1965.1,454.6],[1963.2,456.1],[1958.8,463.5],[1958.7,464.2]]]},"type":"Feature","properties":{"status":"nogroup","iso2":"BT","name":"Bhutan","id":"Bhutan"}},{"geometry":{"type":"Polygon","coordinates":[[[1393.5,336.0],[1393.1,336.6],[1393.5,336.8],[1394.0,336.4],[1393.5,336.0]]]},"type":"Feature","properties":{"status":"normal","iso2":"VA","name":"Vatican City","id":"Vatican City"}},{"geometry":{"type":"MultiPolygon","coordinates":[[[[918.6,1140.7],[919.4,1140.8],[920.3,1140.6],[918.0,1140.3],[918.6,1140.7]]],[[[915.2,1140.8],[916.5,1141.5],[916.0,1140.8],[915.2,1140.8]]],[[[914.5,1147.4],[916.3,1148.4],[917.7,1147.3],[917.7,1146.4],[919.9,1145.7],[922.0,1141.5],[921.1,1141.2],[920.9,1142.0],[917.7,1141.4],[916.6,1142.3],[912.9,1141.4],[917.7,1144.0],[914.2,1144.3],[917.2,1144.7],[916.5,1145.4],[915.9,1144.6],[915.6,1146.0],[916.4,1145.8],[915.9,1146.4],[912.8,1147.0],[915.0,1147.9],[914.4,1147.4],[914.5,1147.4]]],[[[924.4,1149.1],[923.9,1147.6],[926.2,1148.4],[924.5,1146.7],[928.2,1147.0],[925.7,1145.1],[929.8,1145.4],[929.8,1144.5],[933.1,1144.0],[930.0,1142.7],[932.3,1142.6],[928.6,1141.6],[928.3,1142.4],[929.8,1143.3],[927.8,1142.3],[928.3,1141.8],[927.2,1141.0],[923.9,1140.7],[923.4,1142.1],[924.2,1143.1],[923.4,1142.6],[924.8,1144.5],[923.0,1144.5],[921.5,1147.5],[923.5,1148.9],[924.4,1149.1]]],[[[912.6,1145.2],[911.5,1145.0],[912.6,1146.2],[912.8,1145.3],[912.6,1145.2]]],[[[921.9,1148.2],[921.6,1148.0],[921.1,1147.9],[921.7,1148.6],[921.9,1148.2]]]]},"type":"Feature","properties":{"status":"normal","iso2":"FK","name":"Falkland Islands","id":"Falkland Islands"}},{"geometry":{"type":"MultiPolygon","coordinates":[[[[1562.3,426.4],[1562.5,418.9],[1560.0,417.5],[1558.8,418.5],[1558.2,422.2],[1558.6,423.7],[1560.3,423.9],[1558.4,427.3],[1561.8,426.9],[1562.3,426.4]]],[[[1554.4,426.8],[1553.3,428.0],[1553.8,428.9],[1555.1,425.7],[1554.4,426.8]]]]},"type":"Feature","properties":{"status":"nogroup","iso2":"PS","name":"Palestine","id":"Palestine"}}]}